ISO-10303-21;
HEADER;
/* Generated by software containing ST-Developer
 * from STEP Tools, Inc. (www.steptools.com) 
 */
/* OPTION: using custom renumber hook */

FILE_DESCRIPTION(
/* description */ ('STEP AP242 Edition 2',
'CAx-IF Rec.Pracs.---Representation and Presentation of Product Manufa
cturing Information (PMI)---4.0---2014-10-13',
'CAx-IF Rec.Pracs.---3D Tessellated Geometry---0.4---2014-09-14','2;1',
'CAx-IF Rec.Pracs.---User Defined Attributes---1.5---2016-08-15'),
/* implementation_level */ '2;1');

FILE_NAME(
/* name */ 'Part Studio 1',
/* time_stamp */ '2026-09-20T06:04:04Z',
/* author */ (''),
/* organization */ (''),
/* preprocessor_version */ 'ST-DEVELOPER v20',
/* originating_system */ 'ONSHAPE BY PTC INC, 1.221',
/* authorisation */ '  ');

FILE_SCHEMA (('AP242_MANAGED_MODEL_BASED_3D_ENGINEERING_MIM_LF { 1 0 10303 442 3 1 4 }'));
ENDSEC;

DATA;
#10=SHAPE_REPRESENTATION_RELATIONSHIP('','',#4707,#11);
#11=ADVANCED_BREP_SHAPE_REPRESENTATION('',(#4705),#8295);
#12=B_SPLINE_SURFACE_WITH_KNOTS('',3,1,((#6492,#6493),(#6494,#6495),(#6496,
#6497),(#6498,#6499)),.SURF_OF_LINEAR_EXTRUSION.,.F.,.F.,.F.,(4,4),(2,2),
(0.,1.),(0.,1.),.PIECEWISE_BEZIER_KNOTS.);
#13=B_SPLINE_SURFACE_WITH_KNOTS('',3,1,((#6507,#6508),(#6509,#6510),(#6511,
#6512),(#6513,#6514)),.SURF_OF_LINEAR_EXTRUSION.,.F.,.F.,.F.,(4,4),(2,2),
(0.,1.),(0.,1.),.PIECEWISE_BEZIER_KNOTS.);
#14=B_SPLINE_SURFACE_WITH_KNOTS('',3,1,((#6524,#6525),(#6526,#6527),(#6528,
#6529),(#6530,#6531)),.SURF_OF_LINEAR_EXTRUSION.,.F.,.F.,.F.,(4,4),(2,2),
(0.,1.),(0.,1.),.PIECEWISE_BEZIER_KNOTS.);
#15=B_SPLINE_SURFACE_WITH_KNOTS('',3,1,((#6537,#6538),(#6539,#6540),(#6541,
#6542),(#6543,#6544)),.SURF_OF_LINEAR_EXTRUSION.,.F.,.F.,.F.,(4,4),(2,2),
(0.,1.),(0.,1.),.PIECEWISE_BEZIER_KNOTS.);
#16=B_SPLINE_SURFACE_WITH_KNOTS('',3,1,((#6550,#6551),(#6552,#6553),(#6554,
#6555),(#6556,#6557)),.SURF_OF_LINEAR_EXTRUSION.,.F.,.F.,.F.,(4,4),(2,2),
(0.,1.),(0.,1.),.PIECEWISE_BEZIER_KNOTS.);
#17=B_SPLINE_SURFACE_WITH_KNOTS('',3,1,((#6567,#6568),(#6569,#6570),(#6571,
#6572),(#6573,#6574)),.SURF_OF_LINEAR_EXTRUSION.,.F.,.F.,.F.,(4,4),(2,2),
(0.,1.),(0.,1.),.PIECEWISE_BEZIER_KNOTS.);
#18=B_SPLINE_SURFACE_WITH_KNOTS('',3,1,((#6580,#6581),(#6582,#6583),(#6584,
#6585),(#6586,#6587)),.SURF_OF_LINEAR_EXTRUSION.,.F.,.F.,.F.,(4,4),(2,2),
(0.,1.),(0.,1.),.PIECEWISE_BEZIER_KNOTS.);
#19=B_SPLINE_SURFACE_WITH_KNOTS('',3,1,((#6593,#6594),(#6595,#6596),(#6597,
#6598),(#6599,#6600)),.SURF_OF_LINEAR_EXTRUSION.,.F.,.F.,.F.,(4,4),(2,2),
(0.,1.),(0.,1.),.PIECEWISE_BEZIER_KNOTS.);
#20=B_SPLINE_SURFACE_WITH_KNOTS('',3,1,((#6606,#6607),(#6608,#6609),(#6610,
#6611),(#6612,#6613)),.SURF_OF_LINEAR_EXTRUSION.,.F.,.F.,.F.,(4,4),(2,2),
(0.,1.),(0.,1.),.PIECEWISE_BEZIER_KNOTS.);
#21=B_SPLINE_SURFACE_WITH_KNOTS('',3,1,((#6619,#6620),(#6621,#6622),(#6623,
#6624),(#6625,#6626)),.SURF_OF_LINEAR_EXTRUSION.,.F.,.F.,.F.,(4,4),(2,2),
(0.,1.),(0.,1.),.PIECEWISE_BEZIER_KNOTS.);
#22=B_SPLINE_SURFACE_WITH_KNOTS('',3,1,((#6632,#6633),(#6634,#6635),(#6636,
#6637),(#6638,#6639)),.SURF_OF_LINEAR_EXTRUSION.,.F.,.F.,.F.,(4,4),(2,2),
(0.,1.),(0.,1.),.PIECEWISE_BEZIER_KNOTS.);
#23=B_SPLINE_SURFACE_WITH_KNOTS('',3,1,((#6649,#6650),(#6651,#6652),(#6653,
#6654),(#6655,#6656)),.SURF_OF_LINEAR_EXTRUSION.,.F.,.F.,.F.,(4,4),(2,2),
(0.,1.),(0.,1.),.PIECEWISE_BEZIER_KNOTS.);
#24=B_SPLINE_SURFACE_WITH_KNOTS('',3,1,((#6662,#6663),(#6664,#6665),(#6666,
#6667),(#6668,#6669)),.SURF_OF_LINEAR_EXTRUSION.,.F.,.F.,.F.,(4,4),(2,2),
(0.,1.),(0.,1.),.PIECEWISE_BEZIER_KNOTS.);
#25=B_SPLINE_SURFACE_WITH_KNOTS('',3,1,((#6675,#6676),(#6677,#6678),(#6679,
#6680),(#6681,#6682)),.SURF_OF_LINEAR_EXTRUSION.,.F.,.F.,.F.,(4,4),(2,2),
(0.,1.),(0.,1.),.PIECEWISE_BEZIER_KNOTS.);
#26=B_SPLINE_SURFACE_WITH_KNOTS('',3,1,((#6691,#6692),(#6693,#6694),(#6695,
#6696),(#6697,#6698)),.SURF_OF_LINEAR_EXTRUSION.,.F.,.F.,.F.,(4,4),(2,2),
(0.,1.),(0.,1.),.PIECEWISE_BEZIER_KNOTS.);
#27=B_SPLINE_SURFACE_WITH_KNOTS('',3,1,((#6717,#6718),(#6719,#6720),(#6721,
#6722),(#6723,#6724)),.SURF_OF_LINEAR_EXTRUSION.,.F.,.F.,.F.,(4,4),(2,2),
(0.,1.),(0.,1.),.PIECEWISE_BEZIER_KNOTS.);
#28=B_SPLINE_SURFACE_WITH_KNOTS('',3,1,((#6734,#6735),(#6736,#6737),(#6738,
#6739),(#6740,#6741)),.SURF_OF_LINEAR_EXTRUSION.,.F.,.F.,.F.,(4,4),(2,2),
(0.,1.),(0.,1.),.PIECEWISE_BEZIER_KNOTS.);
#29=B_SPLINE_SURFACE_WITH_KNOTS('',3,1,((#6757,#6758),(#6759,#6760),(#6761,
#6762),(#6763,#6764)),.SURF_OF_LINEAR_EXTRUSION.,.F.,.F.,.F.,(4,4),(2,2),
(0.,1.),(0.,1.),.PIECEWISE_BEZIER_KNOTS.);
#30=B_SPLINE_SURFACE_WITH_KNOTS('',3,1,((#6774,#6775),(#6776,#6777),(#6778,
#6779),(#6780,#6781)),.SURF_OF_LINEAR_EXTRUSION.,.F.,.F.,.F.,(4,4),(2,2),
(0.,1.),(0.,1.),.PIECEWISE_BEZIER_KNOTS.);
#31=B_SPLINE_SURFACE_WITH_KNOTS('',3,1,((#6787,#6788),(#6789,#6790),(#6791,
#6792),(#6793,#6794)),.SURF_OF_LINEAR_EXTRUSION.,.F.,.F.,.F.,(4,4),(2,2),
(0.,1.),(0.,1.),.PIECEWISE_BEZIER_KNOTS.);
#32=B_SPLINE_SURFACE_WITH_KNOTS('',3,1,((#6804,#6805),(#6806,#6807),(#6808,
#6809),(#6810,#6811)),.SURF_OF_LINEAR_EXTRUSION.,.F.,.F.,.F.,(4,4),(2,2),
(0.,1.),(0.,1.),.PIECEWISE_BEZIER_KNOTS.);
#33=B_SPLINE_SURFACE_WITH_KNOTS('',3,1,((#6817,#6818),(#6819,#6820),(#6821,
#6822),(#6823,#6824)),.SURF_OF_LINEAR_EXTRUSION.,.F.,.F.,.F.,(4,4),(2,2),
(0.,1.),(0.,1.),.PIECEWISE_BEZIER_KNOTS.);
#34=B_SPLINE_SURFACE_WITH_KNOTS('',3,1,((#6834,#6835),(#6836,#6837),(#6838,
#6839),(#6840,#6841)),.SURF_OF_LINEAR_EXTRUSION.,.F.,.F.,.F.,(4,4),(2,2),
(0.,1.),(0.,1.),.PIECEWISE_BEZIER_KNOTS.);
#35=B_SPLINE_SURFACE_WITH_KNOTS('',3,1,((#6847,#6848),(#6849,#6850),(#6851,
#6852),(#6853,#6854)),.SURF_OF_LINEAR_EXTRUSION.,.F.,.F.,.F.,(4,4),(2,2),
(0.,1.),(0.,1.),.PIECEWISE_BEZIER_KNOTS.);
#36=B_SPLINE_SURFACE_WITH_KNOTS('',3,1,((#6872,#6873),(#6874,#6875),(#6876,
#6877),(#6878,#6879)),.SURF_OF_LINEAR_EXTRUSION.,.F.,.F.,.F.,(4,4),(2,2),
(0.,1.),(0.,1.),.PIECEWISE_BEZIER_KNOTS.);
#37=B_SPLINE_SURFACE_WITH_KNOTS('',3,1,((#6885,#6886),(#6887,#6888),(#6889,
#6890),(#6891,#6892)),.SURF_OF_LINEAR_EXTRUSION.,.F.,.F.,.F.,(4,4),(2,2),
(0.,1.),(0.,1.),.PIECEWISE_BEZIER_KNOTS.);
#38=B_SPLINE_SURFACE_WITH_KNOTS('',3,1,((#6898,#6899),(#6900,#6901),(#6902,
#6903),(#6904,#6905)),.SURF_OF_LINEAR_EXTRUSION.,.F.,.F.,.F.,(4,4),(2,2),
(0.,1.),(0.,1.),.PIECEWISE_BEZIER_KNOTS.);
#39=B_SPLINE_SURFACE_WITH_KNOTS('',3,1,((#6913,#6914),(#6915,#6916),(#6917,
#6918),(#6919,#6920)),.SURF_OF_LINEAR_EXTRUSION.,.F.,.F.,.F.,(4,4),(2,2),
(0.,1.),(0.,1.),.PIECEWISE_BEZIER_KNOTS.);
#40=B_SPLINE_SURFACE_WITH_KNOTS('',3,1,((#6928,#6929),(#6930,#6931),(#6932,
#6933),(#6934,#6935)),.SURF_OF_LINEAR_EXTRUSION.,.F.,.F.,.F.,(4,4),(2,2),
(0.,1.),(0.,1.),.PIECEWISE_BEZIER_KNOTS.);
#41=B_SPLINE_SURFACE_WITH_KNOTS('',3,1,((#6966,#6967),(#6968,#6969),(#6970,
#6971),(#6972,#6973)),.SURF_OF_LINEAR_EXTRUSION.,.F.,.F.,.F.,(4,4),(2,2),
(0.,1.),(0.,1.),.PIECEWISE_BEZIER_KNOTS.);
#42=B_SPLINE_SURFACE_WITH_KNOTS('',3,1,((#6983,#6984),(#6985,#6986),(#6987,
#6988),(#6989,#6990)),.SURF_OF_LINEAR_EXTRUSION.,.F.,.F.,.F.,(4,4),(2,2),
(0.,1.),(0.,1.),.PIECEWISE_BEZIER_KNOTS.);
#43=B_SPLINE_SURFACE_WITH_KNOTS('',3,1,((#7000,#7001),(#7002,#7003),(#7004,
#7005),(#7006,#7007)),.SURF_OF_LINEAR_EXTRUSION.,.F.,.F.,.F.,(4,4),(2,2),
(0.,1.),(0.,1.),.PIECEWISE_BEZIER_KNOTS.);
#44=B_SPLINE_SURFACE_WITH_KNOTS('',3,1,((#7027,#7028),(#7029,#7030),(#7031,
#7032),(#7033,#7034)),.SURF_OF_LINEAR_EXTRUSION.,.F.,.F.,.F.,(4,4),(2,2),
(0.,1.),(0.,1.),.PIECEWISE_BEZIER_KNOTS.);
#45=B_SPLINE_SURFACE_WITH_KNOTS('',3,1,((#7040,#7041),(#7042,#7043),(#7044,
#7045),(#7046,#7047)),.SURF_OF_LINEAR_EXTRUSION.,.F.,.F.,.F.,(4,4),(2,2),
(0.,1.),(0.,1.),.PIECEWISE_BEZIER_KNOTS.);
#46=B_SPLINE_SURFACE_WITH_KNOTS('',3,1,((#7053,#7054),(#7055,#7056),(#7057,
#7058),(#7059,#7060)),.SURF_OF_LINEAR_EXTRUSION.,.F.,.F.,.F.,(4,4),(2,2),
(0.,1.),(0.,1.),.PIECEWISE_BEZIER_KNOTS.);
#47=B_SPLINE_SURFACE_WITH_KNOTS('',3,1,((#7066,#7067),(#7068,#7069),(#7070,
#7071),(#7072,#7073)),.SURF_OF_LINEAR_EXTRUSION.,.F.,.F.,.F.,(4,4),(2,2),
(0.,1.),(0.,1.),.PIECEWISE_BEZIER_KNOTS.);
#48=B_SPLINE_SURFACE_WITH_KNOTS('',3,1,((#7079,#7080),(#7081,#7082),(#7083,
#7084),(#7085,#7086)),.SURF_OF_LINEAR_EXTRUSION.,.F.,.F.,.F.,(4,4),(2,2),
(0.,1.),(0.,1.),.PIECEWISE_BEZIER_KNOTS.);
#49=B_SPLINE_SURFACE_WITH_KNOTS('',3,1,((#7090,#7091),(#7092,#7093),(#7094,
#7095),(#7096,#7097)),.SURF_OF_LINEAR_EXTRUSION.,.F.,.F.,.F.,(4,4),(2,2),
(0.,1.),(0.,1.),.PIECEWISE_BEZIER_KNOTS.);
#50=B_SPLINE_SURFACE_WITH_KNOTS('',3,1,((#7105,#7106),(#7107,#7108),(#7109,
#7110),(#7111,#7112)),.SURF_OF_LINEAR_EXTRUSION.,.F.,.F.,.F.,(4,4),(2,2),
(0.,1.),(0.,1.),.PIECEWISE_BEZIER_KNOTS.);
#51=B_SPLINE_SURFACE_WITH_KNOTS('',3,1,((#7125,#7126),(#7127,#7128),(#7129,
#7130),(#7131,#7132)),.SURF_OF_LINEAR_EXTRUSION.,.F.,.F.,.F.,(4,4),(2,2),
(0.,1.),(0.,1.),.PIECEWISE_BEZIER_KNOTS.);
#52=B_SPLINE_SURFACE_WITH_KNOTS('',3,1,((#7154,#7155),(#7156,#7157),(#7158,
#7159),(#7160,#7161)),.SURF_OF_LINEAR_EXTRUSION.,.F.,.F.,.F.,(4,4),(2,2),
(0.,1.),(0.,1.),.PIECEWISE_BEZIER_KNOTS.);
#53=B_SPLINE_SURFACE_WITH_KNOTS('',3,1,((#7171,#7172),(#7173,#7174),(#7175,
#7176),(#7177,#7178)),.SURF_OF_LINEAR_EXTRUSION.,.F.,.F.,.F.,(4,4),(2,2),
(0.,1.),(0.,1.),.PIECEWISE_BEZIER_KNOTS.);
#54=B_SPLINE_SURFACE_WITH_KNOTS('',3,1,((#7194,#7195),(#7196,#7197),(#7198,
#7199),(#7200,#7201)),.SURF_OF_LINEAR_EXTRUSION.,.F.,.F.,.F.,(4,4),(2,2),
(0.,1.),(0.,1.),.PIECEWISE_BEZIER_KNOTS.);
#55=B_SPLINE_SURFACE_WITH_KNOTS('',3,1,((#7209,#7210),(#7211,#7212),(#7213,
#7214),(#7215,#7216)),.SURF_OF_LINEAR_EXTRUSION.,.F.,.F.,.F.,(4,4),(2,2),
(0.,1.),(0.,1.),.PIECEWISE_BEZIER_KNOTS.);
#56=B_SPLINE_SURFACE_WITH_KNOTS('',3,1,((#7222,#7223),(#7224,#7225),(#7226,
#7227),(#7228,#7229)),.SURF_OF_LINEAR_EXTRUSION.,.F.,.F.,.F.,(4,4),(2,2),
(0.,1.),(0.,1.),.PIECEWISE_BEZIER_KNOTS.);
#57=B_SPLINE_SURFACE_WITH_KNOTS('',3,1,((#7235,#7236),(#7237,#7238),(#7239,
#7240),(#7241,#7242)),.SURF_OF_LINEAR_EXTRUSION.,.F.,.F.,.F.,(4,4),(2,2),
(0.,1.),(0.,1.),.PIECEWISE_BEZIER_KNOTS.);
#58=B_SPLINE_SURFACE_WITH_KNOTS('',3,1,((#7248,#7249),(#7250,#7251),(#7252,
#7253),(#7254,#7255)),.SURF_OF_LINEAR_EXTRUSION.,.F.,.F.,.F.,(4,4),(2,2),
(0.,1.),(0.,1.),.PIECEWISE_BEZIER_KNOTS.);
#59=B_SPLINE_SURFACE_WITH_KNOTS('',3,1,((#7261,#7262),(#7263,#7264),(#7265,
#7266),(#7267,#7268)),.SURF_OF_LINEAR_EXTRUSION.,.F.,.F.,.F.,(4,4),(2,2),
(0.,1.),(0.,1.),.PIECEWISE_BEZIER_KNOTS.);
#60=B_SPLINE_SURFACE_WITH_KNOTS('',3,1,((#7294,#7295),(#7296,#7297),(#7298,
#7299),(#7300,#7301)),.SURF_OF_LINEAR_EXTRUSION.,.F.,.F.,.F.,(4,4),(2,2),
(0.,1.),(0.,1.),.PIECEWISE_BEZIER_KNOTS.);
#61=B_SPLINE_SURFACE_WITH_KNOTS('',3,1,((#7307,#7308),(#7309,#7310),(#7311,
#7312),(#7313,#7314)),.SURF_OF_LINEAR_EXTRUSION.,.F.,.F.,.F.,(4,4),(2,2),
(0.,1.),(0.,1.),.PIECEWISE_BEZIER_KNOTS.);
#62=B_SPLINE_SURFACE_WITH_KNOTS('',3,1,((#7320,#7321),(#7322,#7323),(#7324,
#7325),(#7326,#7327)),.SURF_OF_LINEAR_EXTRUSION.,.F.,.F.,.F.,(4,4),(2,2),
(0.,1.),(0.,1.),.PIECEWISE_BEZIER_KNOTS.);
#63=B_SPLINE_SURFACE_WITH_KNOTS('',3,1,((#7333,#7334),(#7335,#7336),(#7337,
#7338),(#7339,#7340)),.SURF_OF_LINEAR_EXTRUSION.,.F.,.F.,.F.,(4,4),(2,2),
(0.,1.),(0.,1.),.PIECEWISE_BEZIER_KNOTS.);
#64=B_SPLINE_SURFACE_WITH_KNOTS('',3,1,((#7348,#7349),(#7350,#7351),(#7352,
#7353),(#7354,#7355)),.SURF_OF_LINEAR_EXTRUSION.,.F.,.F.,.F.,(4,4),(2,2),
(0.,1.),(0.,1.),.PIECEWISE_BEZIER_KNOTS.);
#65=B_SPLINE_SURFACE_WITH_KNOTS('',3,1,((#7368,#7369),(#7370,#7371),(#7372,
#7373),(#7374,#7375)),.SURF_OF_LINEAR_EXTRUSION.,.F.,.F.,.F.,(4,4),(2,2),
(0.,1.),(0.,1.),.PIECEWISE_BEZIER_KNOTS.);
#66=B_SPLINE_SURFACE_WITH_KNOTS('',3,1,((#7397,#7398),(#7399,#7400),(#7401,
#7402),(#7403,#7404)),.SURF_OF_LINEAR_EXTRUSION.,.F.,.F.,.F.,(4,4),(2,2),
(0.,1.),(0.,1.),.PIECEWISE_BEZIER_KNOTS.);
#67=B_SPLINE_SURFACE_WITH_KNOTS('',3,1,((#7414,#7415),(#7416,#7417),(#7418,
#7419),(#7420,#7421)),.SURF_OF_LINEAR_EXTRUSION.,.F.,.F.,.F.,(4,4),(2,2),
(0.,1.),(0.,1.),.PIECEWISE_BEZIER_KNOTS.);
#68=B_SPLINE_SURFACE_WITH_KNOTS('',3,1,((#7437,#7438),(#7439,#7440),(#7441,
#7442),(#7443,#7444)),.SURF_OF_LINEAR_EXTRUSION.,.F.,.F.,.F.,(4,4),(2,2),
(0.,1.),(0.,1.),.PIECEWISE_BEZIER_KNOTS.);
#69=B_SPLINE_SURFACE_WITH_KNOTS('',3,1,((#7452,#7453),(#7454,#7455),(#7456,
#7457),(#7458,#7459)),.SURF_OF_LINEAR_EXTRUSION.,.F.,.F.,.F.,(4,4),(2,2),
(0.,1.),(0.,1.),.PIECEWISE_BEZIER_KNOTS.);
#70=B_SPLINE_SURFACE_WITH_KNOTS('',3,1,((#7465,#7466),(#7467,#7468),(#7469,
#7470),(#7471,#7472)),.SURF_OF_LINEAR_EXTRUSION.,.F.,.F.,.F.,(4,4),(2,2),
(0.,1.),(0.,1.),.PIECEWISE_BEZIER_KNOTS.);
#71=B_SPLINE_SURFACE_WITH_KNOTS('',3,1,((#7482,#7483),(#7484,#7485),(#7486,
#7487),(#7488,#7489)),.SURF_OF_LINEAR_EXTRUSION.,.F.,.F.,.F.,(4,4),(2,2),
(0.,1.),(0.,1.),.PIECEWISE_BEZIER_KNOTS.);
#72=B_SPLINE_SURFACE_WITH_KNOTS('',3,1,((#7495,#7496),(#7497,#7498),(#7499,
#7500),(#7501,#7502)),.SURF_OF_LINEAR_EXTRUSION.,.F.,.F.,.F.,(4,4),(2,2),
(0.,1.),(0.,1.),.PIECEWISE_BEZIER_KNOTS.);
#73=B_SPLINE_SURFACE_WITH_KNOTS('',3,1,((#7528,#7529),(#7530,#7531),(#7532,
#7533),(#7534,#7535)),.SURF_OF_LINEAR_EXTRUSION.,.F.,.F.,.F.,(4,4),(2,2),
(0.,1.),(0.,1.),.PIECEWISE_BEZIER_KNOTS.);
#74=B_SPLINE_SURFACE_WITH_KNOTS('',3,1,((#7541,#7542),(#7543,#7544),(#7545,
#7546),(#7547,#7548)),.SURF_OF_LINEAR_EXTRUSION.,.F.,.F.,.F.,(4,4),(2,2),
(0.,1.),(0.,1.),.PIECEWISE_BEZIER_KNOTS.);
#75=B_SPLINE_SURFACE_WITH_KNOTS('',3,1,((#7554,#7555),(#7556,#7557),(#7558,
#7559),(#7560,#7561)),.SURF_OF_LINEAR_EXTRUSION.,.F.,.F.,.F.,(4,4),(2,2),
(0.,1.),(0.,1.),.PIECEWISE_BEZIER_KNOTS.);
#76=B_SPLINE_SURFACE_WITH_KNOTS('',3,1,((#7567,#7568),(#7569,#7570),(#7571,
#7572),(#7573,#7574)),.SURF_OF_LINEAR_EXTRUSION.,.F.,.F.,.F.,(4,4),(2,2),
(0.,1.),(0.,1.),.PIECEWISE_BEZIER_KNOTS.);
#77=B_SPLINE_SURFACE_WITH_KNOTS('',3,1,((#7582,#7583),(#7584,#7585),(#7586,
#7587),(#7588,#7589)),.SURF_OF_LINEAR_EXTRUSION.,.F.,.F.,.F.,(4,4),(2,2),
(0.,1.),(0.,1.),.PIECEWISE_BEZIER_KNOTS.);
#78=B_SPLINE_SURFACE_WITH_KNOTS('',3,1,((#7620,#7621),(#7622,#7623),(#7624,
#7625),(#7626,#7627)),.SURF_OF_LINEAR_EXTRUSION.,.F.,.F.,.F.,(4,4),(2,2),
(0.,1.),(0.,1.),.PIECEWISE_BEZIER_KNOTS.);
#79=B_SPLINE_SURFACE_WITH_KNOTS('',3,1,((#7637,#7638),(#7639,#7640),(#7641,
#7642),(#7643,#7644)),.SURF_OF_LINEAR_EXTRUSION.,.F.,.F.,.F.,(4,4),(2,2),
(0.,1.),(0.,1.),.PIECEWISE_BEZIER_KNOTS.);
#80=B_SPLINE_SURFACE_WITH_KNOTS('',3,1,((#7660,#7661),(#7662,#7663),(#7664,
#7665),(#7666,#7667)),.SURF_OF_LINEAR_EXTRUSION.,.F.,.F.,.F.,(4,4),(2,2),
(0.,1.),(0.,1.),.PIECEWISE_BEZIER_KNOTS.);
#81=B_SPLINE_SURFACE_WITH_KNOTS('',3,1,((#7673,#7674),(#7675,#7676),(#7677,
#7678),(#7679,#7680)),.SURF_OF_LINEAR_EXTRUSION.,.F.,.F.,.F.,(4,4),(2,2),
(0.,1.),(0.,1.),.PIECEWISE_BEZIER_KNOTS.);
#82=B_SPLINE_SURFACE_WITH_KNOTS('',3,1,((#7686,#7687),(#7688,#7689),(#7690,
#7691),(#7692,#7693)),.SURF_OF_LINEAR_EXTRUSION.,.F.,.F.,.F.,(4,4),(2,2),
(0.,1.),(0.,1.),.PIECEWISE_BEZIER_KNOTS.);
#83=B_SPLINE_SURFACE_WITH_KNOTS('',3,1,((#7719,#7720),(#7721,#7722),(#7723,
#7724),(#7725,#7726)),.SURF_OF_LINEAR_EXTRUSION.,.F.,.F.,.F.,(4,4),(2,2),
(0.,1.),(0.,1.),.PIECEWISE_BEZIER_KNOTS.);
#84=B_SPLINE_SURFACE_WITH_KNOTS('',3,1,((#7732,#7733),(#7734,#7735),(#7736,
#7737),(#7738,#7739)),.SURF_OF_LINEAR_EXTRUSION.,.F.,.F.,.F.,(4,4),(2,2),
(0.,1.),(0.,1.),.PIECEWISE_BEZIER_KNOTS.);
#85=B_SPLINE_SURFACE_WITH_KNOTS('',3,1,((#7743,#7744),(#7745,#7746),(#7747,
#7748),(#7749,#7750)),.SURF_OF_LINEAR_EXTRUSION.,.F.,.F.,.F.,(4,4),(2,2),
(0.,1.),(0.,1.),.PIECEWISE_BEZIER_KNOTS.);
#86=B_SPLINE_SURFACE_WITH_KNOTS('',3,1,((#7803,#7804),(#7805,#7806),(#7807,
#7808),(#7809,#7810)),.SURF_OF_LINEAR_EXTRUSION.,.F.,.F.,.F.,(4,4),(2,2),
(0.,1.),(0.,1.),.PIECEWISE_BEZIER_KNOTS.);
#87=B_SPLINE_SURFACE_WITH_KNOTS('',3,1,((#7818,#7819),(#7820,#7821),(#7822,
#7823),(#7824,#7825)),.SURF_OF_LINEAR_EXTRUSION.,.F.,.F.,.F.,(4,4),(2,2),
(0.,1.),(0.,1.),.PIECEWISE_BEZIER_KNOTS.);
#88=B_SPLINE_SURFACE_WITH_KNOTS('',3,1,((#7835,#7836),(#7837,#7838),(#7839,
#7840),(#7841,#7842)),.SURF_OF_LINEAR_EXTRUSION.,.F.,.F.,.F.,(4,4),(2,2),
(0.,1.),(0.,1.),.PIECEWISE_BEZIER_KNOTS.);
#89=B_SPLINE_SURFACE_WITH_KNOTS('',3,1,((#7848,#7849),(#7850,#7851),(#7852,
#7853),(#7854,#7855)),.SURF_OF_LINEAR_EXTRUSION.,.F.,.F.,.F.,(4,4),(2,2),
(0.,1.),(0.,1.),.PIECEWISE_BEZIER_KNOTS.);
#90=B_SPLINE_SURFACE_WITH_KNOTS('',3,1,((#7861,#7862),(#7863,#7864),(#7865,
#7866),(#7867,#7868)),.SURF_OF_LINEAR_EXTRUSION.,.F.,.F.,.F.,(4,4),(2,2),
(0.,1.),(0.,1.),.PIECEWISE_BEZIER_KNOTS.);
#91=B_SPLINE_SURFACE_WITH_KNOTS('',3,1,((#7878,#7879),(#7880,#7881),(#7882,
#7883),(#7884,#7885)),.SURF_OF_LINEAR_EXTRUSION.,.F.,.F.,.F.,(4,4),(2,2),
(0.,1.),(0.,1.),.PIECEWISE_BEZIER_KNOTS.);
#92=B_SPLINE_SURFACE_WITH_KNOTS('',3,1,((#7891,#7892),(#7893,#7894),(#7895,
#7896),(#7897,#7898)),.SURF_OF_LINEAR_EXTRUSION.,.F.,.F.,.F.,(4,4),(2,2),
(0.,1.),(0.,1.),.PIECEWISE_BEZIER_KNOTS.);
#93=B_SPLINE_SURFACE_WITH_KNOTS('',3,1,((#7904,#7905),(#7906,#7907),(#7908,
#7909),(#7910,#7911)),.SURF_OF_LINEAR_EXTRUSION.,.F.,.F.,.F.,(4,4),(2,2),
(0.,1.),(0.,1.),.PIECEWISE_BEZIER_KNOTS.);
#94=B_SPLINE_SURFACE_WITH_KNOTS('',3,1,((#7917,#7918),(#7919,#7920),(#7921,
#7922),(#7923,#7924)),.SURF_OF_LINEAR_EXTRUSION.,.F.,.F.,.F.,(4,4),(2,2),
(0.,1.),(0.,1.),.PIECEWISE_BEZIER_KNOTS.);
#95=B_SPLINE_SURFACE_WITH_KNOTS('',3,1,((#7930,#7931),(#7932,#7933),(#7934,
#7935),(#7936,#7937)),.SURF_OF_LINEAR_EXTRUSION.,.F.,.F.,.F.,(4,4),(2,2),
(0.,1.),(0.,1.),.PIECEWISE_BEZIER_KNOTS.);
#96=B_SPLINE_SURFACE_WITH_KNOTS('',3,1,((#7943,#7944),(#7945,#7946),(#7947,
#7948),(#7949,#7950)),.SURF_OF_LINEAR_EXTRUSION.,.F.,.F.,.F.,(4,4),(2,2),
(0.,1.),(0.,1.),.PIECEWISE_BEZIER_KNOTS.);
#97=B_SPLINE_SURFACE_WITH_KNOTS('',3,1,((#7960,#7961),(#7962,#7963),(#7964,
#7965),(#7966,#7967)),.SURF_OF_LINEAR_EXTRUSION.,.F.,.F.,.F.,(4,4),(2,2),
(0.,1.),(0.,1.),.PIECEWISE_BEZIER_KNOTS.);
#98=B_SPLINE_SURFACE_WITH_KNOTS('',3,1,((#7973,#7974),(#7975,#7976),(#7977,
#7978),(#7979,#7980)),.SURF_OF_LINEAR_EXTRUSION.,.F.,.F.,.F.,(4,4),(2,2),
(0.,1.),(0.,1.),.PIECEWISE_BEZIER_KNOTS.);
#99=B_SPLINE_SURFACE_WITH_KNOTS('',3,1,((#7986,#7987),(#7988,#7989),(#7990,
#7991),(#7992,#7993)),.SURF_OF_LINEAR_EXTRUSION.,.F.,.F.,.F.,(4,4),(2,2),
(0.,1.),(0.,1.),.PIECEWISE_BEZIER_KNOTS.);
#100=B_SPLINE_SURFACE_WITH_KNOTS('',3,1,((#8002,#8003),(#8004,#8005),(#8006,
#8007),(#8008,#8009)),.SURF_OF_LINEAR_EXTRUSION.,.F.,.F.,.F.,(4,4),(2,2),
(0.,1.),(0.,1.),.PIECEWISE_BEZIER_KNOTS.);
#101=B_SPLINE_SURFACE_WITH_KNOTS('',3,1,((#8022,#8023),(#8024,#8025),(#8026,
#8027),(#8028,#8029)),.SURF_OF_LINEAR_EXTRUSION.,.F.,.F.,.F.,(4,4),(2,2),
(0.,1.),(0.,1.),.PIECEWISE_BEZIER_KNOTS.);
#102=B_SPLINE_SURFACE_WITH_KNOTS('',3,1,((#8051,#8052),(#8053,#8054),(#8055,
#8056),(#8057,#8058)),.SURF_OF_LINEAR_EXTRUSION.,.F.,.F.,.F.,(4,4),(2,2),
(0.,1.),(0.,1.),.PIECEWISE_BEZIER_KNOTS.);
#103=B_SPLINE_SURFACE_WITH_KNOTS('',3,1,((#8068,#8069),(#8070,#8071),(#8072,
#8073),(#8074,#8075)),.SURF_OF_LINEAR_EXTRUSION.,.F.,.F.,.F.,(4,4),(2,2),
(0.,1.),(0.,1.),.PIECEWISE_BEZIER_KNOTS.);
#104=B_SPLINE_SURFACE_WITH_KNOTS('',3,1,((#8091,#8092),(#8093,#8094),(#8095,
#8096),(#8097,#8098)),.SURF_OF_LINEAR_EXTRUSION.,.F.,.F.,.F.,(4,4),(2,2),
(0.,1.),(0.,1.),.PIECEWISE_BEZIER_KNOTS.);
#105=B_SPLINE_SURFACE_WITH_KNOTS('',3,1,((#8106,#8107),(#8108,#8109),(#8110,
#8111),(#8112,#8113)),.SURF_OF_LINEAR_EXTRUSION.,.F.,.F.,.F.,(4,4),(2,2),
(0.,1.),(0.,1.),.PIECEWISE_BEZIER_KNOTS.);
#106=B_SPLINE_SURFACE_WITH_KNOTS('',3,1,((#8119,#8120),(#8121,#8122),(#8123,
#8124),(#8125,#8126)),.SURF_OF_LINEAR_EXTRUSION.,.F.,.F.,.F.,(4,4),(2,2),
(0.,1.),(0.,1.),.PIECEWISE_BEZIER_KNOTS.);
#107=B_SPLINE_SURFACE_WITH_KNOTS('',3,1,((#8136,#8137),(#8138,#8139),(#8140,
#8141),(#8142,#8143)),.SURF_OF_LINEAR_EXTRUSION.,.F.,.F.,.F.,(4,4),(2,2),
(0.,1.),(0.,1.),.PIECEWISE_BEZIER_KNOTS.);
#108=B_SPLINE_SURFACE_WITH_KNOTS('',3,1,((#8149,#8150),(#8151,#8152),(#8153,
#8154),(#8155,#8156)),.SURF_OF_LINEAR_EXTRUSION.,.F.,.F.,.F.,(4,4),(2,2),
(0.,1.),(0.,1.),.PIECEWISE_BEZIER_KNOTS.);
#109=B_SPLINE_SURFACE_WITH_KNOTS('',3,1,((#8182,#8183),(#8184,#8185),(#8186,
#8187),(#8188,#8189)),.SURF_OF_LINEAR_EXTRUSION.,.F.,.F.,.F.,(4,4),(2,2),
(0.,1.),(0.,1.),.PIECEWISE_BEZIER_KNOTS.);
#110=B_SPLINE_SURFACE_WITH_KNOTS('',3,1,((#8195,#8196),(#8197,#8198),(#8199,
#8200),(#8201,#8202)),.SURF_OF_LINEAR_EXTRUSION.,.F.,.F.,.F.,(4,4),(2,2),
(0.,1.),(0.,1.),.PIECEWISE_BEZIER_KNOTS.);
#111=B_SPLINE_SURFACE_WITH_KNOTS('',3,1,((#8208,#8209),(#8210,#8211),(#8212,
#8213),(#8214,#8215)),.SURF_OF_LINEAR_EXTRUSION.,.F.,.F.,.F.,(4,4),(2,2),
(0.,1.),(0.,1.),.PIECEWISE_BEZIER_KNOTS.);
#112=B_SPLINE_SURFACE_WITH_KNOTS('',3,1,((#8221,#8222),(#8223,#8224),(#8225,
#8226),(#8227,#8228)),.SURF_OF_LINEAR_EXTRUSION.,.F.,.F.,.F.,(4,4),(2,2),
(0.,1.),(0.,1.),.PIECEWISE_BEZIER_KNOTS.);
#113=CYLINDRICAL_SURFACE('',#4732,0.005);
#114=CYLINDRICAL_SURFACE('',#4735,0.005);
#115=CYLINDRICAL_SURFACE('',#4738,0.005);
#116=CYLINDRICAL_SURFACE('',#4741,0.005);
#117=CYLINDRICAL_SURFACE('',#4747,0.00235);
#118=CYLINDRICAL_SURFACE('',#4754,0.00235);
#119=CYLINDRICAL_SURFACE('',#4761,0.00235);
#120=CYLINDRICAL_SURFACE('',#4768,0.00235);
#121=CYLINDRICAL_SURFACE('',#4788,0.00257221376811588);
#122=CYLINDRICAL_SURFACE('',#4792,0.00257221376811588);
#123=CYLINDRICAL_SURFACE('',#4796,0.00462118520459023);
#124=CYLINDRICAL_SURFACE('',#4798,0.00253902982047795);
#125=CYLINDRICAL_SURFACE('',#4800,0.00256242136355307);
#126=CYLINDRICAL_SURFACE('',#4802,0.00259407991662609);
#127=CYLINDRICAL_SURFACE('',#4804,0.00263462655137165);
#128=CYLINDRICAL_SURFACE('',#4806,0.00260901416270883);
#129=CYLINDRICAL_SURFACE('',#4818,0.00119701662539808);
#130=CYLINDRICAL_SURFACE('',#4821,0.0011917011032853);
#131=CYLINDRICAL_SURFACE('',#4824,0.00120753258260532);
#132=CYLINDRICAL_SURFACE('',#4832,0.00119701662539826);
#133=CYLINDRICAL_SURFACE('',#4836,0.00119701662542549);
#134=CYLINDRICAL_SURFACE('',#4839,0.00119170110328529);
#135=CYLINDRICAL_SURFACE('',#4842,0.00120753258260778);
#136=CYLINDRICAL_SURFACE('',#4845,0.00236484217004074);
#137=CYLINDRICAL_SURFACE('',#4852,0.00119701662539812);
#138=CYLINDRICAL_SURFACE('',#4859,0.00234941673835626);
#139=CYLINDRICAL_SURFACE('',#4879,0.00257221376811624);
#140=CYLINDRICAL_SURFACE('',#4883,0.00257221376811139);
#141=CYLINDRICAL_SURFACE('',#4886,0.00119701662542547);
#142=CYLINDRICAL_SURFACE('',#4889,0.00119170110331631);
#143=CYLINDRICAL_SURFACE('',#4892,0.00120753258262984);
#144=CYLINDRICAL_SURFACE('',#4895,0.00236484217004066);
#145=CYLINDRICAL_SURFACE('',#4902,0.00119701662542546);
#146=CIRCLE('',#4713,0.00257221376811139);
#147=CIRCLE('',#4714,0.00257221376811624);
#148=CIRCLE('',#4715,0.00234941673835626);
#149=CIRCLE('',#4716,0.00462118520459023);
#150=CIRCLE('',#4717,0.00260901416270883);
#151=CIRCLE('',#4718,0.00263462655137165);
#152=CIRCLE('',#4719,0.00259407991662609);
#153=CIRCLE('',#4720,0.00256242136355307);
#154=CIRCLE('',#4721,0.00253902982047795);
#155=CIRCLE('',#4722,0.00257221376811588);
#156=CIRCLE('',#4723,0.00257221376811588);
#157=CIRCLE('',#4724,0.00236484217004074);
#158=CIRCLE('',#4725,0.00236484217004066);
#159=CIRCLE('',#4727,0.005);
#160=CIRCLE('',#4728,0.005);
#161=CIRCLE('',#4729,0.005);
#162=CIRCLE('',#4730,0.005);
#163=CIRCLE('',#4733,0.005);
#164=CIRCLE('',#4736,0.005);
#165=CIRCLE('',#4739,0.005);
#166=CIRCLE('',#4742,0.005);
#167=CIRCLE('',#4748,0.00235);
#168=CIRCLE('',#4749,0.00235);
#169=CIRCLE('',#4755,0.00235);
#170=CIRCLE('',#4756,0.00235);
#171=CIRCLE('',#4762,0.00235);
#172=CIRCLE('',#4763,0.00235);
#173=CIRCLE('',#4769,0.00235);
#174=CIRCLE('',#4770,0.00235);
#175=CIRCLE('',#4789,0.00257221376811588);
#176=CIRCLE('',#4793,0.00257221376811588);
#177=CIRCLE('',#4797,0.00462118520459023);
#178=CIRCLE('',#4799,0.00253902982047795);
#179=CIRCLE('',#4801,0.00256242136355307);
#180=CIRCLE('',#4803,0.00259407991662609);
#181=CIRCLE('',#4805,0.00263462655137165);
#182=CIRCLE('',#4807,0.00260901416270883);
#183=CIRCLE('',#4819,0.00119701662539808);
#184=CIRCLE('',#4820,0.00119701662539808);
#185=CIRCLE('',#4822,0.0011917011032853);
#186=CIRCLE('',#4823,0.0011917011032853);
#187=CIRCLE('',#4825,0.00120753258260532);
#188=CIRCLE('',#4826,0.00120753258260532);
#189=CIRCLE('',#4833,0.00119701662539826);
#190=CIRCLE('',#4834,0.00119701662539826);
#191=CIRCLE('',#4837,0.00119701662542549);
#192=CIRCLE('',#4838,0.00119701662542549);
#193=CIRCLE('',#4840,0.00119170110328529);
#194=CIRCLE('',#4841,0.00119170110328529);
#195=CIRCLE('',#4843,0.00120753258260778);
#196=CIRCLE('',#4844,0.00120753258260778);
#197=CIRCLE('',#4846,0.00236484217004074);
#198=CIRCLE('',#4853,0.00119701662539812);
#199=CIRCLE('',#4854,0.00119701662539812);
#200=CIRCLE('',#4860,0.00234941673835626);
#201=CIRCLE('',#4880,0.00257221376811624);
#202=CIRCLE('',#4884,0.00257221376811139);
#203=CIRCLE('',#4887,0.00119701662542547);
#204=CIRCLE('',#4888,0.00119701662542547);
#205=CIRCLE('',#4890,0.00119170110331631);
#206=CIRCLE('',#4891,0.00119170110331631);
#207=CIRCLE('',#4893,0.00120753258262984);
#208=CIRCLE('',#4894,0.00120753258262984);
#209=CIRCLE('',#4896,0.00236484217004066);
#210=CIRCLE('',#4903,0.00119701662542546);
#211=CIRCLE('',#4904,0.00119701662542546);
#212=B_SPLINE_CURVE_WITH_KNOTS('',2,(#5842,#5843,#5844),.UNSPECIFIED.,.F.,
 .F.,(3,3),(0.,1.),.PIECEWISE_BEZIER_KNOTS.);
#213=B_SPLINE_CURVE_WITH_KNOTS('',2,(#5847,#5848,#5849),.UNSPECIFIED.,.F.,
 .F.,(3,3),(0.,1.),.PIECEWISE_BEZIER_KNOTS.);
#214=B_SPLINE_CURVE_WITH_KNOTS('',2,(#5853,#5854,#5855),.UNSPECIFIED.,.F.,
 .F.,(3,3),(0.,1.),.PIECEWISE_BEZIER_KNOTS.);
#215=B_SPLINE_CURVE_WITH_KNOTS('',2,(#5857,#5858,#5859),.UNSPECIFIED.,.F.,
 .F.,(3,3),(0.,1.),.PIECEWISE_BEZIER_KNOTS.);
#216=B_SPLINE_CURVE_WITH_KNOTS('',2,(#5861,#5862,#5863),.UNSPECIFIED.,.F.,
 .F.,(3,3),(0.,1.),.PIECEWISE_BEZIER_KNOTS.);
#217=B_SPLINE_CURVE_WITH_KNOTS('',2,(#5867,#5868,#5869),.UNSPECIFIED.,.F.,
 .F.,(3,3),(0.,1.),.PIECEWISE_BEZIER_KNOTS.);
#218=B_SPLINE_CURVE_WITH_KNOTS('',2,(#5871,#5872,#5873),.UNSPECIFIED.,.F.,
 .F.,(3,3),(0.,1.),.PIECEWISE_BEZIER_KNOTS.);
#219=B_SPLINE_CURVE_WITH_KNOTS('',2,(#5875,#5876,#5877),.UNSPECIFIED.,.F.,
 .F.,(3,3),(0.,1.),.PIECEWISE_BEZIER_KNOTS.);
#220=B_SPLINE_CURVE_WITH_KNOTS('',2,(#5879,#5880,#5881),.UNSPECIFIED.,.F.,
 .F.,(3,3),(0.,1.),.PIECEWISE_BEZIER_KNOTS.);
#221=B_SPLINE_CURVE_WITH_KNOTS('',2,(#5883,#5884,#5885),.UNSPECIFIED.,.F.,
 .F.,(3,3),(0.,1.),.PIECEWISE_BEZIER_KNOTS.);
#222=B_SPLINE_CURVE_WITH_KNOTS('',2,(#5887,#5888,#5889),.UNSPECIFIED.,.F.,
 .F.,(3,3),(0.,1.),.PIECEWISE_BEZIER_KNOTS.);
#223=B_SPLINE_CURVE_WITH_KNOTS('',2,(#5893,#5894,#5895),.UNSPECIFIED.,.F.,
 .F.,(3,3),(0.,1.),.PIECEWISE_BEZIER_KNOTS.);
#224=B_SPLINE_CURVE_WITH_KNOTS('',2,(#5897,#5898,#5899),.UNSPECIFIED.,.F.,
 .F.,(3,3),(0.,1.),.PIECEWISE_BEZIER_KNOTS.);
#225=B_SPLINE_CURVE_WITH_KNOTS('',2,(#5901,#5902,#5903),.UNSPECIFIED.,.F.,
 .F.,(3,3),(0.,1.),.PIECEWISE_BEZIER_KNOTS.);
#226=B_SPLINE_CURVE_WITH_KNOTS('',2,(#5928,#5929,#5930),.UNSPECIFIED.,.F.,
 .F.,(3,3),(0.,1.),.PIECEWISE_BEZIER_KNOTS.);
#227=B_SPLINE_CURVE_WITH_KNOTS('',2,(#5935,#5936,#5937),.UNSPECIFIED.,.F.,
 .F.,(3,3),(0.,1.),.PIECEWISE_BEZIER_KNOTS.);
#228=B_SPLINE_CURVE_WITH_KNOTS('',2,(#5939,#5940,#5941),.UNSPECIFIED.,.F.,
 .F.,(3,3),(0.,1.),.PIECEWISE_BEZIER_KNOTS.);
#229=B_SPLINE_CURVE_WITH_KNOTS('',2,(#5953,#5954,#5955),.UNSPECIFIED.,.F.,
 .F.,(3,3),(0.,1.),.PIECEWISE_BEZIER_KNOTS.);
#230=B_SPLINE_CURVE_WITH_KNOTS('',2,(#5957,#5958,#5959),.UNSPECIFIED.,.F.,
 .F.,(3,3),(0.,1.),.PIECEWISE_BEZIER_KNOTS.);
#231=B_SPLINE_CURVE_WITH_KNOTS('',2,(#5960,#5961,#5962),.UNSPECIFIED.,.F.,
 .F.,(3,3),(0.,1.),.PIECEWISE_BEZIER_KNOTS.);
#232=B_SPLINE_CURVE_WITH_KNOTS('',2,(#5965,#5966,#5967),.UNSPECIFIED.,.F.,
 .F.,(3,3),(0.,1.),.PIECEWISE_BEZIER_KNOTS.);
#233=B_SPLINE_CURVE_WITH_KNOTS('',2,(#5969,#5970,#5971),.UNSPECIFIED.,.F.,
 .F.,(3,3),(0.,1.),.PIECEWISE_BEZIER_KNOTS.);
#234=B_SPLINE_CURVE_WITH_KNOTS('',2,(#5973,#5974,#5975),.UNSPECIFIED.,.F.,
 .F.,(3,3),(0.,1.),.PIECEWISE_BEZIER_KNOTS.);
#235=B_SPLINE_CURVE_WITH_KNOTS('',2,(#5977,#5978,#5979),.UNSPECIFIED.,.F.,
 .F.,(3,3),(0.,1.),.PIECEWISE_BEZIER_KNOTS.);
#236=B_SPLINE_CURVE_WITH_KNOTS('',2,(#5981,#5982,#5983),.UNSPECIFIED.,.F.,
 .F.,(3,3),(0.,1.),.PIECEWISE_BEZIER_KNOTS.);
#237=B_SPLINE_CURVE_WITH_KNOTS('',2,(#5995,#5996,#5997),.UNSPECIFIED.,.F.,
 .F.,(3,3),(0.,1.),.PIECEWISE_BEZIER_KNOTS.);
#238=B_SPLINE_CURVE_WITH_KNOTS('',2,(#5999,#6000,#6001),.UNSPECIFIED.,.F.,
 .F.,(3,3),(0.,1.),.PIECEWISE_BEZIER_KNOTS.);
#239=B_SPLINE_CURVE_WITH_KNOTS('',2,(#6003,#6004,#6005),.UNSPECIFIED.,.F.,
 .F.,(3,3),(0.,1.),.PIECEWISE_BEZIER_KNOTS.);
#240=B_SPLINE_CURVE_WITH_KNOTS('',2,(#6007,#6008,#6009),.UNSPECIFIED.,.F.,
 .F.,(3,3),(0.,1.),.PIECEWISE_BEZIER_KNOTS.);
#241=B_SPLINE_CURVE_WITH_KNOTS('',2,(#6010,#6011,#6012),.UNSPECIFIED.,.F.,
 .F.,(3,3),(0.,1.),.PIECEWISE_BEZIER_KNOTS.);
#242=B_SPLINE_CURVE_WITH_KNOTS('',2,(#6019,#6020,#6021),.UNSPECIFIED.,.F.,
 .F.,(3,3),(0.,1.),.PIECEWISE_BEZIER_KNOTS.);
#243=B_SPLINE_CURVE_WITH_KNOTS('',2,(#6023,#6024,#6025),.UNSPECIFIED.,.F.,
 .F.,(3,3),(0.,1.),.PIECEWISE_BEZIER_KNOTS.);
#244=B_SPLINE_CURVE_WITH_KNOTS('',2,(#6027,#6028,#6029),.UNSPECIFIED.,.F.,
 .F.,(3,3),(0.,1.),.PIECEWISE_BEZIER_KNOTS.);
#245=B_SPLINE_CURVE_WITH_KNOTS('',2,(#6037,#6038,#6039),.UNSPECIFIED.,.F.,
 .F.,(3,3),(0.,1.),.PIECEWISE_BEZIER_KNOTS.);
#246=B_SPLINE_CURVE_WITH_KNOTS('',2,(#6041,#6042,#6043),.UNSPECIFIED.,.F.,
 .F.,(3,3),(0.,1.),.PIECEWISE_BEZIER_KNOTS.);
#247=B_SPLINE_CURVE_WITH_KNOTS('',2,(#6047,#6048,#6049),.UNSPECIFIED.,.F.,
 .F.,(3,3),(0.,1.),.PIECEWISE_BEZIER_KNOTS.);
#248=B_SPLINE_CURVE_WITH_KNOTS('',2,(#6051,#6052,#6053),.UNSPECIFIED.,.F.,
 .F.,(3,3),(0.,1.),.PIECEWISE_BEZIER_KNOTS.);
#249=B_SPLINE_CURVE_WITH_KNOTS('',2,(#6057,#6058,#6059),.UNSPECIFIED.,.F.,
 .F.,(3,3),(0.,1.),.PIECEWISE_BEZIER_KNOTS.);
#250=B_SPLINE_CURVE_WITH_KNOTS('',2,(#6061,#6062,#6063),.UNSPECIFIED.,.F.,
 .F.,(3,3),(0.,1.),.PIECEWISE_BEZIER_KNOTS.);
#251=B_SPLINE_CURVE_WITH_KNOTS('',2,(#6096,#6097,#6098),.UNSPECIFIED.,.F.,
 .F.,(3,3),(0.,1.),.PIECEWISE_BEZIER_KNOTS.);
#252=B_SPLINE_CURVE_WITH_KNOTS('',2,(#6101,#6102,#6103),.UNSPECIFIED.,.F.,
 .F.,(3,3),(0.,1.),.PIECEWISE_BEZIER_KNOTS.);
#253=B_SPLINE_CURVE_WITH_KNOTS('',2,(#6107,#6108,#6109),.UNSPECIFIED.,.F.,
 .F.,(3,3),(0.,1.),.PIECEWISE_BEZIER_KNOTS.);
#254=B_SPLINE_CURVE_WITH_KNOTS('',2,(#6111,#6112,#6113),.UNSPECIFIED.,.F.,
 .F.,(3,3),(0.,1.),.PIECEWISE_BEZIER_KNOTS.);
#255=B_SPLINE_CURVE_WITH_KNOTS('',2,(#6115,#6116,#6117),.UNSPECIFIED.,.F.,
 .F.,(3,3),(0.,1.),.PIECEWISE_BEZIER_KNOTS.);
#256=B_SPLINE_CURVE_WITH_KNOTS('',2,(#6121,#6122,#6123),.UNSPECIFIED.,.F.,
 .F.,(3,3),(0.,1.),.PIECEWISE_BEZIER_KNOTS.);
#257=B_SPLINE_CURVE_WITH_KNOTS('',2,(#6125,#6126,#6127),.UNSPECIFIED.,.F.,
 .F.,(3,3),(0.,1.),.PIECEWISE_BEZIER_KNOTS.);
#258=B_SPLINE_CURVE_WITH_KNOTS('',2,(#6129,#6130,#6131),.UNSPECIFIED.,.F.,
 .F.,(3,3),(0.,1.),.PIECEWISE_BEZIER_KNOTS.);
#259=B_SPLINE_CURVE_WITH_KNOTS('',2,(#6133,#6134,#6135),.UNSPECIFIED.,.F.,
 .F.,(3,3),(0.,1.),.PIECEWISE_BEZIER_KNOTS.);
#260=B_SPLINE_CURVE_WITH_KNOTS('',2,(#6137,#6138,#6139),.UNSPECIFIED.,.F.,
 .F.,(3,3),(0.,1.),.PIECEWISE_BEZIER_KNOTS.);
#261=B_SPLINE_CURVE_WITH_KNOTS('',2,(#6141,#6142,#6143),.UNSPECIFIED.,.F.,
 .F.,(3,3),(0.,1.),.PIECEWISE_BEZIER_KNOTS.);
#262=B_SPLINE_CURVE_WITH_KNOTS('',2,(#6147,#6148,#6149),.UNSPECIFIED.,.F.,
 .F.,(3,3),(0.,1.),.PIECEWISE_BEZIER_KNOTS.);
#263=B_SPLINE_CURVE_WITH_KNOTS('',2,(#6151,#6152,#6153),.UNSPECIFIED.,.F.,
 .F.,(3,3),(0.,1.),.PIECEWISE_BEZIER_KNOTS.);
#264=B_SPLINE_CURVE_WITH_KNOTS('',2,(#6155,#6156,#6157),.UNSPECIFIED.,.F.,
 .F.,(3,3),(0.,1.),.PIECEWISE_BEZIER_KNOTS.);
#265=B_SPLINE_CURVE_WITH_KNOTS('',2,(#6163,#6164,#6165),.UNSPECIFIED.,.F.,
 .F.,(3,3),(0.,1.),.PIECEWISE_BEZIER_KNOTS.);
#266=B_SPLINE_CURVE_WITH_KNOTS('',2,(#6167,#6168,#6169),.UNSPECIFIED.,.F.,
 .F.,(3,3),(0.,1.),.PIECEWISE_BEZIER_KNOTS.);
#267=B_SPLINE_CURVE_WITH_KNOTS('',2,(#6171,#6172,#6173),.UNSPECIFIED.,.F.,
 .F.,(3,3),(0.,1.),.PIECEWISE_BEZIER_KNOTS.);
#268=B_SPLINE_CURVE_WITH_KNOTS('',2,(#6175,#6176,#6177),.UNSPECIFIED.,.F.,
 .F.,(3,3),(0.,1.),.PIECEWISE_BEZIER_KNOTS.);
#269=B_SPLINE_CURVE_WITH_KNOTS('',2,(#6179,#6180,#6181),.UNSPECIFIED.,.F.,
 .F.,(3,3),(0.,1.),.PIECEWISE_BEZIER_KNOTS.);
#270=B_SPLINE_CURVE_WITH_KNOTS('',2,(#6183,#6184,#6185),.UNSPECIFIED.,.F.,
 .F.,(3,3),(0.,1.),.PIECEWISE_BEZIER_KNOTS.);
#271=B_SPLINE_CURVE_WITH_KNOTS('',2,(#6190,#6191,#6192),.UNSPECIFIED.,.F.,
 .F.,(3,3),(0.,1.),.PIECEWISE_BEZIER_KNOTS.);
#272=B_SPLINE_CURVE_WITH_KNOTS('',2,(#6195,#6196,#6197),.UNSPECIFIED.,.F.,
 .F.,(3,3),(0.,1.),.PIECEWISE_BEZIER_KNOTS.);
#273=B_SPLINE_CURVE_WITH_KNOTS('',2,(#6199,#6200,#6201),.UNSPECIFIED.,.F.,
 .F.,(3,3),(0.,1.),.PIECEWISE_BEZIER_KNOTS.);
#274=B_SPLINE_CURVE_WITH_KNOTS('',2,(#6203,#6204,#6205),.UNSPECIFIED.,.F.,
 .F.,(3,3),(0.,1.),.PIECEWISE_BEZIER_KNOTS.);
#275=B_SPLINE_CURVE_WITH_KNOTS('',2,(#6207,#6208,#6209),.UNSPECIFIED.,.F.,
 .F.,(3,3),(0.,1.),.PIECEWISE_BEZIER_KNOTS.);
#276=B_SPLINE_CURVE_WITH_KNOTS('',2,(#6211,#6212,#6213),.UNSPECIFIED.,.F.,
 .F.,(3,3),(0.,1.),.PIECEWISE_BEZIER_KNOTS.);
#277=B_SPLINE_CURVE_WITH_KNOTS('',2,(#6225,#6226,#6227),.UNSPECIFIED.,.F.,
 .F.,(3,3),(0.,1.),.PIECEWISE_BEZIER_KNOTS.);
#278=B_SPLINE_CURVE_WITH_KNOTS('',2,(#6229,#6230,#6231),.UNSPECIFIED.,.F.,
 .F.,(3,3),(0.,1.),.PIECEWISE_BEZIER_KNOTS.);
#279=B_SPLINE_CURVE_WITH_KNOTS('',2,(#6235,#6236,#6237),.UNSPECIFIED.,.F.,
 .F.,(3,3),(0.,1.),.PIECEWISE_BEZIER_KNOTS.);
#280=B_SPLINE_CURVE_WITH_KNOTS('',2,(#6238,#6239,#6240),.UNSPECIFIED.,.F.,
 .F.,(3,3),(0.,1.),.PIECEWISE_BEZIER_KNOTS.);
#281=B_SPLINE_CURVE_WITH_KNOTS('',2,(#6243,#6244,#6245),.UNSPECIFIED.,.F.,
 .F.,(3,3),(0.,1.),.PIECEWISE_BEZIER_KNOTS.);
#282=B_SPLINE_CURVE_WITH_KNOTS('',2,(#6247,#6248,#6249),.UNSPECIFIED.,.F.,
 .F.,(3,3),(0.,1.),.PIECEWISE_BEZIER_KNOTS.);
#283=B_SPLINE_CURVE_WITH_KNOTS('',2,(#6251,#6252,#6253),.UNSPECIFIED.,.F.,
 .F.,(3,3),(0.,1.),.PIECEWISE_BEZIER_KNOTS.);
#284=B_SPLINE_CURVE_WITH_KNOTS('',2,(#6255,#6256,#6257),.UNSPECIFIED.,.F.,
 .F.,(3,3),(0.,1.),.PIECEWISE_BEZIER_KNOTS.);
#285=B_SPLINE_CURVE_WITH_KNOTS('',2,(#6259,#6260,#6261),.UNSPECIFIED.,.F.,
 .F.,(3,3),(0.,1.),.PIECEWISE_BEZIER_KNOTS.);
#286=B_SPLINE_CURVE_WITH_KNOTS('',2,(#6273,#6274,#6275),.UNSPECIFIED.,.F.,
 .F.,(3,3),(0.,1.),.PIECEWISE_BEZIER_KNOTS.);
#287=B_SPLINE_CURVE_WITH_KNOTS('',2,(#6277,#6278,#6279),.UNSPECIFIED.,.F.,
 .F.,(3,3),(0.,1.),.PIECEWISE_BEZIER_KNOTS.);
#288=B_SPLINE_CURVE_WITH_KNOTS('',2,(#6283,#6284,#6285),.UNSPECIFIED.,.F.,
 .F.,(3,3),(0.,1.),.PIECEWISE_BEZIER_KNOTS.);
#289=B_SPLINE_CURVE_WITH_KNOTS('',2,(#6502,#6503,#6504),.UNSPECIFIED.,.F.,
 .F.,(3,3),(0.,1.),.PIECEWISE_BEZIER_KNOTS.);
#290=B_SPLINE_CURVE_WITH_KNOTS('',2,(#6517,#6518,#6519),.UNSPECIFIED.,.F.,
 .F.,(3,3),(0.,1.),.PIECEWISE_BEZIER_KNOTS.);
#291=B_SPLINE_CURVE_WITH_KNOTS('',2,(#6534,#6535,#6536),.UNSPECIFIED.,.F.,
 .F.,(3,3),(0.,1.),.PIECEWISE_BEZIER_KNOTS.);
#292=B_SPLINE_CURVE_WITH_KNOTS('',2,(#6547,#6548,#6549),.UNSPECIFIED.,.F.,
 .F.,(3,3),(0.,1.),.PIECEWISE_BEZIER_KNOTS.);
#293=B_SPLINE_CURVE_WITH_KNOTS('',2,(#6560,#6561,#6562),.UNSPECIFIED.,.F.,
 .F.,(3,3),(0.,1.),.PIECEWISE_BEZIER_KNOTS.);
#294=B_SPLINE_CURVE_WITH_KNOTS('',2,(#6577,#6578,#6579),.UNSPECIFIED.,.F.,
 .F.,(3,3),(0.,1.),.PIECEWISE_BEZIER_KNOTS.);
#295=B_SPLINE_CURVE_WITH_KNOTS('',2,(#6590,#6591,#6592),.UNSPECIFIED.,.F.,
 .F.,(3,3),(0.,1.),.PIECEWISE_BEZIER_KNOTS.);
#296=B_SPLINE_CURVE_WITH_KNOTS('',2,(#6603,#6604,#6605),.UNSPECIFIED.,.F.,
 .F.,(3,3),(0.,1.),.PIECEWISE_BEZIER_KNOTS.);
#297=B_SPLINE_CURVE_WITH_KNOTS('',2,(#6616,#6617,#6618),.UNSPECIFIED.,.F.,
 .F.,(3,3),(0.,1.),.PIECEWISE_BEZIER_KNOTS.);
#298=B_SPLINE_CURVE_WITH_KNOTS('',2,(#6629,#6630,#6631),.UNSPECIFIED.,.F.,
 .F.,(3,3),(0.,1.),.PIECEWISE_BEZIER_KNOTS.);
#299=B_SPLINE_CURVE_WITH_KNOTS('',2,(#6642,#6643,#6644),.UNSPECIFIED.,.F.,
 .F.,(3,3),(0.,1.),.PIECEWISE_BEZIER_KNOTS.);
#300=B_SPLINE_CURVE_WITH_KNOTS('',2,(#6659,#6660,#6661),.UNSPECIFIED.,.F.,
 .F.,(3,3),(0.,1.),.PIECEWISE_BEZIER_KNOTS.);
#301=B_SPLINE_CURVE_WITH_KNOTS('',2,(#6672,#6673,#6674),.UNSPECIFIED.,.F.,
 .F.,(3,3),(0.,1.),.PIECEWISE_BEZIER_KNOTS.);
#302=B_SPLINE_CURVE_WITH_KNOTS('',2,(#6685,#6686,#6687),.UNSPECIFIED.,.F.,
 .F.,(3,3),(0.,1.),.PIECEWISE_BEZIER_KNOTS.);
#303=B_SPLINE_CURVE_WITH_KNOTS('',2,(#6699,#6700,#6701),.UNSPECIFIED.,.F.,
 .F.,(3,3),(0.,1.),.PIECEWISE_BEZIER_KNOTS.);
#304=B_SPLINE_CURVE_WITH_KNOTS('',2,(#6706,#6707,#6708),.UNSPECIFIED.,.F.,
 .F.,(3,3),(0.,1.),.PIECEWISE_BEZIER_KNOTS.);
#305=B_SPLINE_CURVE_WITH_KNOTS('',2,(#6725,#6726,#6727),.UNSPECIFIED.,.F.,
 .F.,(3,3),(0.,1.),.PIECEWISE_BEZIER_KNOTS.);
#306=B_SPLINE_CURVE_WITH_KNOTS('',2,(#6731,#6732,#6733),.UNSPECIFIED.,.F.,
 .F.,(3,3),(0.,1.),.PIECEWISE_BEZIER_KNOTS.);
#307=B_SPLINE_CURVE_WITH_KNOTS('',2,(#6742,#6743,#6744),.UNSPECIFIED.,.F.,
 .F.,(3,3),(0.,1.),.PIECEWISE_BEZIER_KNOTS.);
#308=B_SPLINE_CURVE_WITH_KNOTS('',2,(#6748,#6749,#6750),.UNSPECIFIED.,.F.,
 .F.,(3,3),(0.,1.),.PIECEWISE_BEZIER_KNOTS.);
#309=B_SPLINE_CURVE_WITH_KNOTS('',2,(#6767,#6768,#6769),.UNSPECIFIED.,.F.,
 .F.,(3,3),(0.,1.),.PIECEWISE_BEZIER_KNOTS.);
#310=B_SPLINE_CURVE_WITH_KNOTS('',2,(#6784,#6785,#6786),.UNSPECIFIED.,.F.,
 .F.,(3,3),(0.,1.),.PIECEWISE_BEZIER_KNOTS.);
#311=B_SPLINE_CURVE_WITH_KNOTS('',2,(#6797,#6798,#6799),.UNSPECIFIED.,.F.,
 .F.,(3,3),(0.,1.),.PIECEWISE_BEZIER_KNOTS.);
#312=B_SPLINE_CURVE_WITH_KNOTS('',2,(#6814,#6815,#6816),.UNSPECIFIED.,.F.,
 .F.,(3,3),(0.,1.),.PIECEWISE_BEZIER_KNOTS.);
#313=B_SPLINE_CURVE_WITH_KNOTS('',2,(#6827,#6828,#6829),.UNSPECIFIED.,.F.,
 .F.,(3,3),(0.,1.),.PIECEWISE_BEZIER_KNOTS.);
#314=B_SPLINE_CURVE_WITH_KNOTS('',2,(#6844,#6845,#6846),.UNSPECIFIED.,.F.,
 .F.,(3,3),(0.,1.),.PIECEWISE_BEZIER_KNOTS.);
#315=B_SPLINE_CURVE_WITH_KNOTS('',2,(#6857,#6858,#6859),.UNSPECIFIED.,.F.,
 .F.,(3,3),(0.,1.),.PIECEWISE_BEZIER_KNOTS.);
#316=B_SPLINE_CURVE_WITH_KNOTS('',2,(#6882,#6883,#6884),.UNSPECIFIED.,.F.,
 .F.,(3,3),(0.,1.),.PIECEWISE_BEZIER_KNOTS.);
#317=B_SPLINE_CURVE_WITH_KNOTS('',2,(#6895,#6896,#6897),.UNSPECIFIED.,.F.,
 .F.,(3,3),(0.,1.),.PIECEWISE_BEZIER_KNOTS.);
#318=B_SPLINE_CURVE_WITH_KNOTS('',2,(#6908,#6909,#6910),.UNSPECIFIED.,.F.,
 .F.,(3,3),(0.,1.),.PIECEWISE_BEZIER_KNOTS.);
#319=B_SPLINE_CURVE_WITH_KNOTS('',2,(#6921,#6922,#6923),.UNSPECIFIED.,.F.,
 .F.,(3,3),(0.,1.),.PIECEWISE_BEZIER_KNOTS.);
#320=B_SPLINE_CURVE_WITH_KNOTS('',2,(#6924,#6925,#6926),.UNSPECIFIED.,.F.,
 .F.,(3,3),(0.,1.),.PIECEWISE_BEZIER_KNOTS.);
#321=B_SPLINE_CURVE_WITH_KNOTS('',2,(#6936,#6937,#6938),.UNSPECIFIED.,.F.,
 .F.,(3,3),(0.,1.),.PIECEWISE_BEZIER_KNOTS.);
#322=B_SPLINE_CURVE_WITH_KNOTS('',2,(#6943,#6944,#6945),.UNSPECIFIED.,.F.,
 .F.,(3,3),(0.,1.),.PIECEWISE_BEZIER_KNOTS.);
#323=B_SPLINE_CURVE_WITH_KNOTS('',2,(#6974,#6975,#6976),.UNSPECIFIED.,.F.,
 .F.,(3,3),(0.,1.),.PIECEWISE_BEZIER_KNOTS.);
#324=B_SPLINE_CURVE_WITH_KNOTS('',2,(#6980,#6981,#6982),.UNSPECIFIED.,.F.,
 .F.,(3,3),(0.,1.),.PIECEWISE_BEZIER_KNOTS.);
#325=B_SPLINE_CURVE_WITH_KNOTS('',2,(#6991,#6992,#6993),.UNSPECIFIED.,.F.,
 .F.,(3,3),(0.,1.),.PIECEWISE_BEZIER_KNOTS.);
#326=B_SPLINE_CURVE_WITH_KNOTS('',2,(#6997,#6998,#6999),.UNSPECIFIED.,.F.,
 .F.,(3,3),(0.,1.),.PIECEWISE_BEZIER_KNOTS.);
#327=B_SPLINE_CURVE_WITH_KNOTS('',2,(#7010,#7011,#7012),.UNSPECIFIED.,.F.,
 .F.,(3,3),(0.,1.),.PIECEWISE_BEZIER_KNOTS.);
#328=B_SPLINE_CURVE_WITH_KNOTS('',2,(#7037,#7038,#7039),.UNSPECIFIED.,.F.,
 .F.,(3,3),(0.,1.),.PIECEWISE_BEZIER_KNOTS.);
#329=B_SPLINE_CURVE_WITH_KNOTS('',2,(#7050,#7051,#7052),.UNSPECIFIED.,.F.,
 .F.,(3,3),(0.,1.),.PIECEWISE_BEZIER_KNOTS.);
#330=B_SPLINE_CURVE_WITH_KNOTS('',2,(#7063,#7064,#7065),.UNSPECIFIED.,.F.,
 .F.,(3,3),(0.,1.),.PIECEWISE_BEZIER_KNOTS.);
#331=B_SPLINE_CURVE_WITH_KNOTS('',2,(#7076,#7077,#7078),.UNSPECIFIED.,.F.,
 .F.,(3,3),(0.,1.),.PIECEWISE_BEZIER_KNOTS.);
#332=B_SPLINE_CURVE_WITH_KNOTS('',2,(#7087,#7088,#7089),.UNSPECIFIED.,.F.,
 .F.,(3,3),(0.,1.),.PIECEWISE_BEZIER_KNOTS.);
#333=B_SPLINE_CURVE_WITH_KNOTS('',2,(#7098,#7099,#7100),.UNSPECIFIED.,.F.,
 .F.,(3,3),(0.,1.),.PIECEWISE_BEZIER_KNOTS.);
#334=B_SPLINE_CURVE_WITH_KNOTS('',2,(#7101,#7102,#7103),.UNSPECIFIED.,.F.,
 .F.,(3,3),(0.,1.),.PIECEWISE_BEZIER_KNOTS.);
#335=B_SPLINE_CURVE_WITH_KNOTS('',2,(#7113,#7114,#7115),.UNSPECIFIED.,.F.,
 .F.,(3,3),(0.,1.),.PIECEWISE_BEZIER_KNOTS.);
#336=B_SPLINE_CURVE_WITH_KNOTS('',2,(#7120,#7121,#7122),.UNSPECIFIED.,.F.,
 .F.,(3,3),(0.,1.),.PIECEWISE_BEZIER_KNOTS.);
#337=B_SPLINE_CURVE_WITH_KNOTS('',2,(#7133,#7134,#7135),.UNSPECIFIED.,.F.,
 .F.,(3,3),(0.,1.),.PIECEWISE_BEZIER_KNOTS.);
#338=B_SPLINE_CURVE_WITH_KNOTS('',2,(#7139,#7140,#7141),.UNSPECIFIED.,.F.,
 .F.,(3,3),(0.,1.),.PIECEWISE_BEZIER_KNOTS.);
#339=B_SPLINE_CURVE_WITH_KNOTS('',2,(#7162,#7163,#7164),.UNSPECIFIED.,.F.,
 .F.,(3,3),(0.,1.),.PIECEWISE_BEZIER_KNOTS.);
#340=B_SPLINE_CURVE_WITH_KNOTS('',2,(#7168,#7169,#7170),.UNSPECIFIED.,.F.,
 .F.,(3,3),(0.,1.),.PIECEWISE_BEZIER_KNOTS.);
#341=B_SPLINE_CURVE_WITH_KNOTS('',2,(#7179,#7180,#7181),.UNSPECIFIED.,.F.,
 .F.,(3,3),(0.,1.),.PIECEWISE_BEZIER_KNOTS.);
#342=B_SPLINE_CURVE_WITH_KNOTS('',2,(#7185,#7186,#7187),.UNSPECIFIED.,.F.,
 .F.,(3,3),(0.,1.),.PIECEWISE_BEZIER_KNOTS.);
#343=B_SPLINE_CURVE_WITH_KNOTS('',2,(#7204,#7205,#7206),.UNSPECIFIED.,.F.,
 .F.,(3,3),(0.,1.),.PIECEWISE_BEZIER_KNOTS.);
#344=B_SPLINE_CURVE_WITH_KNOTS('',2,(#7219,#7220,#7221),.UNSPECIFIED.,.F.,
 .F.,(3,3),(0.,1.),.PIECEWISE_BEZIER_KNOTS.);
#345=B_SPLINE_CURVE_WITH_KNOTS('',2,(#7232,#7233,#7234),.UNSPECIFIED.,.F.,
 .F.,(3,3),(0.,1.),.PIECEWISE_BEZIER_KNOTS.);
#346=B_SPLINE_CURVE_WITH_KNOTS('',2,(#7245,#7246,#7247),.UNSPECIFIED.,.F.,
 .F.,(3,3),(0.,1.),.PIECEWISE_BEZIER_KNOTS.);
#347=B_SPLINE_CURVE_WITH_KNOTS('',2,(#7258,#7259,#7260),.UNSPECIFIED.,.F.,
 .F.,(3,3),(0.,1.),.PIECEWISE_BEZIER_KNOTS.);
#348=B_SPLINE_CURVE_WITH_KNOTS('',2,(#7271,#7272,#7273),.UNSPECIFIED.,.F.,
 .F.,(3,3),(0.,1.),.PIECEWISE_BEZIER_KNOTS.);
#349=B_SPLINE_CURVE_WITH_KNOTS('',2,(#7304,#7305,#7306),.UNSPECIFIED.,.F.,
 .F.,(3,3),(0.,1.),.PIECEWISE_BEZIER_KNOTS.);
#350=B_SPLINE_CURVE_WITH_KNOTS('',2,(#7317,#7318,#7319),.UNSPECIFIED.,.F.,
 .F.,(3,3),(0.,1.),.PIECEWISE_BEZIER_KNOTS.);
#351=B_SPLINE_CURVE_WITH_KNOTS('',2,(#7330,#7331,#7332),.UNSPECIFIED.,.F.,
 .F.,(3,3),(0.,1.),.PIECEWISE_BEZIER_KNOTS.);
#352=B_SPLINE_CURVE_WITH_KNOTS('',2,(#7341,#7342,#7343),.UNSPECIFIED.,.F.,
 .F.,(3,3),(0.,1.),.PIECEWISE_BEZIER_KNOTS.);
#353=B_SPLINE_CURVE_WITH_KNOTS('',2,(#7356,#7357,#7358),.UNSPECIFIED.,.F.,
 .F.,(3,3),(0.,1.),.PIECEWISE_BEZIER_KNOTS.);
#354=B_SPLINE_CURVE_WITH_KNOTS('',2,(#7363,#7364,#7365),.UNSPECIFIED.,.F.,
 .F.,(3,3),(0.,1.),.PIECEWISE_BEZIER_KNOTS.);
#355=B_SPLINE_CURVE_WITH_KNOTS('',2,(#7376,#7377,#7378),.UNSPECIFIED.,.F.,
 .F.,(3,3),(0.,1.),.PIECEWISE_BEZIER_KNOTS.);
#356=B_SPLINE_CURVE_WITH_KNOTS('',2,(#7382,#7383,#7384),.UNSPECIFIED.,.F.,
 .F.,(3,3),(0.,1.),.PIECEWISE_BEZIER_KNOTS.);
#357=B_SPLINE_CURVE_WITH_KNOTS('',2,(#7405,#7406,#7407),.UNSPECIFIED.,.F.,
 .F.,(3,3),(0.,1.),.PIECEWISE_BEZIER_KNOTS.);
#358=B_SPLINE_CURVE_WITH_KNOTS('',2,(#7411,#7412,#7413),.UNSPECIFIED.,.F.,
 .F.,(3,3),(0.,1.),.PIECEWISE_BEZIER_KNOTS.);
#359=B_SPLINE_CURVE_WITH_KNOTS('',2,(#7422,#7423,#7424),.UNSPECIFIED.,.F.,
 .F.,(3,3),(0.,1.),.PIECEWISE_BEZIER_KNOTS.);
#360=B_SPLINE_CURVE_WITH_KNOTS('',2,(#7428,#7429,#7430),.UNSPECIFIED.,.F.,
 .F.,(3,3),(0.,1.),.PIECEWISE_BEZIER_KNOTS.);
#361=B_SPLINE_CURVE_WITH_KNOTS('',2,(#7447,#7448,#7449),.UNSPECIFIED.,.F.,
 .F.,(3,3),(0.,1.),.PIECEWISE_BEZIER_KNOTS.);
#362=B_SPLINE_CURVE_WITH_KNOTS('',2,(#7462,#7463,#7464),.UNSPECIFIED.,.F.,
 .F.,(3,3),(0.,1.),.PIECEWISE_BEZIER_KNOTS.);
#363=B_SPLINE_CURVE_WITH_KNOTS('',2,(#7475,#7476,#7477),.UNSPECIFIED.,.F.,
 .F.,(3,3),(0.,1.),.PIECEWISE_BEZIER_KNOTS.);
#364=B_SPLINE_CURVE_WITH_KNOTS('',2,(#7492,#7493,#7494),.UNSPECIFIED.,.F.,
 .F.,(3,3),(0.,1.),.PIECEWISE_BEZIER_KNOTS.);
#365=B_SPLINE_CURVE_WITH_KNOTS('',2,(#7505,#7506,#7507),.UNSPECIFIED.,.F.,
 .F.,(3,3),(0.,1.),.PIECEWISE_BEZIER_KNOTS.);
#366=B_SPLINE_CURVE_WITH_KNOTS('',2,(#7538,#7539,#7540),.UNSPECIFIED.,.F.,
 .F.,(3,3),(0.,1.),.PIECEWISE_BEZIER_KNOTS.);
#367=B_SPLINE_CURVE_WITH_KNOTS('',2,(#7551,#7552,#7553),.UNSPECIFIED.,.F.,
 .F.,(3,3),(0.,1.),.PIECEWISE_BEZIER_KNOTS.);
#368=B_SPLINE_CURVE_WITH_KNOTS('',2,(#7564,#7565,#7566),.UNSPECIFIED.,.F.,
 .F.,(3,3),(0.,1.),.PIECEWISE_BEZIER_KNOTS.);
#369=B_SPLINE_CURVE_WITH_KNOTS('',2,(#7575,#7576,#7577),.UNSPECIFIED.,.F.,
 .F.,(3,3),(0.,1.),.PIECEWISE_BEZIER_KNOTS.);
#370=B_SPLINE_CURVE_WITH_KNOTS('',2,(#7590,#7591,#7592),.UNSPECIFIED.,.F.,
 .F.,(3,3),(0.,1.),.PIECEWISE_BEZIER_KNOTS.);
#371=B_SPLINE_CURVE_WITH_KNOTS('',2,(#7597,#7598,#7599),.UNSPECIFIED.,.F.,
 .F.,(3,3),(0.,1.),.PIECEWISE_BEZIER_KNOTS.);
#372=B_SPLINE_CURVE_WITH_KNOTS('',2,(#7628,#7629,#7630),.UNSPECIFIED.,.F.,
 .F.,(3,3),(0.,1.),.PIECEWISE_BEZIER_KNOTS.);
#373=B_SPLINE_CURVE_WITH_KNOTS('',2,(#7634,#7635,#7636),.UNSPECIFIED.,.F.,
 .F.,(3,3),(0.,1.),.PIECEWISE_BEZIER_KNOTS.);
#374=B_SPLINE_CURVE_WITH_KNOTS('',2,(#7645,#7646,#7647),.UNSPECIFIED.,.F.,
 .F.,(3,3),(0.,1.),.PIECEWISE_BEZIER_KNOTS.);
#375=B_SPLINE_CURVE_WITH_KNOTS('',2,(#7651,#7652,#7653),.UNSPECIFIED.,.F.,
 .F.,(3,3),(0.,1.),.PIECEWISE_BEZIER_KNOTS.);
#376=B_SPLINE_CURVE_WITH_KNOTS('',2,(#7670,#7671,#7672),.UNSPECIFIED.,.F.,
 .F.,(3,3),(0.,1.),.PIECEWISE_BEZIER_KNOTS.);
#377=B_SPLINE_CURVE_WITH_KNOTS('',2,(#7683,#7684,#7685),.UNSPECIFIED.,.F.,
 .F.,(3,3),(0.,1.),.PIECEWISE_BEZIER_KNOTS.);
#378=B_SPLINE_CURVE_WITH_KNOTS('',2,(#7696,#7697,#7698),.UNSPECIFIED.,.F.,
 .F.,(3,3),(0.,1.),.PIECEWISE_BEZIER_KNOTS.);
#379=B_SPLINE_CURVE_WITH_KNOTS('',2,(#7729,#7730,#7731),.UNSPECIFIED.,.F.,
 .F.,(3,3),(0.,1.),.PIECEWISE_BEZIER_KNOTS.);
#380=B_SPLINE_CURVE_WITH_KNOTS('',2,(#7740,#7741,#7742),.UNSPECIFIED.,.F.,
 .F.,(3,3),(0.,1.),.PIECEWISE_BEZIER_KNOTS.);
#381=B_SPLINE_CURVE_WITH_KNOTS('',2,(#7751,#7752,#7753),.UNSPECIFIED.,.F.,
 .F.,(3,3),(0.,1.),.PIECEWISE_BEZIER_KNOTS.);
#382=B_SPLINE_CURVE_WITH_KNOTS('',2,(#7754,#7755,#7756),.UNSPECIFIED.,.F.,
 .F.,(3,3),(0.,1.),.PIECEWISE_BEZIER_KNOTS.);
#383=B_SPLINE_CURVE_WITH_KNOTS('',2,(#7813,#7814,#7815),.UNSPECIFIED.,.F.,
 .F.,(3,3),(0.,1.),.PIECEWISE_BEZIER_KNOTS.);
#384=B_SPLINE_CURVE_WITH_KNOTS('',2,(#7828,#7829,#7830),.UNSPECIFIED.,.F.,
 .F.,(3,3),(0.,1.),.PIECEWISE_BEZIER_KNOTS.);
#385=B_SPLINE_CURVE_WITH_KNOTS('',2,(#7845,#7846,#7847),.UNSPECIFIED.,.F.,
 .F.,(3,3),(0.,1.),.PIECEWISE_BEZIER_KNOTS.);
#386=B_SPLINE_CURVE_WITH_KNOTS('',2,(#7858,#7859,#7860),.UNSPECIFIED.,.F.,
 .F.,(3,3),(0.,1.),.PIECEWISE_BEZIER_KNOTS.);
#387=B_SPLINE_CURVE_WITH_KNOTS('',2,(#7871,#7872,#7873),.UNSPECIFIED.,.F.,
 .F.,(3,3),(0.,1.),.PIECEWISE_BEZIER_KNOTS.);
#388=B_SPLINE_CURVE_WITH_KNOTS('',2,(#7888,#7889,#7890),.UNSPECIFIED.,.F.,
 .F.,(3,3),(0.,1.),.PIECEWISE_BEZIER_KNOTS.);
#389=B_SPLINE_CURVE_WITH_KNOTS('',2,(#7901,#7902,#7903),.UNSPECIFIED.,.F.,
 .F.,(3,3),(0.,1.),.PIECEWISE_BEZIER_KNOTS.);
#390=B_SPLINE_CURVE_WITH_KNOTS('',2,(#7914,#7915,#7916),.UNSPECIFIED.,.F.,
 .F.,(3,3),(0.,1.),.PIECEWISE_BEZIER_KNOTS.);
#391=B_SPLINE_CURVE_WITH_KNOTS('',2,(#7927,#7928,#7929),.UNSPECIFIED.,.F.,
 .F.,(3,3),(0.,1.),.PIECEWISE_BEZIER_KNOTS.);
#392=B_SPLINE_CURVE_WITH_KNOTS('',2,(#7940,#7941,#7942),.UNSPECIFIED.,.F.,
 .F.,(3,3),(0.,1.),.PIECEWISE_BEZIER_KNOTS.);
#393=B_SPLINE_CURVE_WITH_KNOTS('',2,(#7953,#7954,#7955),.UNSPECIFIED.,.F.,
 .F.,(3,3),(0.,1.),.PIECEWISE_BEZIER_KNOTS.);
#394=B_SPLINE_CURVE_WITH_KNOTS('',2,(#7970,#7971,#7972),.UNSPECIFIED.,.F.,
 .F.,(3,3),(0.,1.),.PIECEWISE_BEZIER_KNOTS.);
#395=B_SPLINE_CURVE_WITH_KNOTS('',2,(#7983,#7984,#7985),.UNSPECIFIED.,.F.,
 .F.,(3,3),(0.,1.),.PIECEWISE_BEZIER_KNOTS.);
#396=B_SPLINE_CURVE_WITH_KNOTS('',2,(#7996,#7997,#7998),.UNSPECIFIED.,.F.,
 .F.,(3,3),(0.,1.),.PIECEWISE_BEZIER_KNOTS.);
#397=B_SPLINE_CURVE_WITH_KNOTS('',2,(#8010,#8011,#8012),.UNSPECIFIED.,.F.,
 .F.,(3,3),(0.,1.),.PIECEWISE_BEZIER_KNOTS.);
#398=B_SPLINE_CURVE_WITH_KNOTS('',2,(#8017,#8018,#8019),.UNSPECIFIED.,.F.,
 .F.,(3,3),(0.,1.),.PIECEWISE_BEZIER_KNOTS.);
#399=B_SPLINE_CURVE_WITH_KNOTS('',2,(#8030,#8031,#8032),.UNSPECIFIED.,.F.,
 .F.,(3,3),(0.,1.),.PIECEWISE_BEZIER_KNOTS.);
#400=B_SPLINE_CURVE_WITH_KNOTS('',2,(#8036,#8037,#8038),.UNSPECIFIED.,.F.,
 .F.,(3,3),(0.,1.),.PIECEWISE_BEZIER_KNOTS.);
#401=B_SPLINE_CURVE_WITH_KNOTS('',2,(#8059,#8060,#8061),.UNSPECIFIED.,.F.,
 .F.,(3,3),(0.,1.),.PIECEWISE_BEZIER_KNOTS.);
#402=B_SPLINE_CURVE_WITH_KNOTS('',2,(#8065,#8066,#8067),.UNSPECIFIED.,.F.,
 .F.,(3,3),(0.,1.),.PIECEWISE_BEZIER_KNOTS.);
#403=B_SPLINE_CURVE_WITH_KNOTS('',2,(#8076,#8077,#8078),.UNSPECIFIED.,.F.,
 .F.,(3,3),(0.,1.),.PIECEWISE_BEZIER_KNOTS.);
#404=B_SPLINE_CURVE_WITH_KNOTS('',2,(#8082,#8083,#8084),.UNSPECIFIED.,.F.,
 .F.,(3,3),(0.,1.),.PIECEWISE_BEZIER_KNOTS.);
#405=B_SPLINE_CURVE_WITH_KNOTS('',2,(#8101,#8102,#8103),.UNSPECIFIED.,.F.,
 .F.,(3,3),(0.,1.),.PIECEWISE_BEZIER_KNOTS.);
#406=B_SPLINE_CURVE_WITH_KNOTS('',2,(#8116,#8117,#8118),.UNSPECIFIED.,.F.,
 .F.,(3,3),(0.,1.),.PIECEWISE_BEZIER_KNOTS.);
#407=B_SPLINE_CURVE_WITH_KNOTS('',2,(#8129,#8130,#8131),.UNSPECIFIED.,.F.,
 .F.,(3,3),(0.,1.),.PIECEWISE_BEZIER_KNOTS.);
#408=B_SPLINE_CURVE_WITH_KNOTS('',2,(#8146,#8147,#8148),.UNSPECIFIED.,.F.,
 .F.,(3,3),(0.,1.),.PIECEWISE_BEZIER_KNOTS.);
#409=B_SPLINE_CURVE_WITH_KNOTS('',2,(#8159,#8160,#8161),.UNSPECIFIED.,.F.,
 .F.,(3,3),(0.,1.),.PIECEWISE_BEZIER_KNOTS.);
#410=B_SPLINE_CURVE_WITH_KNOTS('',2,(#8192,#8193,#8194),.UNSPECIFIED.,.F.,
 .F.,(3,3),(0.,1.),.PIECEWISE_BEZIER_KNOTS.);
#411=B_SPLINE_CURVE_WITH_KNOTS('',2,(#8205,#8206,#8207),.UNSPECIFIED.,.F.,
 .F.,(3,3),(0.,1.),.PIECEWISE_BEZIER_KNOTS.);
#412=B_SPLINE_CURVE_WITH_KNOTS('',2,(#8218,#8219,#8220),.UNSPECIFIED.,.F.,
 .F.,(3,3),(0.,1.),.PIECEWISE_BEZIER_KNOTS.);
#413=B_SPLINE_CURVE_WITH_KNOTS('',2,(#8229,#8230,#8231),.UNSPECIFIED.,.F.,
 .F.,(3,3),(0.,1.),.PIECEWISE_BEZIER_KNOTS.);
#414=ORIENTED_EDGE('',*,*,#1786,.F.);
#415=ORIENTED_EDGE('',*,*,#1787,.T.);
#416=ORIENTED_EDGE('',*,*,#1788,.T.);
#417=ORIENTED_EDGE('',*,*,#1789,.F.);
#418=ORIENTED_EDGE('',*,*,#1790,.F.);
#419=ORIENTED_EDGE('',*,*,#1791,.T.);
#420=ORIENTED_EDGE('',*,*,#1792,.T.);
#421=ORIENTED_EDGE('',*,*,#1793,.T.);
#422=ORIENTED_EDGE('',*,*,#1794,.F.);
#423=ORIENTED_EDGE('',*,*,#1795,.F.);
#424=ORIENTED_EDGE('',*,*,#1796,.T.);
#425=ORIENTED_EDGE('',*,*,#1797,.F.);
#426=ORIENTED_EDGE('',*,*,#1798,.T.);
#427=ORIENTED_EDGE('',*,*,#1799,.T.);
#428=ORIENTED_EDGE('',*,*,#1800,.F.);
#429=ORIENTED_EDGE('',*,*,#1801,.T.);
#430=ORIENTED_EDGE('',*,*,#1802,.F.);
#431=ORIENTED_EDGE('',*,*,#1803,.F.);
#432=ORIENTED_EDGE('',*,*,#1804,.T.);
#433=ORIENTED_EDGE('',*,*,#1805,.F.);
#434=ORIENTED_EDGE('',*,*,#1806,.F.);
#435=ORIENTED_EDGE('',*,*,#1807,.T.);
#436=ORIENTED_EDGE('',*,*,#1808,.T.);
#437=ORIENTED_EDGE('',*,*,#1809,.F.);
#438=ORIENTED_EDGE('',*,*,#1810,.F.);
#439=ORIENTED_EDGE('',*,*,#1811,.T.);
#440=ORIENTED_EDGE('',*,*,#1798,.F.);
#441=ORIENTED_EDGE('',*,*,#1812,.F.);
#442=ORIENTED_EDGE('',*,*,#1813,.F.);
#443=ORIENTED_EDGE('',*,*,#1795,.T.);
#444=ORIENTED_EDGE('',*,*,#1814,.T.);
#445=ORIENTED_EDGE('',*,*,#1815,.T.);
#446=ORIENTED_EDGE('',*,*,#1816,.T.);
#447=ORIENTED_EDGE('',*,*,#1817,.T.);
#448=ORIENTED_EDGE('',*,*,#1818,.T.);
#449=ORIENTED_EDGE('',*,*,#1819,.T.);
#450=ORIENTED_EDGE('',*,*,#1820,.T.);
#451=ORIENTED_EDGE('',*,*,#1821,.T.);
#452=ORIENTED_EDGE('',*,*,#1822,.T.);
#453=ORIENTED_EDGE('',*,*,#1823,.T.);
#454=ORIENTED_EDGE('',*,*,#1824,.T.);
#455=ORIENTED_EDGE('',*,*,#1825,.T.);
#456=ORIENTED_EDGE('',*,*,#1826,.T.);
#457=ORIENTED_EDGE('',*,*,#1827,.T.);
#458=ORIENTED_EDGE('',*,*,#1828,.T.);
#459=ORIENTED_EDGE('',*,*,#1829,.T.);
#460=ORIENTED_EDGE('',*,*,#1830,.T.);
#461=ORIENTED_EDGE('',*,*,#1831,.T.);
#462=ORIENTED_EDGE('',*,*,#1832,.T.);
#463=ORIENTED_EDGE('',*,*,#1833,.T.);
#464=ORIENTED_EDGE('',*,*,#1834,.T.);
#465=ORIENTED_EDGE('',*,*,#1835,.T.);
#466=ORIENTED_EDGE('',*,*,#1836,.T.);
#467=ORIENTED_EDGE('',*,*,#1837,.T.);
#468=ORIENTED_EDGE('',*,*,#1838,.T.);
#469=ORIENTED_EDGE('',*,*,#1839,.T.);
#470=ORIENTED_EDGE('',*,*,#1840,.T.);
#471=ORIENTED_EDGE('',*,*,#1841,.T.);
#472=ORIENTED_EDGE('',*,*,#1842,.T.);
#473=ORIENTED_EDGE('',*,*,#1843,.T.);
#474=ORIENTED_EDGE('',*,*,#1844,.T.);
#475=ORIENTED_EDGE('',*,*,#1845,.T.);
#476=ORIENTED_EDGE('',*,*,#1846,.T.);
#477=ORIENTED_EDGE('',*,*,#1847,.T.);
#478=ORIENTED_EDGE('',*,*,#1848,.T.);
#479=ORIENTED_EDGE('',*,*,#1849,.T.);
#480=ORIENTED_EDGE('',*,*,#1850,.T.);
#481=ORIENTED_EDGE('',*,*,#1851,.T.);
#482=ORIENTED_EDGE('',*,*,#1852,.T.);
#483=ORIENTED_EDGE('',*,*,#1853,.T.);
#484=ORIENTED_EDGE('',*,*,#1854,.T.);
#485=ORIENTED_EDGE('',*,*,#1855,.T.);
#486=ORIENTED_EDGE('',*,*,#1856,.T.);
#487=ORIENTED_EDGE('',*,*,#1857,.T.);
#488=ORIENTED_EDGE('',*,*,#1858,.T.);
#489=ORIENTED_EDGE('',*,*,#1859,.T.);
#490=ORIENTED_EDGE('',*,*,#1860,.T.);
#491=ORIENTED_EDGE('',*,*,#1861,.T.);
#492=ORIENTED_EDGE('',*,*,#1862,.T.);
#493=ORIENTED_EDGE('',*,*,#1863,.T.);
#494=ORIENTED_EDGE('',*,*,#1864,.T.);
#495=ORIENTED_EDGE('',*,*,#1865,.T.);
#496=ORIENTED_EDGE('',*,*,#1866,.T.);
#497=ORIENTED_EDGE('',*,*,#1867,.T.);
#498=ORIENTED_EDGE('',*,*,#1868,.T.);
#499=ORIENTED_EDGE('',*,*,#1869,.T.);
#500=ORIENTED_EDGE('',*,*,#1870,.T.);
#501=ORIENTED_EDGE('',*,*,#1871,.T.);
#502=ORIENTED_EDGE('',*,*,#1872,.T.);
#503=ORIENTED_EDGE('',*,*,#1873,.T.);
#504=ORIENTED_EDGE('',*,*,#1874,.T.);
#505=ORIENTED_EDGE('',*,*,#1875,.T.);
#506=ORIENTED_EDGE('',*,*,#1876,.T.);
#507=ORIENTED_EDGE('',*,*,#1877,.T.);
#508=ORIENTED_EDGE('',*,*,#1878,.T.);
#509=ORIENTED_EDGE('',*,*,#1879,.T.);
#510=ORIENTED_EDGE('',*,*,#1880,.T.);
#511=ORIENTED_EDGE('',*,*,#1881,.T.);
#512=ORIENTED_EDGE('',*,*,#1882,.T.);
#513=ORIENTED_EDGE('',*,*,#1883,.T.);
#514=ORIENTED_EDGE('',*,*,#1884,.T.);
#515=ORIENTED_EDGE('',*,*,#1885,.T.);
#516=ORIENTED_EDGE('',*,*,#1886,.T.);
#517=ORIENTED_EDGE('',*,*,#1887,.F.);
#518=ORIENTED_EDGE('',*,*,#1888,.F.);
#519=ORIENTED_EDGE('',*,*,#1889,.T.);
#520=ORIENTED_EDGE('',*,*,#1890,.T.);
#521=ORIENTED_EDGE('',*,*,#1891,.T.);
#522=ORIENTED_EDGE('',*,*,#1892,.T.);
#523=ORIENTED_EDGE('',*,*,#1893,.T.);
#524=ORIENTED_EDGE('',*,*,#1894,.T.);
#525=ORIENTED_EDGE('',*,*,#1895,.T.);
#526=ORIENTED_EDGE('',*,*,#1896,.T.);
#527=ORIENTED_EDGE('',*,*,#1897,.T.);
#528=ORIENTED_EDGE('',*,*,#1898,.T.);
#529=ORIENTED_EDGE('',*,*,#1899,.T.);
#530=ORIENTED_EDGE('',*,*,#1900,.T.);
#531=ORIENTED_EDGE('',*,*,#1901,.T.);
#532=ORIENTED_EDGE('',*,*,#1902,.T.);
#533=ORIENTED_EDGE('',*,*,#1903,.T.);
#534=ORIENTED_EDGE('',*,*,#1904,.T.);
#535=ORIENTED_EDGE('',*,*,#1905,.T.);
#536=ORIENTED_EDGE('',*,*,#1906,.T.);
#537=ORIENTED_EDGE('',*,*,#1907,.T.);
#538=ORIENTED_EDGE('',*,*,#1908,.T.);
#539=ORIENTED_EDGE('',*,*,#1909,.T.);
#540=ORIENTED_EDGE('',*,*,#1910,.T.);
#541=ORIENTED_EDGE('',*,*,#1911,.T.);
#542=ORIENTED_EDGE('',*,*,#1912,.T.);
#543=ORIENTED_EDGE('',*,*,#1913,.T.);
#544=ORIENTED_EDGE('',*,*,#1914,.T.);
#545=ORIENTED_EDGE('',*,*,#1915,.T.);
#546=ORIENTED_EDGE('',*,*,#1916,.T.);
#547=ORIENTED_EDGE('',*,*,#1917,.T.);
#548=ORIENTED_EDGE('',*,*,#1918,.T.);
#549=ORIENTED_EDGE('',*,*,#1919,.T.);
#550=ORIENTED_EDGE('',*,*,#1920,.T.);
#551=ORIENTED_EDGE('',*,*,#1921,.T.);
#552=ORIENTED_EDGE('',*,*,#1922,.T.);
#553=ORIENTED_EDGE('',*,*,#1923,.T.);
#554=ORIENTED_EDGE('',*,*,#1924,.T.);
#555=ORIENTED_EDGE('',*,*,#1925,.T.);
#556=ORIENTED_EDGE('',*,*,#1926,.T.);
#557=ORIENTED_EDGE('',*,*,#1927,.T.);
#558=ORIENTED_EDGE('',*,*,#1928,.T.);
#559=ORIENTED_EDGE('',*,*,#1929,.T.);
#560=ORIENTED_EDGE('',*,*,#1930,.T.);
#561=ORIENTED_EDGE('',*,*,#1931,.T.);
#562=ORIENTED_EDGE('',*,*,#1932,.T.);
#563=ORIENTED_EDGE('',*,*,#1933,.T.);
#564=ORIENTED_EDGE('',*,*,#1934,.T.);
#565=ORIENTED_EDGE('',*,*,#1935,.T.);
#566=ORIENTED_EDGE('',*,*,#1936,.T.);
#567=ORIENTED_EDGE('',*,*,#1937,.T.);
#568=ORIENTED_EDGE('',*,*,#1938,.T.);
#569=ORIENTED_EDGE('',*,*,#1939,.T.);
#570=ORIENTED_EDGE('',*,*,#1940,.T.);
#571=ORIENTED_EDGE('',*,*,#1941,.T.);
#572=ORIENTED_EDGE('',*,*,#1942,.T.);
#573=ORIENTED_EDGE('',*,*,#1943,.T.);
#574=ORIENTED_EDGE('',*,*,#1944,.T.);
#575=ORIENTED_EDGE('',*,*,#1945,.T.);
#576=ORIENTED_EDGE('',*,*,#1946,.T.);
#577=ORIENTED_EDGE('',*,*,#1947,.T.);
#578=ORIENTED_EDGE('',*,*,#1948,.T.);
#579=ORIENTED_EDGE('',*,*,#1949,.T.);
#580=ORIENTED_EDGE('',*,*,#1950,.T.);
#581=ORIENTED_EDGE('',*,*,#1951,.T.);
#582=ORIENTED_EDGE('',*,*,#1952,.T.);
#583=ORIENTED_EDGE('',*,*,#1953,.T.);
#584=ORIENTED_EDGE('',*,*,#1954,.T.);
#585=ORIENTED_EDGE('',*,*,#1955,.T.);
#586=ORIENTED_EDGE('',*,*,#1956,.T.);
#587=ORIENTED_EDGE('',*,*,#1957,.T.);
#588=ORIENTED_EDGE('',*,*,#1958,.T.);
#589=ORIENTED_EDGE('',*,*,#1959,.T.);
#590=ORIENTED_EDGE('',*,*,#1960,.T.);
#591=ORIENTED_EDGE('',*,*,#1961,.T.);
#592=ORIENTED_EDGE('',*,*,#1962,.T.);
#593=ORIENTED_EDGE('',*,*,#1963,.T.);
#594=ORIENTED_EDGE('',*,*,#1964,.T.);
#595=ORIENTED_EDGE('',*,*,#1965,.T.);
#596=ORIENTED_EDGE('',*,*,#1966,.T.);
#597=ORIENTED_EDGE('',*,*,#1967,.T.);
#598=ORIENTED_EDGE('',*,*,#1968,.T.);
#599=ORIENTED_EDGE('',*,*,#1969,.T.);
#600=ORIENTED_EDGE('',*,*,#1970,.T.);
#601=ORIENTED_EDGE('',*,*,#1971,.F.);
#602=ORIENTED_EDGE('',*,*,#1786,.T.);
#603=ORIENTED_EDGE('',*,*,#1972,.T.);
#604=ORIENTED_EDGE('',*,*,#1973,.F.);
#605=ORIENTED_EDGE('',*,*,#1974,.F.);
#606=ORIENTED_EDGE('',*,*,#1790,.T.);
#607=ORIENTED_EDGE('',*,*,#1975,.T.);
#608=ORIENTED_EDGE('',*,*,#1976,.F.);
#609=ORIENTED_EDGE('',*,*,#1977,.T.);
#610=ORIENTED_EDGE('',*,*,#1978,.T.);
#611=ORIENTED_EDGE('',*,*,#1979,.T.);
#612=ORIENTED_EDGE('',*,*,#1980,.T.);
#613=ORIENTED_EDGE('',*,*,#1981,.T.);
#614=ORIENTED_EDGE('',*,*,#1889,.F.);
#615=ORIENTED_EDGE('',*,*,#1982,.T.);
#616=ORIENTED_EDGE('',*,*,#1983,.F.);
#617=ORIENTED_EDGE('',*,*,#1797,.T.);
#618=ORIENTED_EDGE('',*,*,#1984,.T.);
#619=ORIENTED_EDGE('',*,*,#1985,.T.);
#620=ORIENTED_EDGE('',*,*,#1808,.F.);
#621=ORIENTED_EDGE('',*,*,#1986,.F.);
#622=ORIENTED_EDGE('',*,*,#1987,.T.);
#623=ORIENTED_EDGE('',*,*,#1988,.F.);
#624=ORIENTED_EDGE('',*,*,#1972,.F.);
#625=ORIENTED_EDGE('',*,*,#1989,.T.);
#626=ORIENTED_EDGE('',*,*,#1990,.F.);
#627=ORIENTED_EDGE('',*,*,#1982,.F.);
#628=ORIENTED_EDGE('',*,*,#1888,.T.);
#629=ORIENTED_EDGE('',*,*,#1991,.F.);
#630=ORIENTED_EDGE('',*,*,#1983,.T.);
#631=ORIENTED_EDGE('',*,*,#1990,.T.);
#632=ORIENTED_EDGE('',*,*,#1992,.F.);
#633=ORIENTED_EDGE('',*,*,#1993,.F.);
#634=ORIENTED_EDGE('',*,*,#1976,.T.);
#635=ORIENTED_EDGE('',*,*,#1994,.T.);
#636=ORIENTED_EDGE('',*,*,#1995,.F.);
#637=ORIENTED_EDGE('',*,*,#1996,.T.);
#638=ORIENTED_EDGE('',*,*,#1997,.F.);
#639=ORIENTED_EDGE('',*,*,#1977,.F.);
#640=ORIENTED_EDGE('',*,*,#1993,.T.);
#641=ORIENTED_EDGE('',*,*,#1998,.T.);
#642=ORIENTED_EDGE('',*,*,#1999,.F.);
#643=ORIENTED_EDGE('',*,*,#1978,.F.);
#644=ORIENTED_EDGE('',*,*,#1997,.T.);
#645=ORIENTED_EDGE('',*,*,#2000,.T.);
#646=ORIENTED_EDGE('',*,*,#2001,.F.);
#647=ORIENTED_EDGE('',*,*,#1979,.F.);
#648=ORIENTED_EDGE('',*,*,#1999,.T.);
#649=ORIENTED_EDGE('',*,*,#2002,.T.);
#650=ORIENTED_EDGE('',*,*,#2003,.F.);
#651=ORIENTED_EDGE('',*,*,#1980,.F.);
#652=ORIENTED_EDGE('',*,*,#2001,.T.);
#653=ORIENTED_EDGE('',*,*,#2004,.T.);
#654=ORIENTED_EDGE('',*,*,#1890,.F.);
#655=ORIENTED_EDGE('',*,*,#1981,.F.);
#656=ORIENTED_EDGE('',*,*,#2003,.T.);
#657=ORIENTED_EDGE('',*,*,#1887,.T.);
#658=ORIENTED_EDGE('',*,*,#2004,.F.);
#659=ORIENTED_EDGE('',*,*,#2002,.F.);
#660=ORIENTED_EDGE('',*,*,#2000,.F.);
#661=ORIENTED_EDGE('',*,*,#1998,.F.);
#662=ORIENTED_EDGE('',*,*,#1996,.F.);
#663=ORIENTED_EDGE('',*,*,#1992,.T.);
#664=ORIENTED_EDGE('',*,*,#1989,.F.);
#665=ORIENTED_EDGE('',*,*,#2005,.F.);
#666=ORIENTED_EDGE('',*,*,#2006,.F.);
#667=ORIENTED_EDGE('',*,*,#2007,.F.);
#668=ORIENTED_EDGE('',*,*,#1973,.T.);
#669=ORIENTED_EDGE('',*,*,#1988,.T.);
#670=ORIENTED_EDGE('',*,*,#2008,.F.);
#671=ORIENTED_EDGE('',*,*,#2009,.T.);
#672=ORIENTED_EDGE('',*,*,#1805,.T.);
#673=ORIENTED_EDGE('',*,*,#2010,.F.);
#674=ORIENTED_EDGE('',*,*,#2011,.T.);
#675=ORIENTED_EDGE('',*,*,#1802,.T.);
#676=ORIENTED_EDGE('',*,*,#2012,.F.);
#677=ORIENTED_EDGE('',*,*,#2013,.F.);
#678=ORIENTED_EDGE('',*,*,#1791,.F.);
#679=ORIENTED_EDGE('',*,*,#1974,.T.);
#680=ORIENTED_EDGE('',*,*,#2007,.T.);
#681=ORIENTED_EDGE('',*,*,#1801,.F.);
#682=ORIENTED_EDGE('',*,*,#2014,.F.);
#683=ORIENTED_EDGE('',*,*,#2015,.F.);
#684=ORIENTED_EDGE('',*,*,#2012,.T.);
#685=ORIENTED_EDGE('',*,*,#2016,.T.);
#686=ORIENTED_EDGE('',*,*,#2017,.T.);
#687=ORIENTED_EDGE('',*,*,#2018,.F.);
#688=ORIENTED_EDGE('',*,*,#2019,.T.);
#689=ORIENTED_EDGE('',*,*,#1793,.F.);
#690=ORIENTED_EDGE('',*,*,#2020,.T.);
#691=ORIENTED_EDGE('',*,*,#2014,.T.);
#692=ORIENTED_EDGE('',*,*,#1800,.T.);
#693=ORIENTED_EDGE('',*,*,#2017,.F.);
#694=ORIENTED_EDGE('',*,*,#1792,.F.);
#695=ORIENTED_EDGE('',*,*,#2013,.T.);
#696=ORIENTED_EDGE('',*,*,#2015,.T.);
#697=ORIENTED_EDGE('',*,*,#2020,.F.);
#698=ORIENTED_EDGE('',*,*,#2016,.F.);
#699=ORIENTED_EDGE('',*,*,#2021,.T.);
#700=ORIENTED_EDGE('',*,*,#1806,.T.);
#701=ORIENTED_EDGE('',*,*,#2009,.F.);
#702=ORIENTED_EDGE('',*,*,#2022,.T.);
#703=ORIENTED_EDGE('',*,*,#2023,.T.);
#704=ORIENTED_EDGE('',*,*,#2024,.T.);
#705=ORIENTED_EDGE('',*,*,#1807,.F.);
#706=ORIENTED_EDGE('',*,*,#2021,.F.);
#707=ORIENTED_EDGE('',*,*,#2025,.F.);
#708=ORIENTED_EDGE('',*,*,#1986,.T.);
#709=ORIENTED_EDGE('',*,*,#2024,.F.);
#710=ORIENTED_EDGE('',*,*,#2022,.F.);
#711=ORIENTED_EDGE('',*,*,#2008,.T.);
#712=ORIENTED_EDGE('',*,*,#1987,.F.);
#713=ORIENTED_EDGE('',*,*,#2025,.T.);
#714=ORIENTED_EDGE('',*,*,#2023,.F.);
#715=ORIENTED_EDGE('',*,*,#2026,.T.);
#716=ORIENTED_EDGE('',*,*,#1803,.T.);
#717=ORIENTED_EDGE('',*,*,#2011,.F.);
#718=ORIENTED_EDGE('',*,*,#2027,.T.);
#719=ORIENTED_EDGE('',*,*,#2028,.T.);
#720=ORIENTED_EDGE('',*,*,#2029,.T.);
#721=ORIENTED_EDGE('',*,*,#1804,.F.);
#722=ORIENTED_EDGE('',*,*,#2026,.F.);
#723=ORIENTED_EDGE('',*,*,#2030,.F.);
#724=ORIENTED_EDGE('',*,*,#2005,.T.);
#725=ORIENTED_EDGE('',*,*,#2029,.F.);
#726=ORIENTED_EDGE('',*,*,#2027,.F.);
#727=ORIENTED_EDGE('',*,*,#2010,.T.);
#728=ORIENTED_EDGE('',*,*,#2006,.T.);
#729=ORIENTED_EDGE('',*,*,#2030,.T.);
#730=ORIENTED_EDGE('',*,*,#2028,.F.);
#731=ORIENTED_EDGE('',*,*,#1812,.T.);
#732=ORIENTED_EDGE('',*,*,#1809,.T.);
#733=ORIENTED_EDGE('',*,*,#1985,.F.);
#734=ORIENTED_EDGE('',*,*,#2031,.T.);
#735=ORIENTED_EDGE('',*,*,#2032,.T.);
#736=ORIENTED_EDGE('',*,*,#2033,.T.);
#737=ORIENTED_EDGE('',*,*,#1796,.F.);
#738=ORIENTED_EDGE('',*,*,#1813,.T.);
#739=ORIENTED_EDGE('',*,*,#2031,.F.);
#740=ORIENTED_EDGE('',*,*,#1984,.F.);
#741=ORIENTED_EDGE('',*,*,#2033,.F.);
#742=ORIENTED_EDGE('',*,*,#2032,.F.);
#743=ORIENTED_EDGE('',*,*,#1991,.T.);
#744=ORIENTED_EDGE('',*,*,#2034,.F.);
#745=ORIENTED_EDGE('',*,*,#1787,.F.);
#746=ORIENTED_EDGE('',*,*,#1971,.T.);
#747=ORIENTED_EDGE('',*,*,#1995,.T.);
#748=ORIENTED_EDGE('',*,*,#2035,.F.);
#749=ORIENTED_EDGE('',*,*,#1788,.F.);
#750=ORIENTED_EDGE('',*,*,#2034,.T.);
#751=ORIENTED_EDGE('',*,*,#1994,.F.);
#752=ORIENTED_EDGE('',*,*,#1975,.F.);
#753=ORIENTED_EDGE('',*,*,#1789,.T.);
#754=ORIENTED_EDGE('',*,*,#2035,.T.);
#755=ORIENTED_EDGE('',*,*,#1892,.F.);
#756=ORIENTED_EDGE('',*,*,#2036,.F.);
#757=ORIENTED_EDGE('',*,*,#2037,.T.);
#758=ORIENTED_EDGE('',*,*,#2038,.T.);
#759=ORIENTED_EDGE('',*,*,#1891,.F.);
#760=ORIENTED_EDGE('',*,*,#2039,.F.);
#761=ORIENTED_EDGE('',*,*,#2040,.T.);
#762=ORIENTED_EDGE('',*,*,#2036,.T.);
#763=ORIENTED_EDGE('',*,*,#1901,.F.);
#764=ORIENTED_EDGE('',*,*,#2041,.F.);
#765=ORIENTED_EDGE('',*,*,#2042,.T.);
#766=ORIENTED_EDGE('',*,*,#2039,.T.);
#767=ORIENTED_EDGE('',*,*,#1900,.F.);
#768=ORIENTED_EDGE('',*,*,#2043,.F.);
#769=ORIENTED_EDGE('',*,*,#2044,.T.);
#770=ORIENTED_EDGE('',*,*,#2041,.T.);
#771=ORIENTED_EDGE('',*,*,#1899,.F.);
#772=ORIENTED_EDGE('',*,*,#2045,.F.);
#773=ORIENTED_EDGE('',*,*,#2046,.T.);
#774=ORIENTED_EDGE('',*,*,#2043,.T.);
#775=ORIENTED_EDGE('',*,*,#1898,.F.);
#776=ORIENTED_EDGE('',*,*,#2047,.F.);
#777=ORIENTED_EDGE('',*,*,#2048,.T.);
#778=ORIENTED_EDGE('',*,*,#2045,.T.);
#779=ORIENTED_EDGE('',*,*,#1897,.F.);
#780=ORIENTED_EDGE('',*,*,#2049,.F.);
#781=ORIENTED_EDGE('',*,*,#2050,.T.);
#782=ORIENTED_EDGE('',*,*,#2047,.T.);
#783=ORIENTED_EDGE('',*,*,#1896,.F.);
#784=ORIENTED_EDGE('',*,*,#2051,.F.);
#785=ORIENTED_EDGE('',*,*,#2052,.T.);
#786=ORIENTED_EDGE('',*,*,#2049,.T.);
#787=ORIENTED_EDGE('',*,*,#1895,.F.);
#788=ORIENTED_EDGE('',*,*,#2053,.F.);
#789=ORIENTED_EDGE('',*,*,#2054,.T.);
#790=ORIENTED_EDGE('',*,*,#2051,.T.);
#791=ORIENTED_EDGE('',*,*,#1894,.F.);
#792=ORIENTED_EDGE('',*,*,#2055,.F.);
#793=ORIENTED_EDGE('',*,*,#2056,.T.);
#794=ORIENTED_EDGE('',*,*,#2053,.T.);
#795=ORIENTED_EDGE('',*,*,#1893,.F.);
#796=ORIENTED_EDGE('',*,*,#2038,.F.);
#797=ORIENTED_EDGE('',*,*,#2057,.T.);
#798=ORIENTED_EDGE('',*,*,#2055,.T.);
#799=ORIENTED_EDGE('',*,*,#2037,.F.);
#800=ORIENTED_EDGE('',*,*,#2040,.F.);
#801=ORIENTED_EDGE('',*,*,#2042,.F.);
#802=ORIENTED_EDGE('',*,*,#2044,.F.);
#803=ORIENTED_EDGE('',*,*,#2046,.F.);
#804=ORIENTED_EDGE('',*,*,#2048,.F.);
#805=ORIENTED_EDGE('',*,*,#2050,.F.);
#806=ORIENTED_EDGE('',*,*,#2052,.F.);
#807=ORIENTED_EDGE('',*,*,#2054,.F.);
#808=ORIENTED_EDGE('',*,*,#2056,.F.);
#809=ORIENTED_EDGE('',*,*,#2057,.F.);
#810=ORIENTED_EDGE('',*,*,#1903,.F.);
#811=ORIENTED_EDGE('',*,*,#2058,.F.);
#812=ORIENTED_EDGE('',*,*,#2059,.T.);
#813=ORIENTED_EDGE('',*,*,#2060,.T.);
#814=ORIENTED_EDGE('',*,*,#1902,.F.);
#815=ORIENTED_EDGE('',*,*,#2061,.F.);
#816=ORIENTED_EDGE('',*,*,#2062,.T.);
#817=ORIENTED_EDGE('',*,*,#2058,.T.);
#818=ORIENTED_EDGE('',*,*,#1919,.F.);
#819=ORIENTED_EDGE('',*,*,#2063,.F.);
#820=ORIENTED_EDGE('',*,*,#2064,.T.);
#821=ORIENTED_EDGE('',*,*,#2061,.T.);
#822=ORIENTED_EDGE('',*,*,#1918,.F.);
#823=ORIENTED_EDGE('',*,*,#2065,.F.);
#824=ORIENTED_EDGE('',*,*,#2066,.T.);
#825=ORIENTED_EDGE('',*,*,#2063,.T.);
#826=ORIENTED_EDGE('',*,*,#1917,.F.);
#827=ORIENTED_EDGE('',*,*,#2067,.F.);
#828=ORIENTED_EDGE('',*,*,#2068,.T.);
#829=ORIENTED_EDGE('',*,*,#2065,.T.);
#830=ORIENTED_EDGE('',*,*,#1916,.F.);
#831=ORIENTED_EDGE('',*,*,#2069,.F.);
#832=ORIENTED_EDGE('',*,*,#2070,.T.);
#833=ORIENTED_EDGE('',*,*,#2067,.T.);
#834=ORIENTED_EDGE('',*,*,#1915,.F.);
#835=ORIENTED_EDGE('',*,*,#2071,.F.);
#836=ORIENTED_EDGE('',*,*,#2072,.T.);
#837=ORIENTED_EDGE('',*,*,#2069,.T.);
#838=ORIENTED_EDGE('',*,*,#1914,.F.);
#839=ORIENTED_EDGE('',*,*,#2073,.F.);
#840=ORIENTED_EDGE('',*,*,#2074,.T.);
#841=ORIENTED_EDGE('',*,*,#2071,.T.);
#842=ORIENTED_EDGE('',*,*,#1913,.F.);
#843=ORIENTED_EDGE('',*,*,#2075,.F.);
#844=ORIENTED_EDGE('',*,*,#2076,.T.);
#845=ORIENTED_EDGE('',*,*,#2073,.T.);
#846=ORIENTED_EDGE('',*,*,#1912,.F.);
#847=ORIENTED_EDGE('',*,*,#2077,.F.);
#848=ORIENTED_EDGE('',*,*,#2078,.T.);
#849=ORIENTED_EDGE('',*,*,#2075,.T.);
#850=ORIENTED_EDGE('',*,*,#1911,.F.);
#851=ORIENTED_EDGE('',*,*,#2079,.F.);
#852=ORIENTED_EDGE('',*,*,#2080,.T.);
#853=ORIENTED_EDGE('',*,*,#2077,.T.);
#854=ORIENTED_EDGE('',*,*,#1910,.F.);
#855=ORIENTED_EDGE('',*,*,#2081,.F.);
#856=ORIENTED_EDGE('',*,*,#2082,.T.);
#857=ORIENTED_EDGE('',*,*,#2079,.T.);
#858=ORIENTED_EDGE('',*,*,#1909,.F.);
#859=ORIENTED_EDGE('',*,*,#2083,.F.);
#860=ORIENTED_EDGE('',*,*,#2084,.T.);
#861=ORIENTED_EDGE('',*,*,#2081,.T.);
#862=ORIENTED_EDGE('',*,*,#1908,.F.);
#863=ORIENTED_EDGE('',*,*,#2085,.F.);
#864=ORIENTED_EDGE('',*,*,#2086,.T.);
#865=ORIENTED_EDGE('',*,*,#2083,.T.);
#866=ORIENTED_EDGE('',*,*,#1907,.F.);
#867=ORIENTED_EDGE('',*,*,#2087,.F.);
#868=ORIENTED_EDGE('',*,*,#2088,.T.);
#869=ORIENTED_EDGE('',*,*,#2085,.T.);
#870=ORIENTED_EDGE('',*,*,#1906,.F.);
#871=ORIENTED_EDGE('',*,*,#2089,.F.);
#872=ORIENTED_EDGE('',*,*,#2090,.T.);
#873=ORIENTED_EDGE('',*,*,#2087,.T.);
#874=ORIENTED_EDGE('',*,*,#1905,.F.);
#875=ORIENTED_EDGE('',*,*,#2091,.F.);
#876=ORIENTED_EDGE('',*,*,#2092,.T.);
#877=ORIENTED_EDGE('',*,*,#2089,.T.);
#878=ORIENTED_EDGE('',*,*,#1904,.F.);
#879=ORIENTED_EDGE('',*,*,#2060,.F.);
#880=ORIENTED_EDGE('',*,*,#2093,.T.);
#881=ORIENTED_EDGE('',*,*,#2091,.T.);
#882=ORIENTED_EDGE('',*,*,#2059,.F.);
#883=ORIENTED_EDGE('',*,*,#2062,.F.);
#884=ORIENTED_EDGE('',*,*,#2064,.F.);
#885=ORIENTED_EDGE('',*,*,#2066,.F.);
#886=ORIENTED_EDGE('',*,*,#2068,.F.);
#887=ORIENTED_EDGE('',*,*,#2070,.F.);
#888=ORIENTED_EDGE('',*,*,#2072,.F.);
#889=ORIENTED_EDGE('',*,*,#2074,.F.);
#890=ORIENTED_EDGE('',*,*,#2076,.F.);
#891=ORIENTED_EDGE('',*,*,#2078,.F.);
#892=ORIENTED_EDGE('',*,*,#2080,.F.);
#893=ORIENTED_EDGE('',*,*,#2082,.F.);
#894=ORIENTED_EDGE('',*,*,#2084,.F.);
#895=ORIENTED_EDGE('',*,*,#2086,.F.);
#896=ORIENTED_EDGE('',*,*,#2088,.F.);
#897=ORIENTED_EDGE('',*,*,#2090,.F.);
#898=ORIENTED_EDGE('',*,*,#2092,.F.);
#899=ORIENTED_EDGE('',*,*,#2093,.F.);
#900=ORIENTED_EDGE('',*,*,#2094,.F.);
#901=ORIENTED_EDGE('',*,*,#2095,.F.);
#902=ORIENTED_EDGE('',*,*,#2096,.T.);
#903=ORIENTED_EDGE('',*,*,#2097,.T.);
#904=ORIENTED_EDGE('',*,*,#2098,.F.);
#905=ORIENTED_EDGE('',*,*,#2099,.F.);
#906=ORIENTED_EDGE('',*,*,#2100,.T.);
#907=ORIENTED_EDGE('',*,*,#2095,.T.);
#908=ORIENTED_EDGE('',*,*,#2101,.F.);
#909=ORIENTED_EDGE('',*,*,#2102,.F.);
#910=ORIENTED_EDGE('',*,*,#2103,.T.);
#911=ORIENTED_EDGE('',*,*,#2099,.T.);
#912=ORIENTED_EDGE('',*,*,#2104,.F.);
#913=ORIENTED_EDGE('',*,*,#2105,.F.);
#914=ORIENTED_EDGE('',*,*,#2106,.T.);
#915=ORIENTED_EDGE('',*,*,#2102,.T.);
#916=ORIENTED_EDGE('',*,*,#1870,.F.);
#917=ORIENTED_EDGE('',*,*,#2107,.F.);
#918=ORIENTED_EDGE('',*,*,#2108,.T.);
#919=ORIENTED_EDGE('',*,*,#2109,.T.);
#920=ORIENTED_EDGE('',*,*,#1869,.F.);
#921=ORIENTED_EDGE('',*,*,#2110,.F.);
#922=ORIENTED_EDGE('',*,*,#2111,.T.);
#923=ORIENTED_EDGE('',*,*,#2107,.T.);
#924=ORIENTED_EDGE('',*,*,#1886,.F.);
#925=ORIENTED_EDGE('',*,*,#2112,.F.);
#926=ORIENTED_EDGE('',*,*,#2113,.T.);
#927=ORIENTED_EDGE('',*,*,#2110,.T.);
#928=ORIENTED_EDGE('',*,*,#1885,.F.);
#929=ORIENTED_EDGE('',*,*,#2114,.F.);
#930=ORIENTED_EDGE('',*,*,#2115,.T.);
#931=ORIENTED_EDGE('',*,*,#2112,.T.);
#932=ORIENTED_EDGE('',*,*,#1884,.F.);
#933=ORIENTED_EDGE('',*,*,#2116,.F.);
#934=ORIENTED_EDGE('',*,*,#2117,.T.);
#935=ORIENTED_EDGE('',*,*,#2114,.T.);
#936=ORIENTED_EDGE('',*,*,#1883,.F.);
#937=ORIENTED_EDGE('',*,*,#2118,.F.);
#938=ORIENTED_EDGE('',*,*,#2119,.T.);
#939=ORIENTED_EDGE('',*,*,#2116,.T.);
#940=ORIENTED_EDGE('',*,*,#1882,.F.);
#941=ORIENTED_EDGE('',*,*,#2120,.F.);
#942=ORIENTED_EDGE('',*,*,#2121,.T.);
#943=ORIENTED_EDGE('',*,*,#2118,.T.);
#944=ORIENTED_EDGE('',*,*,#1881,.F.);
#945=ORIENTED_EDGE('',*,*,#2122,.F.);
#946=ORIENTED_EDGE('',*,*,#2123,.T.);
#947=ORIENTED_EDGE('',*,*,#2120,.T.);
#948=ORIENTED_EDGE('',*,*,#1880,.F.);
#949=ORIENTED_EDGE('',*,*,#2124,.F.);
#950=ORIENTED_EDGE('',*,*,#2125,.T.);
#951=ORIENTED_EDGE('',*,*,#2122,.T.);
#952=ORIENTED_EDGE('',*,*,#1879,.F.);
#953=ORIENTED_EDGE('',*,*,#2126,.F.);
#954=ORIENTED_EDGE('',*,*,#2127,.T.);
#955=ORIENTED_EDGE('',*,*,#2124,.T.);
#956=ORIENTED_EDGE('',*,*,#1878,.F.);
#957=ORIENTED_EDGE('',*,*,#2128,.F.);
#958=ORIENTED_EDGE('',*,*,#2129,.T.);
#959=ORIENTED_EDGE('',*,*,#2126,.T.);
#960=ORIENTED_EDGE('',*,*,#1877,.F.);
#961=ORIENTED_EDGE('',*,*,#2130,.F.);
#962=ORIENTED_EDGE('',*,*,#2131,.T.);
#963=ORIENTED_EDGE('',*,*,#2128,.T.);
#964=ORIENTED_EDGE('',*,*,#1876,.F.);
#965=ORIENTED_EDGE('',*,*,#2132,.F.);
#966=ORIENTED_EDGE('',*,*,#2133,.T.);
#967=ORIENTED_EDGE('',*,*,#2130,.T.);
#968=ORIENTED_EDGE('',*,*,#1875,.F.);
#969=ORIENTED_EDGE('',*,*,#2134,.F.);
#970=ORIENTED_EDGE('',*,*,#2135,.T.);
#971=ORIENTED_EDGE('',*,*,#2132,.T.);
#972=ORIENTED_EDGE('',*,*,#1874,.F.);
#973=ORIENTED_EDGE('',*,*,#2136,.F.);
#974=ORIENTED_EDGE('',*,*,#2137,.T.);
#975=ORIENTED_EDGE('',*,*,#2134,.T.);
#976=ORIENTED_EDGE('',*,*,#1873,.F.);
#977=ORIENTED_EDGE('',*,*,#2138,.F.);
#978=ORIENTED_EDGE('',*,*,#2139,.T.);
#979=ORIENTED_EDGE('',*,*,#2136,.T.);
#980=ORIENTED_EDGE('',*,*,#1872,.F.);
#981=ORIENTED_EDGE('',*,*,#2140,.F.);
#982=ORIENTED_EDGE('',*,*,#2141,.T.);
#983=ORIENTED_EDGE('',*,*,#2138,.T.);
#984=ORIENTED_EDGE('',*,*,#1871,.F.);
#985=ORIENTED_EDGE('',*,*,#2109,.F.);
#986=ORIENTED_EDGE('',*,*,#2142,.T.);
#987=ORIENTED_EDGE('',*,*,#2140,.T.);
#988=ORIENTED_EDGE('',*,*,#2143,.F.);
#989=ORIENTED_EDGE('',*,*,#2097,.F.);
#990=ORIENTED_EDGE('',*,*,#2144,.T.);
#991=ORIENTED_EDGE('',*,*,#2105,.T.);
#992=ORIENTED_EDGE('',*,*,#2108,.F.);
#993=ORIENTED_EDGE('',*,*,#2111,.F.);
#994=ORIENTED_EDGE('',*,*,#2113,.F.);
#995=ORIENTED_EDGE('',*,*,#2115,.F.);
#996=ORIENTED_EDGE('',*,*,#2117,.F.);
#997=ORIENTED_EDGE('',*,*,#2119,.F.);
#998=ORIENTED_EDGE('',*,*,#2121,.F.);
#999=ORIENTED_EDGE('',*,*,#2123,.F.);
#1000=ORIENTED_EDGE('',*,*,#2125,.F.);
#1001=ORIENTED_EDGE('',*,*,#2127,.F.);
#1002=ORIENTED_EDGE('',*,*,#2129,.F.);
#1003=ORIENTED_EDGE('',*,*,#2131,.F.);
#1004=ORIENTED_EDGE('',*,*,#2133,.F.);
#1005=ORIENTED_EDGE('',*,*,#2135,.F.);
#1006=ORIENTED_EDGE('',*,*,#2137,.F.);
#1007=ORIENTED_EDGE('',*,*,#2139,.F.);
#1008=ORIENTED_EDGE('',*,*,#2141,.F.);
#1009=ORIENTED_EDGE('',*,*,#2142,.F.);
#1010=ORIENTED_EDGE('',*,*,#2096,.F.);
#1011=ORIENTED_EDGE('',*,*,#2100,.F.);
#1012=ORIENTED_EDGE('',*,*,#2103,.F.);
#1013=ORIENTED_EDGE('',*,*,#2106,.F.);
#1014=ORIENTED_EDGE('',*,*,#2144,.F.);
#1015=ORIENTED_EDGE('',*,*,#2145,.F.);
#1016=ORIENTED_EDGE('',*,*,#2146,.F.);
#1017=ORIENTED_EDGE('',*,*,#2147,.T.);
#1018=ORIENTED_EDGE('',*,*,#2148,.T.);
#1019=ORIENTED_EDGE('',*,*,#2149,.F.);
#1020=ORIENTED_EDGE('',*,*,#2150,.F.);
#1021=ORIENTED_EDGE('',*,*,#2151,.T.);
#1022=ORIENTED_EDGE('',*,*,#2146,.T.);
#1023=ORIENTED_EDGE('',*,*,#2152,.F.);
#1024=ORIENTED_EDGE('',*,*,#2153,.F.);
#1025=ORIENTED_EDGE('',*,*,#2154,.T.);
#1026=ORIENTED_EDGE('',*,*,#2150,.T.);
#1027=ORIENTED_EDGE('',*,*,#2155,.F.);
#1028=ORIENTED_EDGE('',*,*,#2156,.F.);
#1029=ORIENTED_EDGE('',*,*,#2157,.T.);
#1030=ORIENTED_EDGE('',*,*,#2153,.T.);
#1031=ORIENTED_EDGE('',*,*,#2158,.F.);
#1032=ORIENTED_EDGE('',*,*,#2159,.F.);
#1033=ORIENTED_EDGE('',*,*,#2160,.T.);
#1034=ORIENTED_EDGE('',*,*,#2156,.T.);
#1035=ORIENTED_EDGE('',*,*,#2161,.F.);
#1036=ORIENTED_EDGE('',*,*,#2162,.F.);
#1037=ORIENTED_EDGE('',*,*,#2163,.T.);
#1038=ORIENTED_EDGE('',*,*,#2159,.T.);
#1039=ORIENTED_EDGE('',*,*,#1921,.F.);
#1040=ORIENTED_EDGE('',*,*,#2164,.F.);
#1041=ORIENTED_EDGE('',*,*,#2165,.T.);
#1042=ORIENTED_EDGE('',*,*,#2166,.T.);
#1043=ORIENTED_EDGE('',*,*,#1920,.F.);
#1044=ORIENTED_EDGE('',*,*,#2167,.F.);
#1045=ORIENTED_EDGE('',*,*,#2168,.T.);
#1046=ORIENTED_EDGE('',*,*,#2164,.T.);
#1047=ORIENTED_EDGE('',*,*,#1928,.F.);
#1048=ORIENTED_EDGE('',*,*,#2169,.F.);
#1049=ORIENTED_EDGE('',*,*,#2170,.T.);
#1050=ORIENTED_EDGE('',*,*,#2167,.T.);
#1051=ORIENTED_EDGE('',*,*,#1927,.F.);
#1052=ORIENTED_EDGE('',*,*,#2171,.F.);
#1053=ORIENTED_EDGE('',*,*,#2172,.T.);
#1054=ORIENTED_EDGE('',*,*,#2169,.T.);
#1055=ORIENTED_EDGE('',*,*,#1926,.F.);
#1056=ORIENTED_EDGE('',*,*,#2173,.F.);
#1057=ORIENTED_EDGE('',*,*,#2174,.T.);
#1058=ORIENTED_EDGE('',*,*,#2171,.T.);
#1059=ORIENTED_EDGE('',*,*,#1925,.F.);
#1060=ORIENTED_EDGE('',*,*,#2175,.F.);
#1061=ORIENTED_EDGE('',*,*,#2176,.T.);
#1062=ORIENTED_EDGE('',*,*,#2173,.T.);
#1063=ORIENTED_EDGE('',*,*,#1924,.F.);
#1064=ORIENTED_EDGE('',*,*,#2177,.F.);
#1065=ORIENTED_EDGE('',*,*,#2178,.T.);
#1066=ORIENTED_EDGE('',*,*,#2175,.T.);
#1067=ORIENTED_EDGE('',*,*,#1923,.F.);
#1068=ORIENTED_EDGE('',*,*,#2179,.F.);
#1069=ORIENTED_EDGE('',*,*,#2180,.T.);
#1070=ORIENTED_EDGE('',*,*,#2177,.T.);
#1071=ORIENTED_EDGE('',*,*,#1922,.F.);
#1072=ORIENTED_EDGE('',*,*,#2166,.F.);
#1073=ORIENTED_EDGE('',*,*,#2181,.T.);
#1074=ORIENTED_EDGE('',*,*,#2179,.T.);
#1075=ORIENTED_EDGE('',*,*,#2182,.F.);
#1076=ORIENTED_EDGE('',*,*,#2148,.F.);
#1077=ORIENTED_EDGE('',*,*,#2183,.T.);
#1078=ORIENTED_EDGE('',*,*,#2162,.T.);
#1079=ORIENTED_EDGE('',*,*,#2165,.F.);
#1080=ORIENTED_EDGE('',*,*,#2168,.F.);
#1081=ORIENTED_EDGE('',*,*,#2170,.F.);
#1082=ORIENTED_EDGE('',*,*,#2172,.F.);
#1083=ORIENTED_EDGE('',*,*,#2174,.F.);
#1084=ORIENTED_EDGE('',*,*,#2176,.F.);
#1085=ORIENTED_EDGE('',*,*,#2178,.F.);
#1086=ORIENTED_EDGE('',*,*,#2180,.F.);
#1087=ORIENTED_EDGE('',*,*,#2181,.F.);
#1088=ORIENTED_EDGE('',*,*,#2147,.F.);
#1089=ORIENTED_EDGE('',*,*,#2151,.F.);
#1090=ORIENTED_EDGE('',*,*,#2154,.F.);
#1091=ORIENTED_EDGE('',*,*,#2157,.F.);
#1092=ORIENTED_EDGE('',*,*,#2160,.F.);
#1093=ORIENTED_EDGE('',*,*,#2163,.F.);
#1094=ORIENTED_EDGE('',*,*,#2183,.F.);
#1095=ORIENTED_EDGE('',*,*,#2184,.F.);
#1096=ORIENTED_EDGE('',*,*,#2185,.F.);
#1097=ORIENTED_EDGE('',*,*,#2186,.T.);
#1098=ORIENTED_EDGE('',*,*,#2187,.T.);
#1099=ORIENTED_EDGE('',*,*,#2188,.F.);
#1100=ORIENTED_EDGE('',*,*,#2189,.F.);
#1101=ORIENTED_EDGE('',*,*,#2190,.T.);
#1102=ORIENTED_EDGE('',*,*,#2185,.T.);
#1103=ORIENTED_EDGE('',*,*,#2191,.F.);
#1104=ORIENTED_EDGE('',*,*,#2192,.F.);
#1105=ORIENTED_EDGE('',*,*,#2193,.T.);
#1106=ORIENTED_EDGE('',*,*,#2189,.T.);
#1107=ORIENTED_EDGE('',*,*,#2194,.F.);
#1108=ORIENTED_EDGE('',*,*,#2195,.F.);
#1109=ORIENTED_EDGE('',*,*,#2196,.T.);
#1110=ORIENTED_EDGE('',*,*,#2192,.T.);
#1111=ORIENTED_EDGE('',*,*,#2197,.F.);
#1112=ORIENTED_EDGE('',*,*,#2198,.F.);
#1113=ORIENTED_EDGE('',*,*,#2199,.T.);
#1114=ORIENTED_EDGE('',*,*,#2195,.T.);
#1115=ORIENTED_EDGE('',*,*,#2200,.F.);
#1116=ORIENTED_EDGE('',*,*,#2201,.F.);
#1117=ORIENTED_EDGE('',*,*,#2202,.T.);
#1118=ORIENTED_EDGE('',*,*,#2198,.T.);
#1119=ORIENTED_EDGE('',*,*,#2203,.F.);
#1120=ORIENTED_EDGE('',*,*,#2204,.F.);
#1121=ORIENTED_EDGE('',*,*,#2205,.T.);
#1122=ORIENTED_EDGE('',*,*,#2201,.T.);
#1123=ORIENTED_EDGE('',*,*,#1855,.F.);
#1124=ORIENTED_EDGE('',*,*,#2206,.F.);
#1125=ORIENTED_EDGE('',*,*,#2207,.T.);
#1126=ORIENTED_EDGE('',*,*,#2208,.T.);
#1127=ORIENTED_EDGE('',*,*,#1854,.F.);
#1128=ORIENTED_EDGE('',*,*,#2209,.F.);
#1129=ORIENTED_EDGE('',*,*,#2210,.T.);
#1130=ORIENTED_EDGE('',*,*,#2206,.T.);
#1131=ORIENTED_EDGE('',*,*,#1868,.F.);
#1132=ORIENTED_EDGE('',*,*,#2211,.F.);
#1133=ORIENTED_EDGE('',*,*,#2212,.T.);
#1134=ORIENTED_EDGE('',*,*,#2209,.T.);
#1135=ORIENTED_EDGE('',*,*,#1867,.F.);
#1136=ORIENTED_EDGE('',*,*,#2213,.F.);
#1137=ORIENTED_EDGE('',*,*,#2214,.T.);
#1138=ORIENTED_EDGE('',*,*,#2211,.T.);
#1139=ORIENTED_EDGE('',*,*,#1866,.F.);
#1140=ORIENTED_EDGE('',*,*,#2215,.F.);
#1141=ORIENTED_EDGE('',*,*,#2216,.T.);
#1142=ORIENTED_EDGE('',*,*,#2213,.T.);
#1143=ORIENTED_EDGE('',*,*,#1865,.F.);
#1144=ORIENTED_EDGE('',*,*,#2217,.F.);
#1145=ORIENTED_EDGE('',*,*,#2218,.T.);
#1146=ORIENTED_EDGE('',*,*,#2215,.T.);
#1147=ORIENTED_EDGE('',*,*,#1864,.F.);
#1148=ORIENTED_EDGE('',*,*,#2219,.F.);
#1149=ORIENTED_EDGE('',*,*,#2220,.T.);
#1150=ORIENTED_EDGE('',*,*,#2217,.T.);
#1151=ORIENTED_EDGE('',*,*,#1863,.F.);
#1152=ORIENTED_EDGE('',*,*,#2221,.F.);
#1153=ORIENTED_EDGE('',*,*,#2222,.T.);
#1154=ORIENTED_EDGE('',*,*,#2219,.T.);
#1155=ORIENTED_EDGE('',*,*,#1862,.F.);
#1156=ORIENTED_EDGE('',*,*,#2223,.F.);
#1157=ORIENTED_EDGE('',*,*,#2224,.T.);
#1158=ORIENTED_EDGE('',*,*,#2221,.T.);
#1159=ORIENTED_EDGE('',*,*,#1861,.F.);
#1160=ORIENTED_EDGE('',*,*,#2225,.F.);
#1161=ORIENTED_EDGE('',*,*,#2226,.T.);
#1162=ORIENTED_EDGE('',*,*,#2223,.T.);
#1163=ORIENTED_EDGE('',*,*,#1860,.F.);
#1164=ORIENTED_EDGE('',*,*,#2227,.F.);
#1165=ORIENTED_EDGE('',*,*,#2228,.T.);
#1166=ORIENTED_EDGE('',*,*,#2225,.T.);
#1167=ORIENTED_EDGE('',*,*,#1859,.F.);
#1168=ORIENTED_EDGE('',*,*,#2229,.F.);
#1169=ORIENTED_EDGE('',*,*,#2230,.T.);
#1170=ORIENTED_EDGE('',*,*,#2227,.T.);
#1171=ORIENTED_EDGE('',*,*,#1858,.F.);
#1172=ORIENTED_EDGE('',*,*,#2231,.F.);
#1173=ORIENTED_EDGE('',*,*,#2232,.T.);
#1174=ORIENTED_EDGE('',*,*,#2229,.T.);
#1175=ORIENTED_EDGE('',*,*,#1857,.F.);
#1176=ORIENTED_EDGE('',*,*,#2233,.F.);
#1177=ORIENTED_EDGE('',*,*,#2234,.T.);
#1178=ORIENTED_EDGE('',*,*,#2231,.T.);
#1179=ORIENTED_EDGE('',*,*,#1856,.F.);
#1180=ORIENTED_EDGE('',*,*,#2208,.F.);
#1181=ORIENTED_EDGE('',*,*,#2235,.T.);
#1182=ORIENTED_EDGE('',*,*,#2233,.T.);
#1183=ORIENTED_EDGE('',*,*,#2236,.F.);
#1184=ORIENTED_EDGE('',*,*,#2187,.F.);
#1185=ORIENTED_EDGE('',*,*,#2237,.T.);
#1186=ORIENTED_EDGE('',*,*,#2204,.T.);
#1187=ORIENTED_EDGE('',*,*,#2207,.F.);
#1188=ORIENTED_EDGE('',*,*,#2210,.F.);
#1189=ORIENTED_EDGE('',*,*,#2212,.F.);
#1190=ORIENTED_EDGE('',*,*,#2214,.F.);
#1191=ORIENTED_EDGE('',*,*,#2216,.F.);
#1192=ORIENTED_EDGE('',*,*,#2218,.F.);
#1193=ORIENTED_EDGE('',*,*,#2220,.F.);
#1194=ORIENTED_EDGE('',*,*,#2222,.F.);
#1195=ORIENTED_EDGE('',*,*,#2224,.F.);
#1196=ORIENTED_EDGE('',*,*,#2226,.F.);
#1197=ORIENTED_EDGE('',*,*,#2228,.F.);
#1198=ORIENTED_EDGE('',*,*,#2230,.F.);
#1199=ORIENTED_EDGE('',*,*,#2232,.F.);
#1200=ORIENTED_EDGE('',*,*,#2234,.F.);
#1201=ORIENTED_EDGE('',*,*,#2235,.F.);
#1202=ORIENTED_EDGE('',*,*,#2186,.F.);
#1203=ORIENTED_EDGE('',*,*,#2190,.F.);
#1204=ORIENTED_EDGE('',*,*,#2193,.F.);
#1205=ORIENTED_EDGE('',*,*,#2196,.F.);
#1206=ORIENTED_EDGE('',*,*,#2199,.F.);
#1207=ORIENTED_EDGE('',*,*,#2202,.F.);
#1208=ORIENTED_EDGE('',*,*,#2205,.F.);
#1209=ORIENTED_EDGE('',*,*,#2237,.F.);
#1210=ORIENTED_EDGE('',*,*,#2238,.F.);
#1211=ORIENTED_EDGE('',*,*,#2239,.F.);
#1212=ORIENTED_EDGE('',*,*,#2240,.T.);
#1213=ORIENTED_EDGE('',*,*,#2241,.T.);
#1214=ORIENTED_EDGE('',*,*,#2242,.F.);
#1215=ORIENTED_EDGE('',*,*,#2243,.F.);
#1216=ORIENTED_EDGE('',*,*,#2244,.T.);
#1217=ORIENTED_EDGE('',*,*,#2239,.T.);
#1218=ORIENTED_EDGE('',*,*,#2245,.F.);
#1219=ORIENTED_EDGE('',*,*,#2246,.F.);
#1220=ORIENTED_EDGE('',*,*,#2247,.T.);
#1221=ORIENTED_EDGE('',*,*,#2243,.T.);
#1222=ORIENTED_EDGE('',*,*,#2248,.F.);
#1223=ORIENTED_EDGE('',*,*,#2249,.F.);
#1224=ORIENTED_EDGE('',*,*,#2250,.T.);
#1225=ORIENTED_EDGE('',*,*,#2246,.T.);
#1226=ORIENTED_EDGE('',*,*,#2251,.F.);
#1227=ORIENTED_EDGE('',*,*,#2252,.F.);
#1228=ORIENTED_EDGE('',*,*,#2253,.T.);
#1229=ORIENTED_EDGE('',*,*,#2249,.T.);
#1230=ORIENTED_EDGE('',*,*,#2254,.F.);
#1231=ORIENTED_EDGE('',*,*,#2255,.F.);
#1232=ORIENTED_EDGE('',*,*,#2256,.T.);
#1233=ORIENTED_EDGE('',*,*,#2252,.T.);
#1234=ORIENTED_EDGE('',*,*,#2257,.F.);
#1235=ORIENTED_EDGE('',*,*,#2258,.F.);
#1236=ORIENTED_EDGE('',*,*,#2259,.T.);
#1237=ORIENTED_EDGE('',*,*,#2255,.T.);
#1238=ORIENTED_EDGE('',*,*,#1930,.F.);
#1239=ORIENTED_EDGE('',*,*,#2260,.F.);
#1240=ORIENTED_EDGE('',*,*,#2261,.T.);
#1241=ORIENTED_EDGE('',*,*,#2262,.T.);
#1242=ORIENTED_EDGE('',*,*,#1929,.F.);
#1243=ORIENTED_EDGE('',*,*,#2263,.F.);
#1244=ORIENTED_EDGE('',*,*,#2264,.T.);
#1245=ORIENTED_EDGE('',*,*,#2260,.T.);
#1246=ORIENTED_EDGE('',*,*,#1943,.F.);
#1247=ORIENTED_EDGE('',*,*,#2265,.F.);
#1248=ORIENTED_EDGE('',*,*,#2266,.T.);
#1249=ORIENTED_EDGE('',*,*,#2263,.T.);
#1250=ORIENTED_EDGE('',*,*,#1942,.F.);
#1251=ORIENTED_EDGE('',*,*,#2267,.F.);
#1252=ORIENTED_EDGE('',*,*,#2268,.T.);
#1253=ORIENTED_EDGE('',*,*,#2265,.T.);
#1254=ORIENTED_EDGE('',*,*,#1941,.F.);
#1255=ORIENTED_EDGE('',*,*,#2269,.F.);
#1256=ORIENTED_EDGE('',*,*,#2270,.T.);
#1257=ORIENTED_EDGE('',*,*,#2267,.T.);
#1258=ORIENTED_EDGE('',*,*,#1940,.F.);
#1259=ORIENTED_EDGE('',*,*,#2271,.F.);
#1260=ORIENTED_EDGE('',*,*,#2272,.T.);
#1261=ORIENTED_EDGE('',*,*,#2269,.T.);
#1262=ORIENTED_EDGE('',*,*,#1939,.F.);
#1263=ORIENTED_EDGE('',*,*,#2273,.F.);
#1264=ORIENTED_EDGE('',*,*,#2274,.T.);
#1265=ORIENTED_EDGE('',*,*,#2271,.T.);
#1266=ORIENTED_EDGE('',*,*,#1938,.F.);
#1267=ORIENTED_EDGE('',*,*,#2275,.F.);
#1268=ORIENTED_EDGE('',*,*,#2276,.T.);
#1269=ORIENTED_EDGE('',*,*,#2273,.T.);
#1270=ORIENTED_EDGE('',*,*,#1937,.F.);
#1271=ORIENTED_EDGE('',*,*,#2277,.F.);
#1272=ORIENTED_EDGE('',*,*,#2278,.T.);
#1273=ORIENTED_EDGE('',*,*,#2275,.T.);
#1274=ORIENTED_EDGE('',*,*,#1936,.F.);
#1275=ORIENTED_EDGE('',*,*,#2279,.F.);
#1276=ORIENTED_EDGE('',*,*,#2280,.T.);
#1277=ORIENTED_EDGE('',*,*,#2277,.T.);
#1278=ORIENTED_EDGE('',*,*,#1935,.F.);
#1279=ORIENTED_EDGE('',*,*,#2281,.F.);
#1280=ORIENTED_EDGE('',*,*,#2282,.T.);
#1281=ORIENTED_EDGE('',*,*,#2279,.T.);
#1282=ORIENTED_EDGE('',*,*,#1934,.F.);
#1283=ORIENTED_EDGE('',*,*,#2283,.F.);
#1284=ORIENTED_EDGE('',*,*,#2284,.T.);
#1285=ORIENTED_EDGE('',*,*,#2281,.T.);
#1286=ORIENTED_EDGE('',*,*,#1933,.F.);
#1287=ORIENTED_EDGE('',*,*,#2285,.F.);
#1288=ORIENTED_EDGE('',*,*,#2286,.T.);
#1289=ORIENTED_EDGE('',*,*,#2283,.T.);
#1290=ORIENTED_EDGE('',*,*,#1932,.F.);
#1291=ORIENTED_EDGE('',*,*,#2287,.F.);
#1292=ORIENTED_EDGE('',*,*,#2288,.T.);
#1293=ORIENTED_EDGE('',*,*,#2285,.T.);
#1294=ORIENTED_EDGE('',*,*,#1931,.F.);
#1295=ORIENTED_EDGE('',*,*,#2262,.F.);
#1296=ORIENTED_EDGE('',*,*,#2289,.T.);
#1297=ORIENTED_EDGE('',*,*,#2287,.T.);
#1298=ORIENTED_EDGE('',*,*,#2290,.F.);
#1299=ORIENTED_EDGE('',*,*,#2241,.F.);
#1300=ORIENTED_EDGE('',*,*,#2291,.T.);
#1301=ORIENTED_EDGE('',*,*,#2258,.T.);
#1302=ORIENTED_EDGE('',*,*,#2261,.F.);
#1303=ORIENTED_EDGE('',*,*,#2264,.F.);
#1304=ORIENTED_EDGE('',*,*,#2266,.F.);
#1305=ORIENTED_EDGE('',*,*,#2268,.F.);
#1306=ORIENTED_EDGE('',*,*,#2270,.F.);
#1307=ORIENTED_EDGE('',*,*,#2272,.F.);
#1308=ORIENTED_EDGE('',*,*,#2274,.F.);
#1309=ORIENTED_EDGE('',*,*,#2276,.F.);
#1310=ORIENTED_EDGE('',*,*,#2278,.F.);
#1311=ORIENTED_EDGE('',*,*,#2280,.F.);
#1312=ORIENTED_EDGE('',*,*,#2282,.F.);
#1313=ORIENTED_EDGE('',*,*,#2284,.F.);
#1314=ORIENTED_EDGE('',*,*,#2286,.F.);
#1315=ORIENTED_EDGE('',*,*,#2288,.F.);
#1316=ORIENTED_EDGE('',*,*,#2289,.F.);
#1317=ORIENTED_EDGE('',*,*,#2240,.F.);
#1318=ORIENTED_EDGE('',*,*,#2244,.F.);
#1319=ORIENTED_EDGE('',*,*,#2247,.F.);
#1320=ORIENTED_EDGE('',*,*,#2250,.F.);
#1321=ORIENTED_EDGE('',*,*,#2253,.F.);
#1322=ORIENTED_EDGE('',*,*,#2256,.F.);
#1323=ORIENTED_EDGE('',*,*,#2259,.F.);
#1324=ORIENTED_EDGE('',*,*,#2291,.F.);
#1325=ORIENTED_EDGE('',*,*,#2292,.F.);
#1326=ORIENTED_EDGE('',*,*,#2293,.F.);
#1327=ORIENTED_EDGE('',*,*,#2294,.T.);
#1328=ORIENTED_EDGE('',*,*,#2295,.T.);
#1329=ORIENTED_EDGE('',*,*,#2296,.F.);
#1330=ORIENTED_EDGE('',*,*,#2297,.F.);
#1331=ORIENTED_EDGE('',*,*,#2298,.T.);
#1332=ORIENTED_EDGE('',*,*,#2293,.T.);
#1333=ORIENTED_EDGE('',*,*,#2299,.F.);
#1334=ORIENTED_EDGE('',*,*,#2300,.F.);
#1335=ORIENTED_EDGE('',*,*,#2301,.T.);
#1336=ORIENTED_EDGE('',*,*,#2297,.T.);
#1337=ORIENTED_EDGE('',*,*,#2302,.F.);
#1338=ORIENTED_EDGE('',*,*,#2303,.F.);
#1339=ORIENTED_EDGE('',*,*,#2304,.T.);
#1340=ORIENTED_EDGE('',*,*,#2300,.T.);
#1341=ORIENTED_EDGE('',*,*,#2305,.F.);
#1342=ORIENTED_EDGE('',*,*,#2306,.F.);
#1343=ORIENTED_EDGE('',*,*,#2307,.T.);
#1344=ORIENTED_EDGE('',*,*,#2303,.T.);
#1345=ORIENTED_EDGE('',*,*,#2308,.F.);
#1346=ORIENTED_EDGE('',*,*,#2309,.F.);
#1347=ORIENTED_EDGE('',*,*,#2310,.T.);
#1348=ORIENTED_EDGE('',*,*,#2306,.T.);
#1349=ORIENTED_EDGE('',*,*,#1844,.F.);
#1350=ORIENTED_EDGE('',*,*,#2311,.F.);
#1351=ORIENTED_EDGE('',*,*,#2312,.T.);
#1352=ORIENTED_EDGE('',*,*,#2313,.T.);
#1353=ORIENTED_EDGE('',*,*,#1843,.F.);
#1354=ORIENTED_EDGE('',*,*,#2314,.F.);
#1355=ORIENTED_EDGE('',*,*,#2315,.T.);
#1356=ORIENTED_EDGE('',*,*,#2311,.T.);
#1357=ORIENTED_EDGE('',*,*,#1853,.F.);
#1358=ORIENTED_EDGE('',*,*,#2316,.F.);
#1359=ORIENTED_EDGE('',*,*,#2317,.T.);
#1360=ORIENTED_EDGE('',*,*,#2314,.T.);
#1361=ORIENTED_EDGE('',*,*,#1852,.F.);
#1362=ORIENTED_EDGE('',*,*,#2318,.F.);
#1363=ORIENTED_EDGE('',*,*,#2319,.T.);
#1364=ORIENTED_EDGE('',*,*,#2316,.T.);
#1365=ORIENTED_EDGE('',*,*,#1851,.F.);
#1366=ORIENTED_EDGE('',*,*,#2320,.F.);
#1367=ORIENTED_EDGE('',*,*,#2321,.T.);
#1368=ORIENTED_EDGE('',*,*,#2318,.T.);
#1369=ORIENTED_EDGE('',*,*,#1850,.F.);
#1370=ORIENTED_EDGE('',*,*,#2322,.F.);
#1371=ORIENTED_EDGE('',*,*,#2323,.T.);
#1372=ORIENTED_EDGE('',*,*,#2320,.T.);
#1373=ORIENTED_EDGE('',*,*,#1849,.F.);
#1374=ORIENTED_EDGE('',*,*,#2324,.F.);
#1375=ORIENTED_EDGE('',*,*,#2325,.T.);
#1376=ORIENTED_EDGE('',*,*,#2322,.T.);
#1377=ORIENTED_EDGE('',*,*,#1848,.F.);
#1378=ORIENTED_EDGE('',*,*,#2326,.F.);
#1379=ORIENTED_EDGE('',*,*,#2327,.T.);
#1380=ORIENTED_EDGE('',*,*,#2324,.T.);
#1381=ORIENTED_EDGE('',*,*,#1847,.F.);
#1382=ORIENTED_EDGE('',*,*,#2328,.F.);
#1383=ORIENTED_EDGE('',*,*,#2329,.T.);
#1384=ORIENTED_EDGE('',*,*,#2326,.T.);
#1385=ORIENTED_EDGE('',*,*,#1846,.F.);
#1386=ORIENTED_EDGE('',*,*,#2330,.F.);
#1387=ORIENTED_EDGE('',*,*,#2331,.T.);
#1388=ORIENTED_EDGE('',*,*,#2328,.T.);
#1389=ORIENTED_EDGE('',*,*,#1845,.F.);
#1390=ORIENTED_EDGE('',*,*,#2313,.F.);
#1391=ORIENTED_EDGE('',*,*,#2332,.T.);
#1392=ORIENTED_EDGE('',*,*,#2330,.T.);
#1393=ORIENTED_EDGE('',*,*,#2333,.F.);
#1394=ORIENTED_EDGE('',*,*,#2295,.F.);
#1395=ORIENTED_EDGE('',*,*,#2334,.T.);
#1396=ORIENTED_EDGE('',*,*,#2309,.T.);
#1397=ORIENTED_EDGE('',*,*,#2312,.F.);
#1398=ORIENTED_EDGE('',*,*,#2315,.F.);
#1399=ORIENTED_EDGE('',*,*,#2317,.F.);
#1400=ORIENTED_EDGE('',*,*,#2319,.F.);
#1401=ORIENTED_EDGE('',*,*,#2321,.F.);
#1402=ORIENTED_EDGE('',*,*,#2323,.F.);
#1403=ORIENTED_EDGE('',*,*,#2325,.F.);
#1404=ORIENTED_EDGE('',*,*,#2327,.F.);
#1405=ORIENTED_EDGE('',*,*,#2329,.F.);
#1406=ORIENTED_EDGE('',*,*,#2331,.F.);
#1407=ORIENTED_EDGE('',*,*,#2332,.F.);
#1408=ORIENTED_EDGE('',*,*,#2294,.F.);
#1409=ORIENTED_EDGE('',*,*,#2298,.F.);
#1410=ORIENTED_EDGE('',*,*,#2301,.F.);
#1411=ORIENTED_EDGE('',*,*,#2304,.F.);
#1412=ORIENTED_EDGE('',*,*,#2307,.F.);
#1413=ORIENTED_EDGE('',*,*,#2310,.F.);
#1414=ORIENTED_EDGE('',*,*,#2334,.F.);
#1415=ORIENTED_EDGE('',*,*,#1833,.F.);
#1416=ORIENTED_EDGE('',*,*,#2335,.F.);
#1417=ORIENTED_EDGE('',*,*,#2336,.T.);
#1418=ORIENTED_EDGE('',*,*,#2337,.T.);
#1419=ORIENTED_EDGE('',*,*,#1832,.F.);
#1420=ORIENTED_EDGE('',*,*,#2338,.F.);
#1421=ORIENTED_EDGE('',*,*,#2339,.T.);
#1422=ORIENTED_EDGE('',*,*,#2335,.T.);
#1423=ORIENTED_EDGE('',*,*,#1842,.F.);
#1424=ORIENTED_EDGE('',*,*,#2340,.F.);
#1425=ORIENTED_EDGE('',*,*,#2341,.T.);
#1426=ORIENTED_EDGE('',*,*,#2338,.T.);
#1427=ORIENTED_EDGE('',*,*,#1841,.F.);
#1428=ORIENTED_EDGE('',*,*,#2342,.F.);
#1429=ORIENTED_EDGE('',*,*,#2343,.T.);
#1430=ORIENTED_EDGE('',*,*,#2340,.T.);
#1431=ORIENTED_EDGE('',*,*,#1840,.F.);
#1432=ORIENTED_EDGE('',*,*,#2344,.F.);
#1433=ORIENTED_EDGE('',*,*,#2345,.T.);
#1434=ORIENTED_EDGE('',*,*,#2342,.T.);
#1435=ORIENTED_EDGE('',*,*,#1839,.F.);
#1436=ORIENTED_EDGE('',*,*,#2346,.F.);
#1437=ORIENTED_EDGE('',*,*,#2347,.T.);
#1438=ORIENTED_EDGE('',*,*,#2344,.T.);
#1439=ORIENTED_EDGE('',*,*,#1838,.F.);
#1440=ORIENTED_EDGE('',*,*,#2348,.F.);
#1441=ORIENTED_EDGE('',*,*,#2349,.T.);
#1442=ORIENTED_EDGE('',*,*,#2346,.T.);
#1443=ORIENTED_EDGE('',*,*,#1837,.F.);
#1444=ORIENTED_EDGE('',*,*,#2350,.F.);
#1445=ORIENTED_EDGE('',*,*,#2351,.T.);
#1446=ORIENTED_EDGE('',*,*,#2348,.T.);
#1447=ORIENTED_EDGE('',*,*,#1836,.F.);
#1448=ORIENTED_EDGE('',*,*,#2352,.F.);
#1449=ORIENTED_EDGE('',*,*,#2353,.T.);
#1450=ORIENTED_EDGE('',*,*,#2350,.T.);
#1451=ORIENTED_EDGE('',*,*,#1835,.F.);
#1452=ORIENTED_EDGE('',*,*,#2354,.F.);
#1453=ORIENTED_EDGE('',*,*,#2355,.T.);
#1454=ORIENTED_EDGE('',*,*,#2352,.T.);
#1455=ORIENTED_EDGE('',*,*,#1834,.F.);
#1456=ORIENTED_EDGE('',*,*,#2337,.F.);
#1457=ORIENTED_EDGE('',*,*,#2356,.T.);
#1458=ORIENTED_EDGE('',*,*,#2354,.T.);
#1459=ORIENTED_EDGE('',*,*,#2336,.F.);
#1460=ORIENTED_EDGE('',*,*,#2339,.F.);
#1461=ORIENTED_EDGE('',*,*,#2341,.F.);
#1462=ORIENTED_EDGE('',*,*,#2343,.F.);
#1463=ORIENTED_EDGE('',*,*,#2345,.F.);
#1464=ORIENTED_EDGE('',*,*,#2347,.F.);
#1465=ORIENTED_EDGE('',*,*,#2349,.F.);
#1466=ORIENTED_EDGE('',*,*,#2351,.F.);
#1467=ORIENTED_EDGE('',*,*,#2353,.F.);
#1468=ORIENTED_EDGE('',*,*,#2355,.F.);
#1469=ORIENTED_EDGE('',*,*,#2356,.F.);
#1470=ORIENTED_EDGE('',*,*,#1815,.F.);
#1471=ORIENTED_EDGE('',*,*,#2357,.F.);
#1472=ORIENTED_EDGE('',*,*,#2358,.T.);
#1473=ORIENTED_EDGE('',*,*,#2359,.T.);
#1474=ORIENTED_EDGE('',*,*,#1814,.F.);
#1475=ORIENTED_EDGE('',*,*,#2360,.F.);
#1476=ORIENTED_EDGE('',*,*,#2361,.T.);
#1477=ORIENTED_EDGE('',*,*,#2357,.T.);
#1478=ORIENTED_EDGE('',*,*,#1831,.F.);
#1479=ORIENTED_EDGE('',*,*,#2362,.F.);
#1480=ORIENTED_EDGE('',*,*,#2363,.T.);
#1481=ORIENTED_EDGE('',*,*,#2360,.T.);
#1482=ORIENTED_EDGE('',*,*,#1830,.F.);
#1483=ORIENTED_EDGE('',*,*,#2364,.F.);
#1484=ORIENTED_EDGE('',*,*,#2365,.T.);
#1485=ORIENTED_EDGE('',*,*,#2362,.T.);
#1486=ORIENTED_EDGE('',*,*,#1829,.F.);
#1487=ORIENTED_EDGE('',*,*,#2366,.F.);
#1488=ORIENTED_EDGE('',*,*,#2367,.T.);
#1489=ORIENTED_EDGE('',*,*,#2364,.T.);
#1490=ORIENTED_EDGE('',*,*,#1828,.F.);
#1491=ORIENTED_EDGE('',*,*,#2368,.F.);
#1492=ORIENTED_EDGE('',*,*,#2369,.T.);
#1493=ORIENTED_EDGE('',*,*,#2366,.T.);
#1494=ORIENTED_EDGE('',*,*,#1827,.F.);
#1495=ORIENTED_EDGE('',*,*,#2370,.F.);
#1496=ORIENTED_EDGE('',*,*,#2371,.T.);
#1497=ORIENTED_EDGE('',*,*,#2368,.T.);
#1498=ORIENTED_EDGE('',*,*,#1826,.F.);
#1499=ORIENTED_EDGE('',*,*,#2372,.F.);
#1500=ORIENTED_EDGE('',*,*,#2373,.T.);
#1501=ORIENTED_EDGE('',*,*,#2370,.T.);
#1502=ORIENTED_EDGE('',*,*,#1825,.F.);
#1503=ORIENTED_EDGE('',*,*,#2374,.F.);
#1504=ORIENTED_EDGE('',*,*,#2375,.T.);
#1505=ORIENTED_EDGE('',*,*,#2372,.T.);
#1506=ORIENTED_EDGE('',*,*,#1824,.F.);
#1507=ORIENTED_EDGE('',*,*,#2376,.F.);
#1508=ORIENTED_EDGE('',*,*,#2377,.T.);
#1509=ORIENTED_EDGE('',*,*,#2374,.T.);
#1510=ORIENTED_EDGE('',*,*,#1823,.F.);
#1511=ORIENTED_EDGE('',*,*,#2378,.F.);
#1512=ORIENTED_EDGE('',*,*,#2379,.T.);
#1513=ORIENTED_EDGE('',*,*,#2376,.T.);
#1514=ORIENTED_EDGE('',*,*,#1822,.F.);
#1515=ORIENTED_EDGE('',*,*,#2380,.F.);
#1516=ORIENTED_EDGE('',*,*,#2381,.T.);
#1517=ORIENTED_EDGE('',*,*,#2378,.T.);
#1518=ORIENTED_EDGE('',*,*,#1821,.F.);
#1519=ORIENTED_EDGE('',*,*,#2382,.F.);
#1520=ORIENTED_EDGE('',*,*,#2383,.T.);
#1521=ORIENTED_EDGE('',*,*,#2380,.T.);
#1522=ORIENTED_EDGE('',*,*,#1820,.F.);
#1523=ORIENTED_EDGE('',*,*,#2384,.F.);
#1524=ORIENTED_EDGE('',*,*,#2385,.T.);
#1525=ORIENTED_EDGE('',*,*,#2382,.T.);
#1526=ORIENTED_EDGE('',*,*,#1819,.F.);
#1527=ORIENTED_EDGE('',*,*,#2386,.F.);
#1528=ORIENTED_EDGE('',*,*,#2387,.T.);
#1529=ORIENTED_EDGE('',*,*,#2384,.T.);
#1530=ORIENTED_EDGE('',*,*,#1818,.F.);
#1531=ORIENTED_EDGE('',*,*,#2388,.F.);
#1532=ORIENTED_EDGE('',*,*,#2389,.T.);
#1533=ORIENTED_EDGE('',*,*,#2386,.T.);
#1534=ORIENTED_EDGE('',*,*,#1817,.F.);
#1535=ORIENTED_EDGE('',*,*,#2390,.F.);
#1536=ORIENTED_EDGE('',*,*,#2391,.T.);
#1537=ORIENTED_EDGE('',*,*,#2388,.T.);
#1538=ORIENTED_EDGE('',*,*,#1816,.F.);
#1539=ORIENTED_EDGE('',*,*,#2359,.F.);
#1540=ORIENTED_EDGE('',*,*,#2392,.T.);
#1541=ORIENTED_EDGE('',*,*,#2390,.T.);
#1542=ORIENTED_EDGE('',*,*,#2358,.F.);
#1543=ORIENTED_EDGE('',*,*,#2361,.F.);
#1544=ORIENTED_EDGE('',*,*,#2363,.F.);
#1545=ORIENTED_EDGE('',*,*,#2365,.F.);
#1546=ORIENTED_EDGE('',*,*,#2367,.F.);
#1547=ORIENTED_EDGE('',*,*,#2369,.F.);
#1548=ORIENTED_EDGE('',*,*,#2371,.F.);
#1549=ORIENTED_EDGE('',*,*,#2373,.F.);
#1550=ORIENTED_EDGE('',*,*,#2375,.F.);
#1551=ORIENTED_EDGE('',*,*,#2377,.F.);
#1552=ORIENTED_EDGE('',*,*,#2379,.F.);
#1553=ORIENTED_EDGE('',*,*,#2381,.F.);
#1554=ORIENTED_EDGE('',*,*,#2383,.F.);
#1555=ORIENTED_EDGE('',*,*,#2385,.F.);
#1556=ORIENTED_EDGE('',*,*,#2387,.F.);
#1557=ORIENTED_EDGE('',*,*,#2389,.F.);
#1558=ORIENTED_EDGE('',*,*,#2391,.F.);
#1559=ORIENTED_EDGE('',*,*,#2392,.F.);
#1560=ORIENTED_EDGE('',*,*,#2393,.F.);
#1561=ORIENTED_EDGE('',*,*,#2394,.F.);
#1562=ORIENTED_EDGE('',*,*,#2395,.T.);
#1563=ORIENTED_EDGE('',*,*,#2396,.T.);
#1564=ORIENTED_EDGE('',*,*,#2397,.F.);
#1565=ORIENTED_EDGE('',*,*,#2398,.F.);
#1566=ORIENTED_EDGE('',*,*,#2399,.T.);
#1567=ORIENTED_EDGE('',*,*,#2394,.T.);
#1568=ORIENTED_EDGE('',*,*,#2400,.F.);
#1569=ORIENTED_EDGE('',*,*,#2401,.F.);
#1570=ORIENTED_EDGE('',*,*,#2402,.T.);
#1571=ORIENTED_EDGE('',*,*,#2398,.T.);
#1572=ORIENTED_EDGE('',*,*,#2403,.F.);
#1573=ORIENTED_EDGE('',*,*,#2404,.F.);
#1574=ORIENTED_EDGE('',*,*,#2405,.T.);
#1575=ORIENTED_EDGE('',*,*,#2401,.T.);
#1576=ORIENTED_EDGE('',*,*,#2406,.F.);
#1577=ORIENTED_EDGE('',*,*,#2407,.F.);
#1578=ORIENTED_EDGE('',*,*,#2408,.T.);
#1579=ORIENTED_EDGE('',*,*,#2404,.T.);
#1580=ORIENTED_EDGE('',*,*,#2409,.F.);
#1581=ORIENTED_EDGE('',*,*,#2410,.F.);
#1582=ORIENTED_EDGE('',*,*,#2411,.T.);
#1583=ORIENTED_EDGE('',*,*,#2407,.T.);
#1584=ORIENTED_EDGE('',*,*,#2412,.F.);
#1585=ORIENTED_EDGE('',*,*,#2413,.F.);
#1586=ORIENTED_EDGE('',*,*,#2414,.T.);
#1587=ORIENTED_EDGE('',*,*,#2410,.T.);
#1588=ORIENTED_EDGE('',*,*,#1945,.F.);
#1589=ORIENTED_EDGE('',*,*,#2415,.F.);
#1590=ORIENTED_EDGE('',*,*,#2416,.T.);
#1591=ORIENTED_EDGE('',*,*,#2417,.T.);
#1592=ORIENTED_EDGE('',*,*,#1944,.F.);
#1593=ORIENTED_EDGE('',*,*,#2418,.F.);
#1594=ORIENTED_EDGE('',*,*,#2419,.T.);
#1595=ORIENTED_EDGE('',*,*,#2415,.T.);
#1596=ORIENTED_EDGE('',*,*,#1958,.F.);
#1597=ORIENTED_EDGE('',*,*,#2420,.F.);
#1598=ORIENTED_EDGE('',*,*,#2421,.T.);
#1599=ORIENTED_EDGE('',*,*,#2418,.T.);
#1600=ORIENTED_EDGE('',*,*,#1957,.F.);
#1601=ORIENTED_EDGE('',*,*,#2422,.F.);
#1602=ORIENTED_EDGE('',*,*,#2423,.T.);
#1603=ORIENTED_EDGE('',*,*,#2420,.T.);
#1604=ORIENTED_EDGE('',*,*,#1956,.F.);
#1605=ORIENTED_EDGE('',*,*,#2424,.F.);
#1606=ORIENTED_EDGE('',*,*,#2425,.T.);
#1607=ORIENTED_EDGE('',*,*,#2422,.T.);
#1608=ORIENTED_EDGE('',*,*,#1955,.F.);
#1609=ORIENTED_EDGE('',*,*,#2426,.F.);
#1610=ORIENTED_EDGE('',*,*,#2427,.T.);
#1611=ORIENTED_EDGE('',*,*,#2424,.T.);
#1612=ORIENTED_EDGE('',*,*,#1954,.F.);
#1613=ORIENTED_EDGE('',*,*,#2428,.F.);
#1614=ORIENTED_EDGE('',*,*,#2429,.T.);
#1615=ORIENTED_EDGE('',*,*,#2426,.T.);
#1616=ORIENTED_EDGE('',*,*,#1953,.F.);
#1617=ORIENTED_EDGE('',*,*,#2430,.F.);
#1618=ORIENTED_EDGE('',*,*,#2431,.T.);
#1619=ORIENTED_EDGE('',*,*,#2428,.T.);
#1620=ORIENTED_EDGE('',*,*,#1952,.F.);
#1621=ORIENTED_EDGE('',*,*,#2432,.F.);
#1622=ORIENTED_EDGE('',*,*,#2433,.T.);
#1623=ORIENTED_EDGE('',*,*,#2430,.T.);
#1624=ORIENTED_EDGE('',*,*,#1951,.F.);
#1625=ORIENTED_EDGE('',*,*,#2434,.F.);
#1626=ORIENTED_EDGE('',*,*,#2435,.T.);
#1627=ORIENTED_EDGE('',*,*,#2432,.T.);
#1628=ORIENTED_EDGE('',*,*,#1950,.F.);
#1629=ORIENTED_EDGE('',*,*,#2436,.F.);
#1630=ORIENTED_EDGE('',*,*,#2437,.T.);
#1631=ORIENTED_EDGE('',*,*,#2434,.T.);
#1632=ORIENTED_EDGE('',*,*,#1949,.F.);
#1633=ORIENTED_EDGE('',*,*,#2438,.F.);
#1634=ORIENTED_EDGE('',*,*,#2439,.T.);
#1635=ORIENTED_EDGE('',*,*,#2436,.T.);
#1636=ORIENTED_EDGE('',*,*,#1948,.F.);
#1637=ORIENTED_EDGE('',*,*,#2440,.F.);
#1638=ORIENTED_EDGE('',*,*,#2441,.T.);
#1639=ORIENTED_EDGE('',*,*,#2438,.T.);
#1640=ORIENTED_EDGE('',*,*,#1947,.F.);
#1641=ORIENTED_EDGE('',*,*,#2442,.F.);
#1642=ORIENTED_EDGE('',*,*,#2443,.T.);
#1643=ORIENTED_EDGE('',*,*,#2440,.T.);
#1644=ORIENTED_EDGE('',*,*,#1946,.F.);
#1645=ORIENTED_EDGE('',*,*,#2417,.F.);
#1646=ORIENTED_EDGE('',*,*,#2444,.T.);
#1647=ORIENTED_EDGE('',*,*,#2442,.T.);
#1648=ORIENTED_EDGE('',*,*,#2445,.F.);
#1649=ORIENTED_EDGE('',*,*,#2396,.F.);
#1650=ORIENTED_EDGE('',*,*,#2446,.T.);
#1651=ORIENTED_EDGE('',*,*,#2413,.T.);
#1652=ORIENTED_EDGE('',*,*,#2416,.F.);
#1653=ORIENTED_EDGE('',*,*,#2419,.F.);
#1654=ORIENTED_EDGE('',*,*,#2421,.F.);
#1655=ORIENTED_EDGE('',*,*,#2423,.F.);
#1656=ORIENTED_EDGE('',*,*,#2425,.F.);
#1657=ORIENTED_EDGE('',*,*,#2427,.F.);
#1658=ORIENTED_EDGE('',*,*,#2429,.F.);
#1659=ORIENTED_EDGE('',*,*,#2431,.F.);
#1660=ORIENTED_EDGE('',*,*,#2433,.F.);
#1661=ORIENTED_EDGE('',*,*,#2435,.F.);
#1662=ORIENTED_EDGE('',*,*,#2437,.F.);
#1663=ORIENTED_EDGE('',*,*,#2439,.F.);
#1664=ORIENTED_EDGE('',*,*,#2441,.F.);
#1665=ORIENTED_EDGE('',*,*,#2443,.F.);
#1666=ORIENTED_EDGE('',*,*,#2444,.F.);
#1667=ORIENTED_EDGE('',*,*,#2395,.F.);
#1668=ORIENTED_EDGE('',*,*,#2399,.F.);
#1669=ORIENTED_EDGE('',*,*,#2402,.F.);
#1670=ORIENTED_EDGE('',*,*,#2405,.F.);
#1671=ORIENTED_EDGE('',*,*,#2408,.F.);
#1672=ORIENTED_EDGE('',*,*,#2411,.F.);
#1673=ORIENTED_EDGE('',*,*,#2414,.F.);
#1674=ORIENTED_EDGE('',*,*,#2446,.F.);
#1675=ORIENTED_EDGE('',*,*,#1960,.F.);
#1676=ORIENTED_EDGE('',*,*,#2447,.F.);
#1677=ORIENTED_EDGE('',*,*,#2448,.T.);
#1678=ORIENTED_EDGE('',*,*,#2449,.T.);
#1679=ORIENTED_EDGE('',*,*,#1959,.F.);
#1680=ORIENTED_EDGE('',*,*,#2450,.F.);
#1681=ORIENTED_EDGE('',*,*,#2451,.T.);
#1682=ORIENTED_EDGE('',*,*,#2447,.T.);
#1683=ORIENTED_EDGE('',*,*,#1970,.F.);
#1684=ORIENTED_EDGE('',*,*,#2452,.F.);
#1685=ORIENTED_EDGE('',*,*,#2453,.T.);
#1686=ORIENTED_EDGE('',*,*,#2450,.T.);
#1687=ORIENTED_EDGE('',*,*,#1969,.F.);
#1688=ORIENTED_EDGE('',*,*,#2454,.F.);
#1689=ORIENTED_EDGE('',*,*,#2455,.T.);
#1690=ORIENTED_EDGE('',*,*,#2452,.T.);
#1691=ORIENTED_EDGE('',*,*,#1968,.F.);
#1692=ORIENTED_EDGE('',*,*,#2456,.F.);
#1693=ORIENTED_EDGE('',*,*,#2457,.T.);
#1694=ORIENTED_EDGE('',*,*,#2454,.T.);
#1695=ORIENTED_EDGE('',*,*,#1967,.F.);
#1696=ORIENTED_EDGE('',*,*,#2458,.F.);
#1697=ORIENTED_EDGE('',*,*,#2459,.T.);
#1698=ORIENTED_EDGE('',*,*,#2456,.T.);
#1699=ORIENTED_EDGE('',*,*,#1966,.F.);
#1700=ORIENTED_EDGE('',*,*,#2460,.F.);
#1701=ORIENTED_EDGE('',*,*,#2461,.T.);
#1702=ORIENTED_EDGE('',*,*,#2458,.T.);
#1703=ORIENTED_EDGE('',*,*,#1965,.F.);
#1704=ORIENTED_EDGE('',*,*,#2462,.F.);
#1705=ORIENTED_EDGE('',*,*,#2463,.T.);
#1706=ORIENTED_EDGE('',*,*,#2460,.T.);
#1707=ORIENTED_EDGE('',*,*,#1964,.F.);
#1708=ORIENTED_EDGE('',*,*,#2464,.F.);
#1709=ORIENTED_EDGE('',*,*,#2465,.T.);
#1710=ORIENTED_EDGE('',*,*,#2462,.T.);
#1711=ORIENTED_EDGE('',*,*,#1963,.F.);
#1712=ORIENTED_EDGE('',*,*,#2466,.F.);
#1713=ORIENTED_EDGE('',*,*,#2467,.T.);
#1714=ORIENTED_EDGE('',*,*,#2464,.T.);
#1715=ORIENTED_EDGE('',*,*,#1962,.F.);
#1716=ORIENTED_EDGE('',*,*,#2468,.F.);
#1717=ORIENTED_EDGE('',*,*,#2469,.T.);
#1718=ORIENTED_EDGE('',*,*,#2466,.T.);
#1719=ORIENTED_EDGE('',*,*,#1961,.F.);
#1720=ORIENTED_EDGE('',*,*,#2449,.F.);
#1721=ORIENTED_EDGE('',*,*,#2470,.T.);
#1722=ORIENTED_EDGE('',*,*,#2468,.T.);
#1723=ORIENTED_EDGE('',*,*,#2448,.F.);
#1724=ORIENTED_EDGE('',*,*,#2451,.F.);
#1725=ORIENTED_EDGE('',*,*,#2453,.F.);
#1726=ORIENTED_EDGE('',*,*,#2455,.F.);
#1727=ORIENTED_EDGE('',*,*,#2457,.F.);
#1728=ORIENTED_EDGE('',*,*,#2459,.F.);
#1729=ORIENTED_EDGE('',*,*,#2461,.F.);
#1730=ORIENTED_EDGE('',*,*,#2463,.F.);
#1731=ORIENTED_EDGE('',*,*,#2465,.F.);
#1732=ORIENTED_EDGE('',*,*,#2467,.F.);
#1733=ORIENTED_EDGE('',*,*,#2469,.F.);
#1734=ORIENTED_EDGE('',*,*,#2470,.F.);
#1735=ORIENTED_EDGE('',*,*,#2098,.T.);
#1736=ORIENTED_EDGE('',*,*,#2094,.T.);
#1737=ORIENTED_EDGE('',*,*,#2143,.T.);
#1738=ORIENTED_EDGE('',*,*,#2104,.T.);
#1739=ORIENTED_EDGE('',*,*,#2101,.T.);
#1740=ORIENTED_EDGE('',*,*,#2149,.T.);
#1741=ORIENTED_EDGE('',*,*,#2145,.T.);
#1742=ORIENTED_EDGE('',*,*,#2182,.T.);
#1743=ORIENTED_EDGE('',*,*,#2161,.T.);
#1744=ORIENTED_EDGE('',*,*,#2158,.T.);
#1745=ORIENTED_EDGE('',*,*,#2155,.T.);
#1746=ORIENTED_EDGE('',*,*,#2152,.T.);
#1747=ORIENTED_EDGE('',*,*,#2188,.T.);
#1748=ORIENTED_EDGE('',*,*,#2184,.T.);
#1749=ORIENTED_EDGE('',*,*,#2236,.T.);
#1750=ORIENTED_EDGE('',*,*,#2203,.T.);
#1751=ORIENTED_EDGE('',*,*,#2200,.T.);
#1752=ORIENTED_EDGE('',*,*,#2197,.T.);
#1753=ORIENTED_EDGE('',*,*,#2194,.T.);
#1754=ORIENTED_EDGE('',*,*,#2191,.T.);
#1755=ORIENTED_EDGE('',*,*,#2242,.T.);
#1756=ORIENTED_EDGE('',*,*,#2238,.T.);
#1757=ORIENTED_EDGE('',*,*,#2290,.T.);
#1758=ORIENTED_EDGE('',*,*,#2257,.T.);
#1759=ORIENTED_EDGE('',*,*,#2254,.T.);
#1760=ORIENTED_EDGE('',*,*,#2251,.T.);
#1761=ORIENTED_EDGE('',*,*,#2248,.T.);
#1762=ORIENTED_EDGE('',*,*,#2245,.T.);
#1763=ORIENTED_EDGE('',*,*,#2296,.T.);
#1764=ORIENTED_EDGE('',*,*,#2292,.T.);
#1765=ORIENTED_EDGE('',*,*,#2333,.T.);
#1766=ORIENTED_EDGE('',*,*,#2308,.T.);
#1767=ORIENTED_EDGE('',*,*,#2305,.T.);
#1768=ORIENTED_EDGE('',*,*,#2302,.T.);
#1769=ORIENTED_EDGE('',*,*,#2299,.T.);
#1770=ORIENTED_EDGE('',*,*,#2397,.T.);
#1771=ORIENTED_EDGE('',*,*,#2393,.T.);
#1772=ORIENTED_EDGE('',*,*,#2445,.T.);
#1773=ORIENTED_EDGE('',*,*,#2412,.T.);
#1774=ORIENTED_EDGE('',*,*,#2409,.T.);
#1775=ORIENTED_EDGE('',*,*,#2406,.T.);
#1776=ORIENTED_EDGE('',*,*,#2403,.T.);
#1777=ORIENTED_EDGE('',*,*,#2400,.T.);
#1778=ORIENTED_EDGE('',*,*,#1794,.T.);
#1779=ORIENTED_EDGE('',*,*,#2019,.F.);
#1780=ORIENTED_EDGE('',*,*,#2471,.F.);
#1781=ORIENTED_EDGE('',*,*,#1810,.T.);
#1782=ORIENTED_EDGE('',*,*,#1811,.F.);
#1783=ORIENTED_EDGE('',*,*,#2471,.T.);
#1784=ORIENTED_EDGE('',*,*,#2018,.T.);
#1785=ORIENTED_EDGE('',*,*,#1799,.F.);
#1786=EDGE_CURVE('',#2472,#2473,#2932,.T.);
#1787=EDGE_CURVE('',#2472,#2474,#2933,.T.);
#1788=EDGE_CURVE('',#2474,#2475,#2934,.T.);
#1789=EDGE_CURVE('',#2476,#2475,#2935,.T.);
#1790=EDGE_CURVE('',#2477,#2476,#2936,.T.);
#1791=EDGE_CURVE('',#2477,#2478,#2937,.T.);
#1792=EDGE_CURVE('',#2478,#2479,#2938,.T.);
#1793=EDGE_CURVE('',#2479,#2480,#2939,.T.);
#1794=EDGE_CURVE('',#2481,#2480,#2940,.T.);
#1795=EDGE_CURVE('',#2482,#2481,#2941,.T.);
#1796=EDGE_CURVE('',#2482,#2483,#2942,.T.);
#1797=EDGE_CURVE('',#2473,#2483,#2943,.T.);
#1798=EDGE_CURVE('',#2484,#2485,#2944,.T.);
#1799=EDGE_CURVE('',#2485,#2486,#2945,.T.);
#1800=EDGE_CURVE('',#2487,#2486,#2946,.T.);
#1801=EDGE_CURVE('',#2487,#2488,#2947,.T.);
#1802=EDGE_CURVE('',#2489,#2488,#2948,.T.);
#1803=EDGE_CURVE('',#2490,#2489,#2949,.T.);
#1804=EDGE_CURVE('',#2490,#2491,#2950,.T.);
#1805=EDGE_CURVE('',#2492,#2491,#2951,.T.);
#1806=EDGE_CURVE('',#2493,#2492,#2952,.T.);
#1807=EDGE_CURVE('',#2493,#2494,#2953,.T.);
#1808=EDGE_CURVE('',#2494,#2495,#2954,.T.);
#1809=EDGE_CURVE('',#2484,#2495,#2955,.T.);
#1810=EDGE_CURVE('',#2496,#2481,#2956,.T.);
#1811=EDGE_CURVE('',#2496,#2485,#2957,.T.);
#1812=EDGE_CURVE('',#2497,#2484,#2958,.T.);
#1813=EDGE_CURVE('',#2482,#2497,#2959,.T.);
#1814=EDGE_CURVE('',#2498,#2499,#212,.T.);
#1815=EDGE_CURVE('',#2499,#2500,#213,.T.);
#1816=EDGE_CURVE('',#2500,#2501,#146,.T.);
#1817=EDGE_CURVE('',#2501,#2502,#214,.T.);
#1818=EDGE_CURVE('',#2502,#2503,#215,.T.);
#1819=EDGE_CURVE('',#2503,#2504,#216,.T.);
#1820=EDGE_CURVE('',#2504,#2505,#2960,.T.);
#1821=EDGE_CURVE('',#2505,#2506,#217,.T.);
#1822=EDGE_CURVE('',#2506,#2507,#218,.T.);
#1823=EDGE_CURVE('',#2507,#2508,#219,.T.);
#1824=EDGE_CURVE('',#2508,#2509,#220,.T.);
#1825=EDGE_CURVE('',#2509,#2510,#221,.T.);
#1826=EDGE_CURVE('',#2510,#2511,#222,.T.);
#1827=EDGE_CURVE('',#2511,#2512,#2961,.T.);
#1828=EDGE_CURVE('',#2512,#2513,#223,.T.);
#1829=EDGE_CURVE('',#2513,#2514,#224,.T.);
#1830=EDGE_CURVE('',#2514,#2515,#225,.T.);
#1831=EDGE_CURVE('',#2515,#2498,#147,.T.);
#1832=EDGE_CURVE('',#2516,#2517,#2962,.T.);
#1833=EDGE_CURVE('',#2517,#2518,#2963,.T.);
#1834=EDGE_CURVE('',#2518,#2519,#2964,.T.);
#1835=EDGE_CURVE('',#2519,#2520,#2965,.T.);
#1836=EDGE_CURVE('',#2520,#2521,#2966,.T.);
#1837=EDGE_CURVE('',#2521,#2522,#2967,.T.);
#1838=EDGE_CURVE('',#2522,#2523,#2968,.T.);
#1839=EDGE_CURVE('',#2523,#2524,#2969,.T.);
#1840=EDGE_CURVE('',#2524,#2525,#2970,.T.);
#1841=EDGE_CURVE('',#2525,#2526,#2971,.T.);
#1842=EDGE_CURVE('',#2526,#2516,#2972,.T.);
#1843=EDGE_CURVE('',#2527,#2528,#226,.T.);
#1844=EDGE_CURVE('',#2528,#2529,#148,.T.);
#1845=EDGE_CURVE('',#2529,#2530,#227,.T.);
#1846=EDGE_CURVE('',#2530,#2531,#228,.T.);
#1847=EDGE_CURVE('',#2531,#2532,#2973,.T.);
#1848=EDGE_CURVE('',#2532,#2533,#2974,.T.);
#1849=EDGE_CURVE('',#2533,#2534,#2975,.T.);
#1850=EDGE_CURVE('',#2534,#2535,#2976,.T.);
#1851=EDGE_CURVE('',#2535,#2536,#2977,.T.);
#1852=EDGE_CURVE('',#2536,#2537,#229,.T.);
#1853=EDGE_CURVE('',#2537,#2527,#230,.T.);
#1854=EDGE_CURVE('',#2538,#2539,#231,.T.);
#1855=EDGE_CURVE('',#2539,#2540,#232,.T.);
#1856=EDGE_CURVE('',#2540,#2541,#233,.T.);
#1857=EDGE_CURVE('',#2541,#2542,#234,.T.);
#1858=EDGE_CURVE('',#2542,#2543,#235,.T.);
#1859=EDGE_CURVE('',#2543,#2544,#236,.T.);
#1860=EDGE_CURVE('',#2544,#2545,#2978,.T.);
#1861=EDGE_CURVE('',#2545,#2546,#2979,.T.);
#1862=EDGE_CURVE('',#2546,#2547,#2980,.T.);
#1863=EDGE_CURVE('',#2547,#2548,#2981,.T.);
#1864=EDGE_CURVE('',#2548,#2549,#2982,.T.);
#1865=EDGE_CURVE('',#2549,#2550,#237,.T.);
#1866=EDGE_CURVE('',#2550,#2551,#238,.T.);
#1867=EDGE_CURVE('',#2551,#2552,#239,.T.);
#1868=EDGE_CURVE('',#2552,#2538,#240,.T.);
#1869=EDGE_CURVE('',#2553,#2554,#241,.T.);
#1870=EDGE_CURVE('',#2554,#2555,#149,.T.);
#1871=EDGE_CURVE('',#2555,#2556,#2983,.T.);
#1872=EDGE_CURVE('',#2556,#2557,#242,.T.);
#1873=EDGE_CURVE('',#2557,#2558,#243,.T.);
#1874=EDGE_CURVE('',#2558,#2559,#244,.T.);
#1875=EDGE_CURVE('',#2559,#2560,#2984,.T.);
#1876=EDGE_CURVE('',#2560,#2561,#150,.T.);
#1877=EDGE_CURVE('',#2561,#2562,#151,.T.);
#1878=EDGE_CURVE('',#2562,#2563,#245,.T.);
#1879=EDGE_CURVE('',#2563,#2564,#246,.T.);
#1880=EDGE_CURVE('',#2564,#2565,#152,.T.);
#1881=EDGE_CURVE('',#2565,#2566,#247,.T.);
#1882=EDGE_CURVE('',#2566,#2567,#248,.T.);
#1883=EDGE_CURVE('',#2567,#2568,#153,.T.);
#1884=EDGE_CURVE('',#2568,#2569,#249,.T.);
#1885=EDGE_CURVE('',#2569,#2570,#250,.T.);
#1886=EDGE_CURVE('',#2570,#2553,#154,.T.);
#1887=EDGE_CURVE('',#2571,#2572,#2985,.T.);
#1888=EDGE_CURVE('',#2573,#2571,#2986,.T.);
#1889=EDGE_CURVE('',#2573,#2574,#2987,.T.);
#1890=EDGE_CURVE('',#2574,#2572,#2988,.T.);
#1891=EDGE_CURVE('',#2575,#2576,#2989,.T.);
#1892=EDGE_CURVE('',#2576,#2577,#2990,.T.);
#1893=EDGE_CURVE('',#2577,#2578,#2991,.T.);
#1894=EDGE_CURVE('',#2578,#2579,#2992,.T.);
#1895=EDGE_CURVE('',#2579,#2580,#2993,.T.);
#1896=EDGE_CURVE('',#2580,#2581,#2994,.T.);
#1897=EDGE_CURVE('',#2581,#2582,#2995,.T.);
#1898=EDGE_CURVE('',#2582,#2583,#2996,.T.);
#1899=EDGE_CURVE('',#2583,#2584,#2997,.T.);
#1900=EDGE_CURVE('',#2584,#2585,#2998,.T.);
#1901=EDGE_CURVE('',#2585,#2575,#2999,.T.);
#1902=EDGE_CURVE('',#2586,#2587,#251,.T.);
#1903=EDGE_CURVE('',#2587,#2588,#252,.T.);
#1904=EDGE_CURVE('',#2588,#2589,#155,.T.);
#1905=EDGE_CURVE('',#2589,#2590,#253,.T.);
#1906=EDGE_CURVE('',#2590,#2591,#254,.T.);
#1907=EDGE_CURVE('',#2591,#2592,#255,.T.);
#1908=EDGE_CURVE('',#2592,#2593,#3000,.T.);
#1909=EDGE_CURVE('',#2593,#2594,#256,.T.);
#1910=EDGE_CURVE('',#2594,#2595,#257,.T.);
#1911=EDGE_CURVE('',#2595,#2596,#258,.T.);
#1912=EDGE_CURVE('',#2596,#2597,#259,.T.);
#1913=EDGE_CURVE('',#2597,#2598,#260,.T.);
#1914=EDGE_CURVE('',#2598,#2599,#261,.T.);
#1915=EDGE_CURVE('',#2599,#2600,#3001,.T.);
#1916=EDGE_CURVE('',#2600,#2601,#262,.T.);
#1917=EDGE_CURVE('',#2601,#2602,#263,.T.);
#1918=EDGE_CURVE('',#2602,#2603,#264,.T.);
#1919=EDGE_CURVE('',#2603,#2586,#156,.T.);
#1920=EDGE_CURVE('',#2604,#2605,#3002,.T.);
#1921=EDGE_CURVE('',#2605,#2606,#265,.T.);
#1922=EDGE_CURVE('',#2606,#2607,#266,.T.);
#1923=EDGE_CURVE('',#2607,#2608,#267,.T.);
#1924=EDGE_CURVE('',#2608,#2609,#268,.T.);
#1925=EDGE_CURVE('',#2609,#2610,#269,.T.);
#1926=EDGE_CURVE('',#2610,#2611,#270,.T.);
#1927=EDGE_CURVE('',#2611,#2612,#3003,.T.);
#1928=EDGE_CURVE('',#2612,#2604,#3004,.T.);
#1929=EDGE_CURVE('',#2613,#2614,#271,.T.);
#1930=EDGE_CURVE('',#2614,#2615,#272,.T.);
#1931=EDGE_CURVE('',#2615,#2616,#273,.T.);
#1932=EDGE_CURVE('',#2616,#2617,#274,.T.);
#1933=EDGE_CURVE('',#2617,#2618,#275,.T.);
#1934=EDGE_CURVE('',#2618,#2619,#276,.T.);
#1935=EDGE_CURVE('',#2619,#2620,#3005,.T.);
#1936=EDGE_CURVE('',#2620,#2621,#3006,.T.);
#1937=EDGE_CURVE('',#2621,#2622,#3007,.T.);
#1938=EDGE_CURVE('',#2622,#2623,#3008,.T.);
#1939=EDGE_CURVE('',#2623,#2624,#3009,.T.);
#1940=EDGE_CURVE('',#2624,#2625,#277,.T.);
#1941=EDGE_CURVE('',#2625,#2626,#278,.T.);
#1942=EDGE_CURVE('',#2626,#2627,#157,.T.);
#1943=EDGE_CURVE('',#2627,#2613,#279,.T.);
#1944=EDGE_CURVE('',#2628,#2629,#280,.T.);
#1945=EDGE_CURVE('',#2629,#2630,#281,.T.);
#1946=EDGE_CURVE('',#2630,#2631,#282,.T.);
#1947=EDGE_CURVE('',#2631,#2632,#283,.T.);
#1948=EDGE_CURVE('',#2632,#2633,#284,.T.);
#1949=EDGE_CURVE('',#2633,#2634,#285,.T.);
#1950=EDGE_CURVE('',#2634,#2635,#3010,.T.);
#1951=EDGE_CURVE('',#2635,#2636,#3011,.T.);
#1952=EDGE_CURVE('',#2636,#2637,#3012,.T.);
#1953=EDGE_CURVE('',#2637,#2638,#3013,.T.);
#1954=EDGE_CURVE('',#2638,#2639,#3014,.T.);
#1955=EDGE_CURVE('',#2639,#2640,#286,.T.);
#1956=EDGE_CURVE('',#2640,#2641,#287,.T.);
#1957=EDGE_CURVE('',#2641,#2642,#158,.T.);
#1958=EDGE_CURVE('',#2642,#2628,#288,.T.);
#1959=EDGE_CURVE('',#2643,#2644,#3015,.T.);
#1960=EDGE_CURVE('',#2644,#2645,#3016,.T.);
#1961=EDGE_CURVE('',#2645,#2646,#3017,.T.);
#1962=EDGE_CURVE('',#2646,#2647,#3018,.T.);
#1963=EDGE_CURVE('',#2647,#2648,#3019,.T.);
#1964=EDGE_CURVE('',#2648,#2649,#3020,.T.);
#1965=EDGE_CURVE('',#2649,#2650,#3021,.T.);
#1966=EDGE_CURVE('',#2650,#2651,#3022,.T.);
#1967=EDGE_CURVE('',#2651,#2652,#3023,.T.);
#1968=EDGE_CURVE('',#2652,#2653,#3024,.T.);
#1969=EDGE_CURVE('',#2653,#2654,#3025,.T.);
#1970=EDGE_CURVE('',#2654,#2643,#3026,.T.);
#1971=EDGE_CURVE('',#2472,#2655,#3027,.T.);
#1972=EDGE_CURVE('',#2473,#2656,#3028,.T.);
#1973=EDGE_CURVE('',#2657,#2656,#3029,.T.);
#1974=EDGE_CURVE('',#2477,#2657,#3030,.T.);
#1975=EDGE_CURVE('',#2476,#2658,#3031,.T.);
#1976=EDGE_CURVE('',#2659,#2658,#3032,.T.);
#1977=EDGE_CURVE('',#2659,#2660,#159,.T.);
#1978=EDGE_CURVE('',#2660,#2661,#3033,.T.);
#1979=EDGE_CURVE('',#2661,#2662,#160,.T.);
#1980=EDGE_CURVE('',#2662,#2663,#3034,.T.);
#1981=EDGE_CURVE('',#2663,#2574,#161,.T.);
#1982=EDGE_CURVE('',#2573,#2664,#162,.T.);
#1983=EDGE_CURVE('',#2655,#2664,#3035,.T.);
#1984=EDGE_CURVE('',#2483,#2665,#3036,.T.);
#1985=EDGE_CURVE('',#2665,#2495,#3037,.T.);
#1986=EDGE_CURVE('',#2666,#2494,#3038,.T.);
#1987=EDGE_CURVE('',#2666,#2667,#3039,.T.);
#1988=EDGE_CURVE('',#2656,#2667,#3040,.T.);
#1989=EDGE_CURVE('',#2571,#2668,#163,.T.);
#1990=EDGE_CURVE('',#2664,#2668,#3041,.T.);
#1991=EDGE_CURVE('',#2655,#2669,#3042,.T.);
#1992=EDGE_CURVE('',#2670,#2668,#3043,.T.);
#1993=EDGE_CURVE('',#2659,#2670,#3044,.T.);
#1994=EDGE_CURVE('',#2658,#2671,#3045,.T.);
#1995=EDGE_CURVE('',#2669,#2671,#3046,.T.);
#1996=EDGE_CURVE('',#2670,#2672,#164,.T.);
#1997=EDGE_CURVE('',#2660,#2672,#3047,.T.);
#1998=EDGE_CURVE('',#2672,#2673,#3048,.T.);
#1999=EDGE_CURVE('',#2661,#2673,#3049,.T.);
#2000=EDGE_CURVE('',#2673,#2674,#165,.T.);
#2001=EDGE_CURVE('',#2662,#2674,#3050,.T.);
#2002=EDGE_CURVE('',#2674,#2675,#3051,.T.);
#2003=EDGE_CURVE('',#2663,#2675,#3052,.T.);
#2004=EDGE_CURVE('',#2675,#2572,#166,.T.);
#2005=EDGE_CURVE('',#2676,#2491,#3053,.T.);
#2006=EDGE_CURVE('',#2677,#2676,#3054,.T.);
#2007=EDGE_CURVE('',#2657,#2677,#3055,.T.);
#2008=EDGE_CURVE('',#2678,#2667,#3056,.T.);
#2009=EDGE_CURVE('',#2678,#2492,#3057,.T.);
#2010=EDGE_CURVE('',#2679,#2677,#3058,.T.);
#2011=EDGE_CURVE('',#2679,#2489,#3059,.T.);
#2012=EDGE_CURVE('',#2680,#2488,#3060,.T.);
#2013=EDGE_CURVE('',#2478,#2680,#3061,.T.);
#2014=EDGE_CURVE('',#2681,#2487,#3062,.T.);
#2015=EDGE_CURVE('',#2680,#2681,#3063,.T.);
#2016=EDGE_CURVE('',#2682,#2682,#167,.F.);
#2017=EDGE_CURVE('',#2683,#2683,#168,.T.);
#2018=EDGE_CURVE('',#2684,#2486,#3064,.T.);
#2019=EDGE_CURVE('',#2684,#2480,#3065,.T.);
#2020=EDGE_CURVE('',#2479,#2681,#3066,.T.);
#2021=EDGE_CURVE('',#2685,#2493,#3067,.T.);
#2022=EDGE_CURVE('',#2678,#2685,#3068,.T.);
#2023=EDGE_CURVE('',#2686,#2686,#169,.F.);
#2024=EDGE_CURVE('',#2687,#2687,#170,.T.);
#2025=EDGE_CURVE('',#2666,#2685,#3069,.T.);
#2026=EDGE_CURVE('',#2688,#2490,#3070,.T.);
#2027=EDGE_CURVE('',#2679,#2688,#3071,.T.);
#2028=EDGE_CURVE('',#2689,#2689,#171,.F.);
#2029=EDGE_CURVE('',#2690,#2690,#172,.T.);
#2030=EDGE_CURVE('',#2676,#2688,#3072,.T.);
#2031=EDGE_CURVE('',#2665,#2497,#3073,.T.);
#2032=EDGE_CURVE('',#2691,#2691,#173,.F.);
#2033=EDGE_CURVE('',#2692,#2692,#174,.T.);
#2034=EDGE_CURVE('',#2474,#2669,#3074,.T.);
#2035=EDGE_CURVE('',#2475,#2671,#3075,.T.);
#2036=EDGE_CURVE('',#2693,#2576,#3076,.T.);
#2037=EDGE_CURVE('',#2693,#2694,#3077,.T.);
#2038=EDGE_CURVE('',#2694,#2577,#3078,.T.);
#2039=EDGE_CURVE('',#2695,#2575,#3079,.T.);
#2040=EDGE_CURVE('',#2695,#2693,#3080,.T.);
#2041=EDGE_CURVE('',#2696,#2585,#3081,.T.);
#2042=EDGE_CURVE('',#2696,#2695,#3082,.T.);
#2043=EDGE_CURVE('',#2697,#2584,#3083,.T.);
#2044=EDGE_CURVE('',#2697,#2696,#3084,.T.);
#2045=EDGE_CURVE('',#2698,#2583,#3085,.T.);
#2046=EDGE_CURVE('',#2698,#2697,#3086,.T.);
#2047=EDGE_CURVE('',#2699,#2582,#3087,.T.);
#2048=EDGE_CURVE('',#2699,#2698,#3088,.T.);
#2049=EDGE_CURVE('',#2700,#2581,#3089,.T.);
#2050=EDGE_CURVE('',#2700,#2699,#3090,.T.);
#2051=EDGE_CURVE('',#2701,#2580,#3091,.T.);
#2052=EDGE_CURVE('',#2701,#2700,#3092,.T.);
#2053=EDGE_CURVE('',#2702,#2579,#3093,.T.);
#2054=EDGE_CURVE('',#2702,#2701,#3094,.T.);
#2055=EDGE_CURVE('',#2703,#2578,#3095,.T.);
#2056=EDGE_CURVE('',#2703,#2702,#3096,.T.);
#2057=EDGE_CURVE('',#2694,#2703,#3097,.T.);
#2058=EDGE_CURVE('',#2704,#2587,#3098,.T.);
#2059=EDGE_CURVE('',#2704,#2705,#289,.T.);
#2060=EDGE_CURVE('',#2705,#2588,#3099,.T.);
#2061=EDGE_CURVE('',#2706,#2586,#3100,.T.);
#2062=EDGE_CURVE('',#2706,#2704,#290,.T.);
#2063=EDGE_CURVE('',#2707,#2603,#3101,.T.);
#2064=EDGE_CURVE('',#2707,#2706,#175,.T.);
#2065=EDGE_CURVE('',#2708,#2602,#3102,.T.);
#2066=EDGE_CURVE('',#2708,#2707,#291,.T.);
#2067=EDGE_CURVE('',#2709,#2601,#3103,.T.);
#2068=EDGE_CURVE('',#2709,#2708,#292,.T.);
#2069=EDGE_CURVE('',#2710,#2600,#3104,.T.);
#2070=EDGE_CURVE('',#2710,#2709,#293,.T.);
#2071=EDGE_CURVE('',#2711,#2599,#3105,.T.);
#2072=EDGE_CURVE('',#2711,#2710,#3106,.T.);
#2073=EDGE_CURVE('',#2712,#2598,#3107,.T.);
#2074=EDGE_CURVE('',#2712,#2711,#294,.T.);
#2075=EDGE_CURVE('',#2713,#2597,#3108,.T.);
#2076=EDGE_CURVE('',#2713,#2712,#295,.T.);
#2077=EDGE_CURVE('',#2714,#2596,#3109,.T.);
#2078=EDGE_CURVE('',#2714,#2713,#296,.T.);
#2079=EDGE_CURVE('',#2715,#2595,#3110,.T.);
#2080=EDGE_CURVE('',#2715,#2714,#297,.T.);
#2081=EDGE_CURVE('',#2716,#2594,#3111,.T.);
#2082=EDGE_CURVE('',#2716,#2715,#298,.T.);
#2083=EDGE_CURVE('',#2717,#2593,#3112,.T.);
#2084=EDGE_CURVE('',#2717,#2716,#299,.T.);
#2085=EDGE_CURVE('',#2718,#2592,#3113,.T.);
#2086=EDGE_CURVE('',#2718,#2717,#3114,.T.);
#2087=EDGE_CURVE('',#2719,#2591,#3115,.T.);
#2088=EDGE_CURVE('',#2719,#2718,#300,.T.);
#2089=EDGE_CURVE('',#2720,#2590,#3116,.T.);
#2090=EDGE_CURVE('',#2720,#2719,#301,.T.);
#2091=EDGE_CURVE('',#2721,#2589,#3117,.T.);
#2092=EDGE_CURVE('',#2721,#2720,#302,.T.);
#2093=EDGE_CURVE('',#2705,#2721,#176,.T.);
#2094=EDGE_CURVE('',#2722,#2723,#303,.T.);
#2095=EDGE_CURVE('',#2724,#2722,#3118,.T.);
#2096=EDGE_CURVE('',#2724,#2725,#304,.T.);
#2097=EDGE_CURVE('',#2725,#2723,#3119,.T.);
#2098=EDGE_CURVE('',#2726,#2722,#3120,.T.);
#2099=EDGE_CURVE('',#2727,#2726,#3121,.T.);
#2100=EDGE_CURVE('',#2727,#2724,#3122,.T.);
#2101=EDGE_CURVE('',#2728,#2726,#305,.T.);
#2102=EDGE_CURVE('',#2729,#2728,#3123,.T.);
#2103=EDGE_CURVE('',#2729,#2727,#306,.T.);
#2104=EDGE_CURVE('',#2730,#2728,#307,.T.);
#2105=EDGE_CURVE('',#2731,#2730,#3124,.T.);
#2106=EDGE_CURVE('',#2731,#2729,#308,.T.);
#2107=EDGE_CURVE('',#2732,#2554,#3125,.T.);
#2108=EDGE_CURVE('',#2732,#2733,#177,.T.);
#2109=EDGE_CURVE('',#2733,#2555,#3126,.T.);
#2110=EDGE_CURVE('',#2734,#2553,#3127,.T.);
#2111=EDGE_CURVE('',#2734,#2732,#309,.T.);
#2112=EDGE_CURVE('',#2735,#2570,#3128,.T.);
#2113=EDGE_CURVE('',#2735,#2734,#178,.T.);
#2114=EDGE_CURVE('',#2736,#2569,#3129,.T.);
#2115=EDGE_CURVE('',#2736,#2735,#310,.T.);
#2116=EDGE_CURVE('',#2737,#2568,#3130,.T.);
#2117=EDGE_CURVE('',#2737,#2736,#311,.T.);
#2118=EDGE_CURVE('',#2738,#2567,#3131,.T.);
#2119=EDGE_CURVE('',#2738,#2737,#179,.T.);
#2120=EDGE_CURVE('',#2739,#2566,#3132,.T.);
#2121=EDGE_CURVE('',#2739,#2738,#312,.T.);
#2122=EDGE_CURVE('',#2740,#2565,#3133,.T.);
#2123=EDGE_CURVE('',#2740,#2739,#313,.T.);
#2124=EDGE_CURVE('',#2741,#2564,#3134,.T.);
#2125=EDGE_CURVE('',#2741,#2740,#180,.T.);
#2126=EDGE_CURVE('',#2742,#2563,#3135,.T.);
#2127=EDGE_CURVE('',#2742,#2741,#314,.T.);
#2128=EDGE_CURVE('',#2743,#2562,#3136,.T.);
#2129=EDGE_CURVE('',#2743,#2742,#315,.T.);
#2130=EDGE_CURVE('',#2744,#2561,#3137,.T.);
#2131=EDGE_CURVE('',#2744,#2743,#181,.T.);
#2132=EDGE_CURVE('',#2745,#2560,#3138,.T.);
#2133=EDGE_CURVE('',#2745,#2744,#182,.T.);
#2134=EDGE_CURVE('',#2746,#2559,#3139,.T.);
#2135=EDGE_CURVE('',#2746,#2745,#3140,.T.);
#2136=EDGE_CURVE('',#2747,#2558,#3141,.T.);
#2137=EDGE_CURVE('',#2747,#2746,#316,.T.);
#2138=EDGE_CURVE('',#2748,#2557,#3142,.T.);
#2139=EDGE_CURVE('',#2748,#2747,#317,.T.);
#2140=EDGE_CURVE('',#2749,#2556,#3143,.T.);
#2141=EDGE_CURVE('',#2749,#2748,#318,.T.);
#2142=EDGE_CURVE('',#2733,#2749,#3144,.T.);
#2143=EDGE_CURVE('',#2723,#2730,#319,.T.);
#2144=EDGE_CURVE('',#2725,#2731,#320,.T.);
#2145=EDGE_CURVE('',#2750,#2751,#321,.T.);
#2146=EDGE_CURVE('',#2752,#2750,#3145,.T.);
#2147=EDGE_CURVE('',#2752,#2753,#322,.T.);
#2148=EDGE_CURVE('',#2753,#2751,#3146,.T.);
#2149=EDGE_CURVE('',#2754,#2750,#3147,.T.);
#2150=EDGE_CURVE('',#2755,#2754,#3148,.T.);
#2151=EDGE_CURVE('',#2755,#2752,#3149,.T.);
#2152=EDGE_CURVE('',#2756,#2754,#3150,.T.);
#2153=EDGE_CURVE('',#2757,#2756,#3151,.T.);
#2154=EDGE_CURVE('',#2757,#2755,#3152,.T.);
#2155=EDGE_CURVE('',#2758,#2756,#3153,.T.);
#2156=EDGE_CURVE('',#2759,#2758,#3154,.T.);
#2157=EDGE_CURVE('',#2759,#2757,#3155,.T.);
#2158=EDGE_CURVE('',#2760,#2758,#323,.T.);
#2159=EDGE_CURVE('',#2761,#2760,#3156,.T.);
#2160=EDGE_CURVE('',#2761,#2759,#324,.T.);
#2161=EDGE_CURVE('',#2762,#2760,#325,.T.);
#2162=EDGE_CURVE('',#2763,#2762,#3157,.T.);
#2163=EDGE_CURVE('',#2763,#2761,#326,.T.);
#2164=EDGE_CURVE('',#2764,#2605,#3158,.T.);
#2165=EDGE_CURVE('',#2764,#2765,#327,.T.);
#2166=EDGE_CURVE('',#2765,#2606,#3159,.T.);
#2167=EDGE_CURVE('',#2766,#2604,#3160,.T.);
#2168=EDGE_CURVE('',#2766,#2764,#3161,.T.);
#2169=EDGE_CURVE('',#2767,#2612,#3162,.T.);
#2170=EDGE_CURVE('',#2767,#2766,#3163,.T.);
#2171=EDGE_CURVE('',#2768,#2611,#3164,.T.);
#2172=EDGE_CURVE('',#2768,#2767,#3165,.T.);
#2173=EDGE_CURVE('',#2769,#2610,#3166,.T.);
#2174=EDGE_CURVE('',#2769,#2768,#328,.T.);
#2175=EDGE_CURVE('',#2770,#2609,#3167,.T.);
#2176=EDGE_CURVE('',#2770,#2769,#329,.T.);
#2177=EDGE_CURVE('',#2771,#2608,#3168,.T.);
#2178=EDGE_CURVE('',#2771,#2770,#330,.T.);
#2179=EDGE_CURVE('',#2772,#2607,#3169,.T.);
#2180=EDGE_CURVE('',#2772,#2771,#331,.T.);
#2181=EDGE_CURVE('',#2765,#2772,#332,.T.);
#2182=EDGE_CURVE('',#2751,#2762,#333,.T.);
#2183=EDGE_CURVE('',#2753,#2763,#334,.T.);
#2184=EDGE_CURVE('',#2773,#2774,#335,.T.);
#2185=EDGE_CURVE('',#2775,#2773,#3170,.T.);
#2186=EDGE_CURVE('',#2775,#2776,#336,.T.);
#2187=EDGE_CURVE('',#2776,#2774,#3171,.T.);
#2188=EDGE_CURVE('',#2777,#2773,#337,.T.);
#2189=EDGE_CURVE('',#2778,#2777,#3172,.T.);
#2190=EDGE_CURVE('',#2778,#2775,#338,.T.);
#2191=EDGE_CURVE('',#2779,#2777,#183,.F.);
#2192=EDGE_CURVE('',#2780,#2779,#3173,.T.);
#2193=EDGE_CURVE('',#2780,#2778,#184,.F.);
#2194=EDGE_CURVE('',#2781,#2779,#185,.F.);
#2195=EDGE_CURVE('',#2782,#2781,#3174,.T.);
#2196=EDGE_CURVE('',#2782,#2780,#186,.F.);
#2197=EDGE_CURVE('',#2783,#2781,#339,.T.);
#2198=EDGE_CURVE('',#2784,#2783,#3175,.T.);
#2199=EDGE_CURVE('',#2784,#2782,#340,.T.);
#2200=EDGE_CURVE('',#2785,#2783,#341,.T.);
#2201=EDGE_CURVE('',#2786,#2785,#3176,.T.);
#2202=EDGE_CURVE('',#2786,#2784,#342,.T.);
#2203=EDGE_CURVE('',#2787,#2785,#187,.F.);
#2204=EDGE_CURVE('',#2788,#2787,#3177,.T.);
#2205=EDGE_CURVE('',#2788,#2786,#188,.F.);
#2206=EDGE_CURVE('',#2789,#2539,#3178,.T.);
#2207=EDGE_CURVE('',#2789,#2790,#343,.T.);
#2208=EDGE_CURVE('',#2790,#2540,#3179,.T.);
#2209=EDGE_CURVE('',#2791,#2538,#3180,.T.);
#2210=EDGE_CURVE('',#2791,#2789,#344,.T.);
#2211=EDGE_CURVE('',#2792,#2552,#3181,.T.);
#2212=EDGE_CURVE('',#2792,#2791,#345,.T.);
#2213=EDGE_CURVE('',#2793,#2551,#3182,.T.);
#2214=EDGE_CURVE('',#2793,#2792,#346,.T.);
#2215=EDGE_CURVE('',#2794,#2550,#3183,.T.);
#2216=EDGE_CURVE('',#2794,#2793,#347,.T.);
#2217=EDGE_CURVE('',#2795,#2549,#3184,.T.);
#2218=EDGE_CURVE('',#2795,#2794,#348,.T.);
#2219=EDGE_CURVE('',#2796,#2548,#3185,.T.);
#2220=EDGE_CURVE('',#2796,#2795,#3186,.T.);
#2221=EDGE_CURVE('',#2797,#2547,#3187,.T.);
#2222=EDGE_CURVE('',#2797,#2796,#3188,.T.);
#2223=EDGE_CURVE('',#2798,#2546,#3189,.T.);
#2224=EDGE_CURVE('',#2798,#2797,#3190,.T.);
#2225=EDGE_CURVE('',#2799,#2545,#3191,.T.);
#2226=EDGE_CURVE('',#2799,#2798,#3192,.T.);
#2227=EDGE_CURVE('',#2800,#2544,#3193,.T.);
#2228=EDGE_CURVE('',#2800,#2799,#3194,.T.);
#2229=EDGE_CURVE('',#2801,#2543,#3195,.T.);
#2230=EDGE_CURVE('',#2801,#2800,#349,.T.);
#2231=EDGE_CURVE('',#2802,#2542,#3196,.T.);
#2232=EDGE_CURVE('',#2802,#2801,#350,.T.);
#2233=EDGE_CURVE('',#2803,#2541,#3197,.T.);
#2234=EDGE_CURVE('',#2803,#2802,#351,.T.);
#2235=EDGE_CURVE('',#2790,#2803,#352,.T.);
#2236=EDGE_CURVE('',#2774,#2787,#189,.F.);
#2237=EDGE_CURVE('',#2776,#2788,#190,.F.);
#2238=EDGE_CURVE('',#2804,#2805,#353,.T.);
#2239=EDGE_CURVE('',#2806,#2804,#3198,.T.);
#2240=EDGE_CURVE('',#2806,#2807,#354,.T.);
#2241=EDGE_CURVE('',#2807,#2805,#3199,.T.);
#2242=EDGE_CURVE('',#2808,#2804,#355,.T.);
#2243=EDGE_CURVE('',#2809,#2808,#3200,.T.);
#2244=EDGE_CURVE('',#2809,#2806,#356,.T.);
#2245=EDGE_CURVE('',#2810,#2808,#191,.F.);
#2246=EDGE_CURVE('',#2811,#2810,#3201,.T.);
#2247=EDGE_CURVE('',#2811,#2809,#192,.F.);
#2248=EDGE_CURVE('',#2812,#2810,#193,.F.);
#2249=EDGE_CURVE('',#2813,#2812,#3202,.T.);
#2250=EDGE_CURVE('',#2813,#2811,#194,.F.);
#2251=EDGE_CURVE('',#2814,#2812,#357,.T.);
#2252=EDGE_CURVE('',#2815,#2814,#3203,.T.);
#2253=EDGE_CURVE('',#2815,#2813,#358,.T.);
#2254=EDGE_CURVE('',#2816,#2814,#359,.T.);
#2255=EDGE_CURVE('',#2817,#2816,#3204,.T.);
#2256=EDGE_CURVE('',#2817,#2815,#360,.T.);
#2257=EDGE_CURVE('',#2818,#2816,#195,.F.);
#2258=EDGE_CURVE('',#2819,#2818,#3205,.T.);
#2259=EDGE_CURVE('',#2819,#2817,#196,.F.);
#2260=EDGE_CURVE('',#2820,#2614,#3206,.T.);
#2261=EDGE_CURVE('',#2820,#2821,#361,.T.);
#2262=EDGE_CURVE('',#2821,#2615,#3207,.T.);
#2263=EDGE_CURVE('',#2822,#2613,#3208,.T.);
#2264=EDGE_CURVE('',#2822,#2820,#362,.T.);
#2265=EDGE_CURVE('',#2823,#2627,#3209,.T.);
#2266=EDGE_CURVE('',#2823,#2822,#363,.T.);
#2267=EDGE_CURVE('',#2824,#2626,#3210,.T.);
#2268=EDGE_CURVE('',#2824,#2823,#197,.T.);
#2269=EDGE_CURVE('',#2825,#2625,#3211,.T.);
#2270=EDGE_CURVE('',#2825,#2824,#364,.T.);
#2271=EDGE_CURVE('',#2826,#2624,#3212,.T.);
#2272=EDGE_CURVE('',#2826,#2825,#365,.T.);
#2273=EDGE_CURVE('',#2827,#2623,#3213,.T.);
#2274=EDGE_CURVE('',#2827,#2826,#3214,.T.);
#2275=EDGE_CURVE('',#2828,#2622,#3215,.T.);
#2276=EDGE_CURVE('',#2828,#2827,#3216,.T.);
#2277=EDGE_CURVE('',#2829,#2621,#3217,.T.);
#2278=EDGE_CURVE('',#2829,#2828,#3218,.T.);
#2279=EDGE_CURVE('',#2830,#2620,#3219,.T.);
#2280=EDGE_CURVE('',#2830,#2829,#3220,.T.);
#2281=EDGE_CURVE('',#2831,#2619,#3221,.T.);
#2282=EDGE_CURVE('',#2831,#2830,#3222,.T.);
#2283=EDGE_CURVE('',#2832,#2618,#3223,.T.);
#2284=EDGE_CURVE('',#2832,#2831,#366,.T.);
#2285=EDGE_CURVE('',#2833,#2617,#3224,.T.);
#2286=EDGE_CURVE('',#2833,#2832,#367,.T.);
#2287=EDGE_CURVE('',#2834,#2616,#3225,.T.);
#2288=EDGE_CURVE('',#2834,#2833,#368,.T.);
#2289=EDGE_CURVE('',#2821,#2834,#369,.T.);
#2290=EDGE_CURVE('',#2805,#2818,#198,.F.);
#2291=EDGE_CURVE('',#2807,#2819,#199,.F.);
#2292=EDGE_CURVE('',#2835,#2836,#370,.T.);
#2293=EDGE_CURVE('',#2837,#2835,#3226,.T.);
#2294=EDGE_CURVE('',#2837,#2838,#371,.T.);
#2295=EDGE_CURVE('',#2838,#2836,#3227,.T.);
#2296=EDGE_CURVE('',#2839,#2835,#3228,.T.);
#2297=EDGE_CURVE('',#2840,#2839,#3229,.T.);
#2298=EDGE_CURVE('',#2840,#2837,#3230,.T.);
#2299=EDGE_CURVE('',#2841,#2839,#3231,.T.);
#2300=EDGE_CURVE('',#2842,#2841,#3232,.T.);
#2301=EDGE_CURVE('',#2842,#2840,#3233,.T.);
#2302=EDGE_CURVE('',#2843,#2841,#3234,.T.);
#2303=EDGE_CURVE('',#2844,#2843,#3235,.T.);
#2304=EDGE_CURVE('',#2844,#2842,#3236,.T.);
#2305=EDGE_CURVE('',#2845,#2843,#372,.T.);
#2306=EDGE_CURVE('',#2846,#2845,#3237,.T.);
#2307=EDGE_CURVE('',#2846,#2844,#373,.T.);
#2308=EDGE_CURVE('',#2847,#2845,#374,.T.);
#2309=EDGE_CURVE('',#2848,#2847,#3238,.T.);
#2310=EDGE_CURVE('',#2848,#2846,#375,.T.);
#2311=EDGE_CURVE('',#2849,#2528,#3239,.T.);
#2312=EDGE_CURVE('',#2849,#2850,#200,.T.);
#2313=EDGE_CURVE('',#2850,#2529,#3240,.T.);
#2314=EDGE_CURVE('',#2851,#2527,#3241,.T.);
#2315=EDGE_CURVE('',#2851,#2849,#376,.T.);
#2316=EDGE_CURVE('',#2852,#2537,#3242,.T.);
#2317=EDGE_CURVE('',#2852,#2851,#377,.T.);
#2318=EDGE_CURVE('',#2853,#2536,#3243,.T.);
#2319=EDGE_CURVE('',#2853,#2852,#378,.T.);
#2320=EDGE_CURVE('',#2854,#2535,#3244,.T.);
#2321=EDGE_CURVE('',#2854,#2853,#3245,.T.);
#2322=EDGE_CURVE('',#2855,#2534,#3246,.T.);
#2323=EDGE_CURVE('',#2855,#2854,#3247,.T.);
#2324=EDGE_CURVE('',#2856,#2533,#3248,.T.);
#2325=EDGE_CURVE('',#2856,#2855,#3249,.T.);
#2326=EDGE_CURVE('',#2857,#2532,#3250,.T.);
#2327=EDGE_CURVE('',#2857,#2856,#3251,.T.);
#2328=EDGE_CURVE('',#2858,#2531,#3252,.T.);
#2329=EDGE_CURVE('',#2858,#2857,#3253,.T.);
#2330=EDGE_CURVE('',#2859,#2530,#3254,.T.);
#2331=EDGE_CURVE('',#2859,#2858,#379,.T.);
#2332=EDGE_CURVE('',#2850,#2859,#380,.T.);
#2333=EDGE_CURVE('',#2836,#2847,#381,.T.);
#2334=EDGE_CURVE('',#2838,#2848,#382,.T.);
#2335=EDGE_CURVE('',#2860,#2517,#3255,.T.);
#2336=EDGE_CURVE('',#2860,#2861,#3256,.T.);
#2337=EDGE_CURVE('',#2861,#2518,#3257,.T.);
#2338=EDGE_CURVE('',#2862,#2516,#3258,.T.);
#2339=EDGE_CURVE('',#2862,#2860,#3259,.T.);
#2340=EDGE_CURVE('',#2863,#2526,#3260,.T.);
#2341=EDGE_CURVE('',#2863,#2862,#3261,.T.);
#2342=EDGE_CURVE('',#2864,#2525,#3262,.T.);
#2343=EDGE_CURVE('',#2864,#2863,#3263,.T.);
#2344=EDGE_CURVE('',#2865,#2524,#3264,.T.);
#2345=EDGE_CURVE('',#2865,#2864,#3265,.T.);
#2346=EDGE_CURVE('',#2866,#2523,#3266,.T.);
#2347=EDGE_CURVE('',#2866,#2865,#3267,.T.);
#2348=EDGE_CURVE('',#2867,#2522,#3268,.T.);
#2349=EDGE_CURVE('',#2867,#2866,#3269,.T.);
#2350=EDGE_CURVE('',#2868,#2521,#3270,.T.);
#2351=EDGE_CURVE('',#2868,#2867,#3271,.T.);
#2352=EDGE_CURVE('',#2869,#2520,#3272,.T.);
#2353=EDGE_CURVE('',#2869,#2868,#3273,.T.);
#2354=EDGE_CURVE('',#2870,#2519,#3274,.T.);
#2355=EDGE_CURVE('',#2870,#2869,#3275,.T.);
#2356=EDGE_CURVE('',#2861,#2870,#3276,.T.);
#2357=EDGE_CURVE('',#2871,#2499,#3277,.T.);
#2358=EDGE_CURVE('',#2871,#2872,#383,.T.);
#2359=EDGE_CURVE('',#2872,#2500,#3278,.T.);
#2360=EDGE_CURVE('',#2873,#2498,#3279,.T.);
#2361=EDGE_CURVE('',#2873,#2871,#384,.T.);
#2362=EDGE_CURVE('',#2874,#2515,#3280,.T.);
#2363=EDGE_CURVE('',#2874,#2873,#201,.T.);
#2364=EDGE_CURVE('',#2875,#2514,#3281,.T.);
#2365=EDGE_CURVE('',#2875,#2874,#385,.T.);
#2366=EDGE_CURVE('',#2876,#2513,#3282,.T.);
#2367=EDGE_CURVE('',#2876,#2875,#386,.T.);
#2368=EDGE_CURVE('',#2877,#2512,#3283,.T.);
#2369=EDGE_CURVE('',#2877,#2876,#387,.T.);
#2370=EDGE_CURVE('',#2878,#2511,#3284,.T.);
#2371=EDGE_CURVE('',#2878,#2877,#3285,.T.);
#2372=EDGE_CURVE('',#2879,#2510,#3286,.T.);
#2373=EDGE_CURVE('',#2879,#2878,#388,.T.);
#2374=EDGE_CURVE('',#2880,#2509,#3287,.T.);
#2375=EDGE_CURVE('',#2880,#2879,#389,.T.);
#2376=EDGE_CURVE('',#2881,#2508,#3288,.T.);
#2377=EDGE_CURVE('',#2881,#2880,#390,.T.);
#2378=EDGE_CURVE('',#2882,#2507,#3289,.T.);
#2379=EDGE_CURVE('',#2882,#2881,#391,.T.);
#2380=EDGE_CURVE('',#2883,#2506,#3290,.T.);
#2381=EDGE_CURVE('',#2883,#2882,#392,.T.);
#2382=EDGE_CURVE('',#2884,#2505,#3291,.T.);
#2383=EDGE_CURVE('',#2884,#2883,#393,.T.);
#2384=EDGE_CURVE('',#2885,#2504,#3292,.T.);
#2385=EDGE_CURVE('',#2885,#2884,#3293,.T.);
#2386=EDGE_CURVE('',#2886,#2503,#3294,.T.);
#2387=EDGE_CURVE('',#2886,#2885,#394,.T.);
#2388=EDGE_CURVE('',#2887,#2502,#3295,.T.);
#2389=EDGE_CURVE('',#2887,#2886,#395,.T.);
#2390=EDGE_CURVE('',#2888,#2501,#3296,.T.);
#2391=EDGE_CURVE('',#2888,#2887,#396,.T.);
#2392=EDGE_CURVE('',#2872,#2888,#202,.T.);
#2393=EDGE_CURVE('',#2889,#2890,#397,.T.);
#2394=EDGE_CURVE('',#2891,#2889,#3297,.T.);
#2395=EDGE_CURVE('',#2891,#2892,#398,.T.);
#2396=EDGE_CURVE('',#2892,#2890,#3298,.T.);
#2397=EDGE_CURVE('',#2893,#2889,#399,.T.);
#2398=EDGE_CURVE('',#2894,#2893,#3299,.T.);
#2399=EDGE_CURVE('',#2894,#2891,#400,.T.);
#2400=EDGE_CURVE('',#2895,#2893,#203,.F.);
#2401=EDGE_CURVE('',#2896,#2895,#3300,.T.);
#2402=EDGE_CURVE('',#2896,#2894,#204,.F.);
#2403=EDGE_CURVE('',#2897,#2895,#205,.F.);
#2404=EDGE_CURVE('',#2898,#2897,#3301,.T.);
#2405=EDGE_CURVE('',#2898,#2896,#206,.F.);
#2406=EDGE_CURVE('',#2899,#2897,#401,.T.);
#2407=EDGE_CURVE('',#2900,#2899,#3302,.T.);
#2408=EDGE_CURVE('',#2900,#2898,#402,.T.);
#2409=EDGE_CURVE('',#2901,#2899,#403,.T.);
#2410=EDGE_CURVE('',#2902,#2901,#3303,.T.);
#2411=EDGE_CURVE('',#2902,#2900,#404,.T.);
#2412=EDGE_CURVE('',#2903,#2901,#207,.F.);
#2413=EDGE_CURVE('',#2904,#2903,#3304,.T.);
#2414=EDGE_CURVE('',#2904,#2902,#208,.F.);
#2415=EDGE_CURVE('',#2905,#2629,#3305,.T.);
#2416=EDGE_CURVE('',#2905,#2906,#405,.T.);
#2417=EDGE_CURVE('',#2906,#2630,#3306,.T.);
#2418=EDGE_CURVE('',#2907,#2628,#3307,.T.);
#2419=EDGE_CURVE('',#2907,#2905,#406,.T.);
#2420=EDGE_CURVE('',#2908,#2642,#3308,.T.);
#2421=EDGE_CURVE('',#2908,#2907,#407,.T.);
#2422=EDGE_CURVE('',#2909,#2641,#3309,.T.);
#2423=EDGE_CURVE('',#2909,#2908,#209,.T.);
#2424=EDGE_CURVE('',#2910,#2640,#3310,.T.);
#2425=EDGE_CURVE('',#2910,#2909,#408,.T.);
#2426=EDGE_CURVE('',#2911,#2639,#3311,.T.);
#2427=EDGE_CURVE('',#2911,#2910,#409,.T.);
#2428=EDGE_CURVE('',#2912,#2638,#3312,.T.);
#2429=EDGE_CURVE('',#2912,#2911,#3313,.T.);
#2430=EDGE_CURVE('',#2913,#2637,#3314,.T.);
#2431=EDGE_CURVE('',#2913,#2912,#3315,.T.);
#2432=EDGE_CURVE('',#2914,#2636,#3316,.T.);
#2433=EDGE_CURVE('',#2914,#2913,#3317,.T.);
#2434=EDGE_CURVE('',#2915,#2635,#3318,.T.);
#2435=EDGE_CURVE('',#2915,#2914,#3319,.T.);
#2436=EDGE_CURVE('',#2916,#2634,#3320,.T.);
#2437=EDGE_CURVE('',#2916,#2915,#3321,.T.);
#2438=EDGE_CURVE('',#2917,#2633,#3322,.T.);
#2439=EDGE_CURVE('',#2917,#2916,#410,.T.);
#2440=EDGE_CURVE('',#2918,#2632,#3323,.T.);
#2441=EDGE_CURVE('',#2918,#2917,#411,.T.);
#2442=EDGE_CURVE('',#2919,#2631,#3324,.T.);
#2443=EDGE_CURVE('',#2919,#2918,#412,.T.);
#2444=EDGE_CURVE('',#2906,#2919,#413,.T.);
#2445=EDGE_CURVE('',#2890,#2903,#210,.F.);
#2446=EDGE_CURVE('',#2892,#2904,#211,.F.);
#2447=EDGE_CURVE('',#2920,#2644,#3325,.T.);
#2448=EDGE_CURVE('',#2920,#2921,#3326,.T.);
#2449=EDGE_CURVE('',#2921,#2645,#3327,.T.);
#2450=EDGE_CURVE('',#2922,#2643,#3328,.T.);
#2451=EDGE_CURVE('',#2922,#2920,#3329,.T.);
#2452=EDGE_CURVE('',#2923,#2654,#3330,.T.);
#2453=EDGE_CURVE('',#2923,#2922,#3331,.T.);
#2454=EDGE_CURVE('',#2924,#2653,#3332,.T.);
#2455=EDGE_CURVE('',#2924,#2923,#3333,.T.);
#2456=EDGE_CURVE('',#2925,#2652,#3334,.T.);
#2457=EDGE_CURVE('',#2925,#2924,#3335,.T.);
#2458=EDGE_CURVE('',#2926,#2651,#3336,.T.);
#2459=EDGE_CURVE('',#2926,#2925,#3337,.T.);
#2460=EDGE_CURVE('',#2927,#2650,#3338,.T.);
#2461=EDGE_CURVE('',#2927,#2926,#3339,.T.);
#2462=EDGE_CURVE('',#2928,#2649,#3340,.T.);
#2463=EDGE_CURVE('',#2928,#2927,#3341,.T.);
#2464=EDGE_CURVE('',#2929,#2648,#3342,.T.);
#2465=EDGE_CURVE('',#2929,#2928,#3343,.T.);
#2466=EDGE_CURVE('',#2930,#2647,#3344,.T.);
#2467=EDGE_CURVE('',#2930,#2929,#3345,.T.);
#2468=EDGE_CURVE('',#2931,#2646,#3346,.T.);
#2469=EDGE_CURVE('',#2931,#2930,#3347,.T.);
#2470=EDGE_CURVE('',#2921,#2931,#3348,.T.);
#2471=EDGE_CURVE('',#2496,#2684,#3349,.T.);
#2472=VERTEX_POINT('',#5786);
#2473=VERTEX_POINT('',#5787);
#2474=VERTEX_POINT('',#5789);
#2475=VERTEX_POINT('',#5791);
#2476=VERTEX_POINT('',#5793);
#2477=VERTEX_POINT('',#5795);
#2478=VERTEX_POINT('',#5797);
#2479=VERTEX_POINT('',#5799);
#2480=VERTEX_POINT('',#5801);
#2481=VERTEX_POINT('',#5803);
#2482=VERTEX_POINT('',#5805);
#2483=VERTEX_POINT('',#5807);
#2484=VERTEX_POINT('',#5811);
#2485=VERTEX_POINT('',#5812);
#2486=VERTEX_POINT('',#5814);
#2487=VERTEX_POINT('',#5816);
#2488=VERTEX_POINT('',#5818);
#2489=VERTEX_POINT('',#5820);
#2490=VERTEX_POINT('',#5822);
#2491=VERTEX_POINT('',#5824);
#2492=VERTEX_POINT('',#5826);
#2493=VERTEX_POINT('',#5828);
#2494=VERTEX_POINT('',#5830);
#2495=VERTEX_POINT('',#5832);
#2496=VERTEX_POINT('',#5836);
#2497=VERTEX_POINT('',#5839);
#2498=VERTEX_POINT('',#5845);
#2499=VERTEX_POINT('',#5846);
#2500=VERTEX_POINT('',#5850);
#2501=VERTEX_POINT('',#5852);
#2502=VERTEX_POINT('',#5856);
#2503=VERTEX_POINT('',#5860);
#2504=VERTEX_POINT('',#5864);
#2505=VERTEX_POINT('',#5866);
#2506=VERTEX_POINT('',#5870);
#2507=VERTEX_POINT('',#5874);
#2508=VERTEX_POINT('',#5878);
#2509=VERTEX_POINT('',#5882);
#2510=VERTEX_POINT('',#5886);
#2511=VERTEX_POINT('',#5890);
#2512=VERTEX_POINT('',#5892);
#2513=VERTEX_POINT('',#5896);
#2514=VERTEX_POINT('',#5900);
#2515=VERTEX_POINT('',#5904);
#2516=VERTEX_POINT('',#5907);
#2517=VERTEX_POINT('',#5908);
#2518=VERTEX_POINT('',#5910);
#2519=VERTEX_POINT('',#5912);
#2520=VERTEX_POINT('',#5914);
#2521=VERTEX_POINT('',#5916);
#2522=VERTEX_POINT('',#5918);
#2523=VERTEX_POINT('',#5920);
#2524=VERTEX_POINT('',#5922);
#2525=VERTEX_POINT('',#5924);
#2526=VERTEX_POINT('',#5926);
#2527=VERTEX_POINT('',#5931);
#2528=VERTEX_POINT('',#5932);
#2529=VERTEX_POINT('',#5934);
#2530=VERTEX_POINT('',#5938);
#2531=VERTEX_POINT('',#5942);
#2532=VERTEX_POINT('',#5944);
#2533=VERTEX_POINT('',#5946);
#2534=VERTEX_POINT('',#5948);
#2535=VERTEX_POINT('',#5950);
#2536=VERTEX_POINT('',#5952);
#2537=VERTEX_POINT('',#5956);
#2538=VERTEX_POINT('',#5963);
#2539=VERTEX_POINT('',#5964);
#2540=VERTEX_POINT('',#5968);
#2541=VERTEX_POINT('',#5972);
#2542=VERTEX_POINT('',#5976);
#2543=VERTEX_POINT('',#5980);
#2544=VERTEX_POINT('',#5984);
#2545=VERTEX_POINT('',#5986);
#2546=VERTEX_POINT('',#5988);
#2547=VERTEX_POINT('',#5990);
#2548=VERTEX_POINT('',#5992);
#2549=VERTEX_POINT('',#5994);
#2550=VERTEX_POINT('',#5998);
#2551=VERTEX_POINT('',#6002);
#2552=VERTEX_POINT('',#6006);
#2553=VERTEX_POINT('',#6013);
#2554=VERTEX_POINT('',#6014);
#2555=VERTEX_POINT('',#6016);
#2556=VERTEX_POINT('',#6018);
#2557=VERTEX_POINT('',#6022);
#2558=VERTEX_POINT('',#6026);
#2559=VERTEX_POINT('',#6030);
#2560=VERTEX_POINT('',#6032);
#2561=VERTEX_POINT('',#6034);
#2562=VERTEX_POINT('',#6036);
#2563=VERTEX_POINT('',#6040);
#2564=VERTEX_POINT('',#6044);
#2565=VERTEX_POINT('',#6046);
#2566=VERTEX_POINT('',#6050);
#2567=VERTEX_POINT('',#6054);
#2568=VERTEX_POINT('',#6056);
#2569=VERTEX_POINT('',#6060);
#2570=VERTEX_POINT('',#6064);
#2571=VERTEX_POINT('',#6067);
#2572=VERTEX_POINT('',#6068);
#2573=VERTEX_POINT('',#6070);
#2574=VERTEX_POINT('',#6072);
#2575=VERTEX_POINT('',#6075);
#2576=VERTEX_POINT('',#6076);
#2577=VERTEX_POINT('',#6078);
#2578=VERTEX_POINT('',#6080);
#2579=VERTEX_POINT('',#6082);
#2580=VERTEX_POINT('',#6084);
#2581=VERTEX_POINT('',#6086);
#2582=VERTEX_POINT('',#6088);
#2583=VERTEX_POINT('',#6090);
#2584=VERTEX_POINT('',#6092);
#2585=VERTEX_POINT('',#6094);
#2586=VERTEX_POINT('',#6099);
#2587=VERTEX_POINT('',#6100);
#2588=VERTEX_POINT('',#6104);
#2589=VERTEX_POINT('',#6106);
#2590=VERTEX_POINT('',#6110);
#2591=VERTEX_POINT('',#6114);
#2592=VERTEX_POINT('',#6118);
#2593=VERTEX_POINT('',#6120);
#2594=VERTEX_POINT('',#6124);
#2595=VERTEX_POINT('',#6128);
#2596=VERTEX_POINT('',#6132);
#2597=VERTEX_POINT('',#6136);
#2598=VERTEX_POINT('',#6140);
#2599=VERTEX_POINT('',#6144);
#2600=VERTEX_POINT('',#6146);
#2601=VERTEX_POINT('',#6150);
#2602=VERTEX_POINT('',#6154);
#2603=VERTEX_POINT('',#6158);
#2604=VERTEX_POINT('',#6161);
#2605=VERTEX_POINT('',#6162);
#2606=VERTEX_POINT('',#6166);
#2607=VERTEX_POINT('',#6170);
#2608=VERTEX_POINT('',#6174);
#2609=VERTEX_POINT('',#6178);
#2610=VERTEX_POINT('',#6182);
#2611=VERTEX_POINT('',#6186);
#2612=VERTEX_POINT('',#6188);
#2613=VERTEX_POINT('',#6193);
#2614=VERTEX_POINT('',#6194);
#2615=VERTEX_POINT('',#6198);
#2616=VERTEX_POINT('',#6202);
#2617=VERTEX_POINT('',#6206);
#2618=VERTEX_POINT('',#6210);
#2619=VERTEX_POINT('',#6214);
#2620=VERTEX_POINT('',#6216);
#2621=VERTEX_POINT('',#6218);
#2622=VERTEX_POINT('',#6220);
#2623=VERTEX_POINT('',#6222);
#2624=VERTEX_POINT('',#6224);
#2625=VERTEX_POINT('',#6228);
#2626=VERTEX_POINT('',#6232);
#2627=VERTEX_POINT('',#6234);
#2628=VERTEX_POINT('',#6241);
#2629=VERTEX_POINT('',#6242);
#2630=VERTEX_POINT('',#6246);
#2631=VERTEX_POINT('',#6250);
#2632=VERTEX_POINT('',#6254);
#2633=VERTEX_POINT('',#6258);
#2634=VERTEX_POINT('',#6262);
#2635=VERTEX_POINT('',#6264);
#2636=VERTEX_POINT('',#6266);
#2637=VERTEX_POINT('',#6268);
#2638=VERTEX_POINT('',#6270);
#2639=VERTEX_POINT('',#6272);
#2640=VERTEX_POINT('',#6276);
#2641=VERTEX_POINT('',#6280);
#2642=VERTEX_POINT('',#6282);
#2643=VERTEX_POINT('',#6287);
#2644=VERTEX_POINT('',#6288);
#2645=VERTEX_POINT('',#6290);
#2646=VERTEX_POINT('',#6292);
#2647=VERTEX_POINT('',#6294);
#2648=VERTEX_POINT('',#6296);
#2649=VERTEX_POINT('',#6298);
#2650=VERTEX_POINT('',#6300);
#2651=VERTEX_POINT('',#6302);
#2652=VERTEX_POINT('',#6304);
#2653=VERTEX_POINT('',#6306);
#2654=VERTEX_POINT('',#6308);
#2655=VERTEX_POINT('',#6312);
#2656=VERTEX_POINT('',#6314);
#2657=VERTEX_POINT('',#6316);
#2658=VERTEX_POINT('',#6319);
#2659=VERTEX_POINT('',#6321);
#2660=VERTEX_POINT('',#6323);
#2661=VERTEX_POINT('',#6325);
#2662=VERTEX_POINT('',#6327);
#2663=VERTEX_POINT('',#6329);
#2664=VERTEX_POINT('',#6332);
#2665=VERTEX_POINT('',#6336);
#2666=VERTEX_POINT('',#6339);
#2667=VERTEX_POINT('',#6341);
#2668=VERTEX_POINT('',#6345);
#2669=VERTEX_POINT('',#6349);
#2670=VERTEX_POINT('',#6351);
#2671=VERTEX_POINT('',#6354);
#2672=VERTEX_POINT('',#6358);
#2673=VERTEX_POINT('',#6362);
#2674=VERTEX_POINT('',#6366);
#2675=VERTEX_POINT('',#6370);
#2676=VERTEX_POINT('',#6377);
#2677=VERTEX_POINT('',#6379);
#2678=VERTEX_POINT('',#6382);
#2679=VERTEX_POINT('',#6386);
#2680=VERTEX_POINT('',#6389);
#2681=VERTEX_POINT('',#6393);
#2682=VERTEX_POINT('',#6397);
#2683=VERTEX_POINT('',#6399);
#2684=VERTEX_POINT('',#6402);
#2685=VERTEX_POINT('',#6409);
#2686=VERTEX_POINT('',#6413);
#2687=VERTEX_POINT('',#6415);
#2688=VERTEX_POINT('',#6422);
#2689=VERTEX_POINT('',#6426);
#2690=VERTEX_POINT('',#6428);
#2691=VERTEX_POINT('',#6437);
#2692=VERTEX_POINT('',#6439);
#2693=VERTEX_POINT('',#6449);
#2694=VERTEX_POINT('',#6451);
#2695=VERTEX_POINT('',#6455);
#2696=VERTEX_POINT('',#6459);
#2697=VERTEX_POINT('',#6463);
#2698=VERTEX_POINT('',#6467);
#2699=VERTEX_POINT('',#6471);
#2700=VERTEX_POINT('',#6475);
#2701=VERTEX_POINT('',#6479);
#2702=VERTEX_POINT('',#6483);
#2703=VERTEX_POINT('',#6487);
#2704=VERTEX_POINT('',#6501);
#2705=VERTEX_POINT('',#6505);
#2706=VERTEX_POINT('',#6516);
#2707=VERTEX_POINT('',#6522);
#2708=VERTEX_POINT('',#6533);
#2709=VERTEX_POINT('',#6546);
#2710=VERTEX_POINT('',#6559);
#2711=VERTEX_POINT('',#6565);
#2712=VERTEX_POINT('',#6576);
#2713=VERTEX_POINT('',#6589);
#2714=VERTEX_POINT('',#6602);
#2715=VERTEX_POINT('',#6615);
#2716=VERTEX_POINT('',#6628);
#2717=VERTEX_POINT('',#6641);
#2718=VERTEX_POINT('',#6647);
#2719=VERTEX_POINT('',#6658);
#2720=VERTEX_POINT('',#6671);
#2721=VERTEX_POINT('',#6684);
#2722=VERTEX_POINT('',#6702);
#2723=VERTEX_POINT('',#6703);
#2724=VERTEX_POINT('',#6705);
#2725=VERTEX_POINT('',#6709);
#2726=VERTEX_POINT('',#6713);
#2727=VERTEX_POINT('',#6715);
#2728=VERTEX_POINT('',#6728);
#2729=VERTEX_POINT('',#6730);
#2730=VERTEX_POINT('',#6745);
#2731=VERTEX_POINT('',#6747);
#2732=VERTEX_POINT('',#6753);
#2733=VERTEX_POINT('',#6755);
#2734=VERTEX_POINT('',#6766);
#2735=VERTEX_POINT('',#6772);
#2736=VERTEX_POINT('',#6783);
#2737=VERTEX_POINT('',#6796);
#2738=VERTEX_POINT('',#6802);
#2739=VERTEX_POINT('',#6813);
#2740=VERTEX_POINT('',#6826);
#2741=VERTEX_POINT('',#6832);
#2742=VERTEX_POINT('',#6843);
#2743=VERTEX_POINT('',#6856);
#2744=VERTEX_POINT('',#6862);
#2745=VERTEX_POINT('',#6866);
#2746=VERTEX_POINT('',#6870);
#2747=VERTEX_POINT('',#6881);
#2748=VERTEX_POINT('',#6894);
#2749=VERTEX_POINT('',#6907);
#2750=VERTEX_POINT('',#6939);
#2751=VERTEX_POINT('',#6940);
#2752=VERTEX_POINT('',#6942);
#2753=VERTEX_POINT('',#6946);
#2754=VERTEX_POINT('',#6950);
#2755=VERTEX_POINT('',#6952);
#2756=VERTEX_POINT('',#6956);
#2757=VERTEX_POINT('',#6958);
#2758=VERTEX_POINT('',#6962);
#2759=VERTEX_POINT('',#6964);
#2760=VERTEX_POINT('',#6977);
#2761=VERTEX_POINT('',#6979);
#2762=VERTEX_POINT('',#6994);
#2763=VERTEX_POINT('',#6996);
#2764=VERTEX_POINT('',#7009);
#2765=VERTEX_POINT('',#7013);
#2766=VERTEX_POINT('',#7017);
#2767=VERTEX_POINT('',#7021);
#2768=VERTEX_POINT('',#7025);
#2769=VERTEX_POINT('',#7036);
#2770=VERTEX_POINT('',#7049);
#2771=VERTEX_POINT('',#7062);
#2772=VERTEX_POINT('',#7075);
#2773=VERTEX_POINT('',#7116);
#2774=VERTEX_POINT('',#7117);
#2775=VERTEX_POINT('',#7119);
#2776=VERTEX_POINT('',#7123);
#2777=VERTEX_POINT('',#7136);
#2778=VERTEX_POINT('',#7138);
#2779=VERTEX_POINT('',#7144);
#2780=VERTEX_POINT('',#7146);
#2781=VERTEX_POINT('',#7150);
#2782=VERTEX_POINT('',#7152);
#2783=VERTEX_POINT('',#7165);
#2784=VERTEX_POINT('',#7167);
#2785=VERTEX_POINT('',#7182);
#2786=VERTEX_POINT('',#7184);
#2787=VERTEX_POINT('',#7190);
#2788=VERTEX_POINT('',#7192);
#2789=VERTEX_POINT('',#7203);
#2790=VERTEX_POINT('',#7207);
#2791=VERTEX_POINT('',#7218);
#2792=VERTEX_POINT('',#7231);
#2793=VERTEX_POINT('',#7244);
#2794=VERTEX_POINT('',#7257);
#2795=VERTEX_POINT('',#7270);
#2796=VERTEX_POINT('',#7276);
#2797=VERTEX_POINT('',#7280);
#2798=VERTEX_POINT('',#7284);
#2799=VERTEX_POINT('',#7288);
#2800=VERTEX_POINT('',#7292);
#2801=VERTEX_POINT('',#7303);
#2802=VERTEX_POINT('',#7316);
#2803=VERTEX_POINT('',#7329);
#2804=VERTEX_POINT('',#7359);
#2805=VERTEX_POINT('',#7360);
#2806=VERTEX_POINT('',#7362);
#2807=VERTEX_POINT('',#7366);
#2808=VERTEX_POINT('',#7379);
#2809=VERTEX_POINT('',#7381);
#2810=VERTEX_POINT('',#7387);
#2811=VERTEX_POINT('',#7389);
#2812=VERTEX_POINT('',#7393);
#2813=VERTEX_POINT('',#7395);
#2814=VERTEX_POINT('',#7408);
#2815=VERTEX_POINT('',#7410);
#2816=VERTEX_POINT('',#7425);
#2817=VERTEX_POINT('',#7427);
#2818=VERTEX_POINT('',#7433);
#2819=VERTEX_POINT('',#7435);
#2820=VERTEX_POINT('',#7446);
#2821=VERTEX_POINT('',#7450);
#2822=VERTEX_POINT('',#7461);
#2823=VERTEX_POINT('',#7474);
#2824=VERTEX_POINT('',#7480);
#2825=VERTEX_POINT('',#7491);
#2826=VERTEX_POINT('',#7504);
#2827=VERTEX_POINT('',#7510);
#2828=VERTEX_POINT('',#7514);
#2829=VERTEX_POINT('',#7518);
#2830=VERTEX_POINT('',#7522);
#2831=VERTEX_POINT('',#7526);
#2832=VERTEX_POINT('',#7537);
#2833=VERTEX_POINT('',#7550);
#2834=VERTEX_POINT('',#7563);
#2835=VERTEX_POINT('',#7593);
#2836=VERTEX_POINT('',#7594);
#2837=VERTEX_POINT('',#7596);
#2838=VERTEX_POINT('',#7600);
#2839=VERTEX_POINT('',#7604);
#2840=VERTEX_POINT('',#7606);
#2841=VERTEX_POINT('',#7610);
#2842=VERTEX_POINT('',#7612);
#2843=VERTEX_POINT('',#7616);
#2844=VERTEX_POINT('',#7618);
#2845=VERTEX_POINT('',#7631);
#2846=VERTEX_POINT('',#7633);
#2847=VERTEX_POINT('',#7648);
#2848=VERTEX_POINT('',#7650);
#2849=VERTEX_POINT('',#7656);
#2850=VERTEX_POINT('',#7658);
#2851=VERTEX_POINT('',#7669);
#2852=VERTEX_POINT('',#7682);
#2853=VERTEX_POINT('',#7695);
#2854=VERTEX_POINT('',#7701);
#2855=VERTEX_POINT('',#7705);
#2856=VERTEX_POINT('',#7709);
#2857=VERTEX_POINT('',#7713);
#2858=VERTEX_POINT('',#7717);
#2859=VERTEX_POINT('',#7728);
#2860=VERTEX_POINT('',#7760);
#2861=VERTEX_POINT('',#7762);
#2862=VERTEX_POINT('',#7766);
#2863=VERTEX_POINT('',#7770);
#2864=VERTEX_POINT('',#7774);
#2865=VERTEX_POINT('',#7778);
#2866=VERTEX_POINT('',#7782);
#2867=VERTEX_POINT('',#7786);
#2868=VERTEX_POINT('',#7790);
#2869=VERTEX_POINT('',#7794);
#2870=VERTEX_POINT('',#7798);
#2871=VERTEX_POINT('',#7812);
#2872=VERTEX_POINT('',#7816);
#2873=VERTEX_POINT('',#7827);
#2874=VERTEX_POINT('',#7833);
#2875=VERTEX_POINT('',#7844);
#2876=VERTEX_POINT('',#7857);
#2877=VERTEX_POINT('',#7870);
#2878=VERTEX_POINT('',#7876);
#2879=VERTEX_POINT('',#7887);
#2880=VERTEX_POINT('',#7900);
#2881=VERTEX_POINT('',#7913);
#2882=VERTEX_POINT('',#7926);
#2883=VERTEX_POINT('',#7939);
#2884=VERTEX_POINT('',#7952);
#2885=VERTEX_POINT('',#7958);
#2886=VERTEX_POINT('',#7969);
#2887=VERTEX_POINT('',#7982);
#2888=VERTEX_POINT('',#7995);
#2889=VERTEX_POINT('',#8013);
#2890=VERTEX_POINT('',#8014);
#2891=VERTEX_POINT('',#8016);
#2892=VERTEX_POINT('',#8020);
#2893=VERTEX_POINT('',#8033);
#2894=VERTEX_POINT('',#8035);
#2895=VERTEX_POINT('',#8041);
#2896=VERTEX_POINT('',#8043);
#2897=VERTEX_POINT('',#8047);
#2898=VERTEX_POINT('',#8049);
#2899=VERTEX_POINT('',#8062);
#2900=VERTEX_POINT('',#8064);
#2901=VERTEX_POINT('',#8079);
#2902=VERTEX_POINT('',#8081);
#2903=VERTEX_POINT('',#8087);
#2904=VERTEX_POINT('',#8089);
#2905=VERTEX_POINT('',#8100);
#2906=VERTEX_POINT('',#8104);
#2907=VERTEX_POINT('',#8115);
#2908=VERTEX_POINT('',#8128);
#2909=VERTEX_POINT('',#8134);
#2910=VERTEX_POINT('',#8145);
#2911=VERTEX_POINT('',#8158);
#2912=VERTEX_POINT('',#8164);
#2913=VERTEX_POINT('',#8168);
#2914=VERTEX_POINT('',#8172);
#2915=VERTEX_POINT('',#8176);
#2916=VERTEX_POINT('',#8180);
#2917=VERTEX_POINT('',#8191);
#2918=VERTEX_POINT('',#8204);
#2919=VERTEX_POINT('',#8217);
#2920=VERTEX_POINT('',#8238);
#2921=VERTEX_POINT('',#8240);
#2922=VERTEX_POINT('',#8244);
#2923=VERTEX_POINT('',#8248);
#2924=VERTEX_POINT('',#8252);
#2925=VERTEX_POINT('',#8256);
#2926=VERTEX_POINT('',#8260);
#2927=VERTEX_POINT('',#8264);
#2928=VERTEX_POINT('',#8268);
#2929=VERTEX_POINT('',#8272);
#2930=VERTEX_POINT('',#8276);
#2931=VERTEX_POINT('',#8280);
#2932=LINE('',#5785,#3350);
#2933=LINE('',#5788,#3351);
#2934=LINE('',#5790,#3352);
#2935=LINE('',#5792,#3353);
#2936=LINE('',#5794,#3354);
#2937=LINE('',#5796,#3355);
#2938=LINE('',#5798,#3356);
#2939=LINE('',#5800,#3357);
#2940=LINE('',#5802,#3358);
#2941=LINE('',#5804,#3359);
#2942=LINE('',#5806,#3360);
#2943=LINE('',#5808,#3361);
#2944=LINE('',#5810,#3362);
#2945=LINE('',#5813,#3363);
#2946=LINE('',#5815,#3364);
#2947=LINE('',#5817,#3365);
#2948=LINE('',#5819,#3366);
#2949=LINE('',#5821,#3367);
#2950=LINE('',#5823,#3368);
#2951=LINE('',#5825,#3369);
#2952=LINE('',#5827,#3370);
#2953=LINE('',#5829,#3371);
#2954=LINE('',#5831,#3372);
#2955=LINE('',#5833,#3373);
#2956=LINE('',#5835,#3374);
#2957=LINE('',#5837,#3375);
#2958=LINE('',#5838,#3376);
#2959=LINE('',#5840,#3377);
#2960=LINE('',#5865,#3378);
#2961=LINE('',#5891,#3379);
#2962=LINE('',#5906,#3380);
#2963=LINE('',#5909,#3381);
#2964=LINE('',#5911,#3382);
#2965=LINE('',#5913,#3383);
#2966=LINE('',#5915,#3384);
#2967=LINE('',#5917,#3385);
#2968=LINE('',#5919,#3386);
#2969=LINE('',#5921,#3387);
#2970=LINE('',#5923,#3388);
#2971=LINE('',#5925,#3389);
#2972=LINE('',#5927,#3390);
#2973=LINE('',#5943,#3391);
#2974=LINE('',#5945,#3392);
#2975=LINE('',#5947,#3393);
#2976=LINE('',#5949,#3394);
#2977=LINE('',#5951,#3395);
#2978=LINE('',#5985,#3396);
#2979=LINE('',#5987,#3397);
#2980=LINE('',#5989,#3398);
#2981=LINE('',#5991,#3399);
#2982=LINE('',#5993,#3400);
#2983=LINE('',#6017,#3401);
#2984=LINE('',#6031,#3402);
#2985=LINE('',#6066,#3403);
#2986=LINE('',#6069,#3404);
#2987=LINE('',#6071,#3405);
#2988=LINE('',#6073,#3406);
#2989=LINE('',#6074,#3407);
#2990=LINE('',#6077,#3408);
#2991=LINE('',#6079,#3409);
#2992=LINE('',#6081,#3410);
#2993=LINE('',#6083,#3411);
#2994=LINE('',#6085,#3412);
#2995=LINE('',#6087,#3413);
#2996=LINE('',#6089,#3414);
#2997=LINE('',#6091,#3415);
#2998=LINE('',#6093,#3416);
#2999=LINE('',#6095,#3417);
#3000=LINE('',#6119,#3418);
#3001=LINE('',#6145,#3419);
#3002=LINE('',#6160,#3420);
#3003=LINE('',#6187,#3421);
#3004=LINE('',#6189,#3422);
#3005=LINE('',#6215,#3423);
#3006=LINE('',#6217,#3424);
#3007=LINE('',#6219,#3425);
#3008=LINE('',#6221,#3426);
#3009=LINE('',#6223,#3427);
#3010=LINE('',#6263,#3428);
#3011=LINE('',#6265,#3429);
#3012=LINE('',#6267,#3430);
#3013=LINE('',#6269,#3431);
#3014=LINE('',#6271,#3432);
#3015=LINE('',#6286,#3433);
#3016=LINE('',#6289,#3434);
#3017=LINE('',#6291,#3435);
#3018=LINE('',#6293,#3436);
#3019=LINE('',#6295,#3437);
#3020=LINE('',#6297,#3438);
#3021=LINE('',#6299,#3439);
#3022=LINE('',#6301,#3440);
#3023=LINE('',#6303,#3441);
#3024=LINE('',#6305,#3442);
#3025=LINE('',#6307,#3443);
#3026=LINE('',#6309,#3444);
#3027=LINE('',#6311,#3445);
#3028=LINE('',#6313,#3446);
#3029=LINE('',#6315,#3447);
#3030=LINE('',#6317,#3448);
#3031=LINE('',#6318,#3449);
#3032=LINE('',#6320,#3450);
#3033=LINE('',#6324,#3451);
#3034=LINE('',#6328,#3452);
#3035=LINE('',#6333,#3453);
#3036=LINE('',#6335,#3454);
#3037=LINE('',#6337,#3455);
#3038=LINE('',#6338,#3456);
#3039=LINE('',#6340,#3457);
#3040=LINE('',#6342,#3458);
#3041=LINE('',#6346,#3459);
#3042=LINE('',#6348,#3460);
#3043=LINE('',#6350,#3461);
#3044=LINE('',#6352,#3462);
#3045=LINE('',#6353,#3463);
#3046=LINE('',#6355,#3464);
#3047=LINE('',#6359,#3465);
#3048=LINE('',#6361,#3466);
#3049=LINE('',#6363,#3467);
#3050=LINE('',#6367,#3468);
#3051=LINE('',#6369,#3469);
#3052=LINE('',#6371,#3470);
#3053=LINE('',#6376,#3471);
#3054=LINE('',#6378,#3472);
#3055=LINE('',#6380,#3473);
#3056=LINE('',#6381,#3474);
#3057=LINE('',#6383,#3475);
#3058=LINE('',#6385,#3476);
#3059=LINE('',#6387,#3477);
#3060=LINE('',#6388,#3478);
#3061=LINE('',#6390,#3479);
#3062=LINE('',#6392,#3480);
#3063=LINE('',#6394,#3481);
#3064=LINE('',#6401,#3482);
#3065=LINE('',#6403,#3483);
#3066=LINE('',#6404,#3484);
#3067=LINE('',#6408,#3485);
#3068=LINE('',#6410,#3486);
#3069=LINE('',#6417,#3487);
#3070=LINE('',#6421,#3488);
#3071=LINE('',#6423,#3489);
#3072=LINE('',#6430,#3490);
#3073=LINE('',#6434,#3491);
#3074=LINE('',#6443,#3492);
#3075=LINE('',#6445,#3493);
#3076=LINE('',#6448,#3494);
#3077=LINE('',#6450,#3495);
#3078=LINE('',#6452,#3496);
#3079=LINE('',#6454,#3497);
#3080=LINE('',#6456,#3498);
#3081=LINE('',#6458,#3499);
#3082=LINE('',#6460,#3500);
#3083=LINE('',#6462,#3501);
#3084=LINE('',#6464,#3502);
#3085=LINE('',#6466,#3503);
#3086=LINE('',#6468,#3504);
#3087=LINE('',#6470,#3505);
#3088=LINE('',#6472,#3506);
#3089=LINE('',#6474,#3507);
#3090=LINE('',#6476,#3508);
#3091=LINE('',#6478,#3509);
#3092=LINE('',#6480,#3510);
#3093=LINE('',#6482,#3511);
#3094=LINE('',#6484,#3512);
#3095=LINE('',#6486,#3513);
#3096=LINE('',#6488,#3514);
#3097=LINE('',#6490,#3515);
#3098=LINE('',#6500,#3516);
#3099=LINE('',#6506,#3517);
#3100=LINE('',#6515,#3518);
#3101=LINE('',#6521,#3519);
#3102=LINE('',#6532,#3520);
#3103=LINE('',#6545,#3521);
#3104=LINE('',#6558,#3522);
#3105=LINE('',#6564,#3523);
#3106=LINE('',#6566,#3524);
#3107=LINE('',#6575,#3525);
#3108=LINE('',#6588,#3526);
#3109=LINE('',#6601,#3527);
#3110=LINE('',#6614,#3528);
#3111=LINE('',#6627,#3529);
#3112=LINE('',#6640,#3530);
#3113=LINE('',#6646,#3531);
#3114=LINE('',#6648,#3532);
#3115=LINE('',#6657,#3533);
#3116=LINE('',#6670,#3534);
#3117=LINE('',#6683,#3535);
#3118=LINE('',#6704,#3536);
#3119=LINE('',#6710,#3537);
#3120=LINE('',#6712,#3538);
#3121=LINE('',#6714,#3539);
#3122=LINE('',#6716,#3540);
#3123=LINE('',#6729,#3541);
#3124=LINE('',#6746,#3542);
#3125=LINE('',#6752,#3543);
#3126=LINE('',#6756,#3544);
#3127=LINE('',#6765,#3545);
#3128=LINE('',#6771,#3546);
#3129=LINE('',#6782,#3547);
#3130=LINE('',#6795,#3548);
#3131=LINE('',#6801,#3549);
#3132=LINE('',#6812,#3550);
#3133=LINE('',#6825,#3551);
#3134=LINE('',#6831,#3552);
#3135=LINE('',#6842,#3553);
#3136=LINE('',#6855,#3554);
#3137=LINE('',#6861,#3555);
#3138=LINE('',#6865,#3556);
#3139=LINE('',#6869,#3557);
#3140=LINE('',#6871,#3558);
#3141=LINE('',#6880,#3559);
#3142=LINE('',#6893,#3560);
#3143=LINE('',#6906,#3561);
#3144=LINE('',#6912,#3562);
#3145=LINE('',#6941,#3563);
#3146=LINE('',#6947,#3564);
#3147=LINE('',#6949,#3565);
#3148=LINE('',#6951,#3566);
#3149=LINE('',#6953,#3567);
#3150=LINE('',#6955,#3568);
#3151=LINE('',#6957,#3569);
#3152=LINE('',#6959,#3570);
#3153=LINE('',#6961,#3571);
#3154=LINE('',#6963,#3572);
#3155=LINE('',#6965,#3573);
#3156=LINE('',#6978,#3574);
#3157=LINE('',#6995,#3575);
#3158=LINE('',#7008,#3576);
#3159=LINE('',#7014,#3577);
#3160=LINE('',#7016,#3578);
#3161=LINE('',#7018,#3579);
#3162=LINE('',#7020,#3580);
#3163=LINE('',#7022,#3581);
#3164=LINE('',#7024,#3582);
#3165=LINE('',#7026,#3583);
#3166=LINE('',#7035,#3584);
#3167=LINE('',#7048,#3585);
#3168=LINE('',#7061,#3586);
#3169=LINE('',#7074,#3587);
#3170=LINE('',#7118,#3588);
#3171=LINE('',#7124,#3589);
#3172=LINE('',#7137,#3590);
#3173=LINE('',#7145,#3591);
#3174=LINE('',#7151,#3592);
#3175=LINE('',#7166,#3593);
#3176=LINE('',#7183,#3594);
#3177=LINE('',#7191,#3595);
#3178=LINE('',#7202,#3596);
#3179=LINE('',#7208,#3597);
#3180=LINE('',#7217,#3598);
#3181=LINE('',#7230,#3599);
#3182=LINE('',#7243,#3600);
#3183=LINE('',#7256,#3601);
#3184=LINE('',#7269,#3602);
#3185=LINE('',#7275,#3603);
#3186=LINE('',#7277,#3604);
#3187=LINE('',#7279,#3605);
#3188=LINE('',#7281,#3606);
#3189=LINE('',#7283,#3607);
#3190=LINE('',#7285,#3608);
#3191=LINE('',#7287,#3609);
#3192=LINE('',#7289,#3610);
#3193=LINE('',#7291,#3611);
#3194=LINE('',#7293,#3612);
#3195=LINE('',#7302,#3613);
#3196=LINE('',#7315,#3614);
#3197=LINE('',#7328,#3615);
#3198=LINE('',#7361,#3616);
#3199=LINE('',#7367,#3617);
#3200=LINE('',#7380,#3618);
#3201=LINE('',#7388,#3619);
#3202=LINE('',#7394,#3620);
#3203=LINE('',#7409,#3621);
#3204=LINE('',#7426,#3622);
#3205=LINE('',#7434,#3623);
#3206=LINE('',#7445,#3624);
#3207=LINE('',#7451,#3625);
#3208=LINE('',#7460,#3626);
#3209=LINE('',#7473,#3627);
#3210=LINE('',#7479,#3628);
#3211=LINE('',#7490,#3629);
#3212=LINE('',#7503,#3630);
#3213=LINE('',#7509,#3631);
#3214=LINE('',#7511,#3632);
#3215=LINE('',#7513,#3633);
#3216=LINE('',#7515,#3634);
#3217=LINE('',#7517,#3635);
#3218=LINE('',#7519,#3636);
#3219=LINE('',#7521,#3637);
#3220=LINE('',#7523,#3638);
#3221=LINE('',#7525,#3639);
#3222=LINE('',#7527,#3640);
#3223=LINE('',#7536,#3641);
#3224=LINE('',#7549,#3642);
#3225=LINE('',#7562,#3643);
#3226=LINE('',#7595,#3644);
#3227=LINE('',#7601,#3645);
#3228=LINE('',#7603,#3646);
#3229=LINE('',#7605,#3647);
#3230=LINE('',#7607,#3648);
#3231=LINE('',#7609,#3649);
#3232=LINE('',#7611,#3650);
#3233=LINE('',#7613,#3651);
#3234=LINE('',#7615,#3652);
#3235=LINE('',#7617,#3653);
#3236=LINE('',#7619,#3654);
#3237=LINE('',#7632,#3655);
#3238=LINE('',#7649,#3656);
#3239=LINE('',#7655,#3657);
#3240=LINE('',#7659,#3658);
#3241=LINE('',#7668,#3659);
#3242=LINE('',#7681,#3660);
#3243=LINE('',#7694,#3661);
#3244=LINE('',#7700,#3662);
#3245=LINE('',#7702,#3663);
#3246=LINE('',#7704,#3664);
#3247=LINE('',#7706,#3665);
#3248=LINE('',#7708,#3666);
#3249=LINE('',#7710,#3667);
#3250=LINE('',#7712,#3668);
#3251=LINE('',#7714,#3669);
#3252=LINE('',#7716,#3670);
#3253=LINE('',#7718,#3671);
#3254=LINE('',#7727,#3672);
#3255=LINE('',#7759,#3673);
#3256=LINE('',#7761,#3674);
#3257=LINE('',#7763,#3675);
#3258=LINE('',#7765,#3676);
#3259=LINE('',#7767,#3677);
#3260=LINE('',#7769,#3678);
#3261=LINE('',#7771,#3679);
#3262=LINE('',#7773,#3680);
#3263=LINE('',#7775,#3681);
#3264=LINE('',#7777,#3682);
#3265=LINE('',#7779,#3683);
#3266=LINE('',#7781,#3684);
#3267=LINE('',#7783,#3685);
#3268=LINE('',#7785,#3686);
#3269=LINE('',#7787,#3687);
#3270=LINE('',#7789,#3688);
#3271=LINE('',#7791,#3689);
#3272=LINE('',#7793,#3690);
#3273=LINE('',#7795,#3691);
#3274=LINE('',#7797,#3692);
#3275=LINE('',#7799,#3693);
#3276=LINE('',#7801,#3694);
#3277=LINE('',#7811,#3695);
#3278=LINE('',#7817,#3696);
#3279=LINE('',#7826,#3697);
#3280=LINE('',#7832,#3698);
#3281=LINE('',#7843,#3699);
#3282=LINE('',#7856,#3700);
#3283=LINE('',#7869,#3701);
#3284=LINE('',#7875,#3702);
#3285=LINE('',#7877,#3703);
#3286=LINE('',#7886,#3704);
#3287=LINE('',#7899,#3705);
#3288=LINE('',#7912,#3706);
#3289=LINE('',#7925,#3707);
#3290=LINE('',#7938,#3708);
#3291=LINE('',#7951,#3709);
#3292=LINE('',#7957,#3710);
#3293=LINE('',#7959,#3711);
#3294=LINE('',#7968,#3712);
#3295=LINE('',#7981,#3713);
#3296=LINE('',#7994,#3714);
#3297=LINE('',#8015,#3715);
#3298=LINE('',#8021,#3716);
#3299=LINE('',#8034,#3717);
#3300=LINE('',#8042,#3718);
#3301=LINE('',#8048,#3719);
#3302=LINE('',#8063,#3720);
#3303=LINE('',#8080,#3721);
#3304=LINE('',#8088,#3722);
#3305=LINE('',#8099,#3723);
#3306=LINE('',#8105,#3724);
#3307=LINE('',#8114,#3725);
#3308=LINE('',#8127,#3726);
#3309=LINE('',#8133,#3727);
#3310=LINE('',#8144,#3728);
#3311=LINE('',#8157,#3729);
#3312=LINE('',#8163,#3730);
#3313=LINE('',#8165,#3731);
#3314=LINE('',#8167,#3732);
#3315=LINE('',#8169,#3733);
#3316=LINE('',#8171,#3734);
#3317=LINE('',#8173,#3735);
#3318=LINE('',#8175,#3736);
#3319=LINE('',#8177,#3737);
#3320=LINE('',#8179,#3738);
#3321=LINE('',#8181,#3739);
#3322=LINE('',#8190,#3740);
#3323=LINE('',#8203,#3741);
#3324=LINE('',#8216,#3742);
#3325=LINE('',#8237,#3743);
#3326=LINE('',#8239,#3744);
#3327=LINE('',#8241,#3745);
#3328=LINE('',#8243,#3746);
#3329=LINE('',#8245,#3747);
#3330=LINE('',#8247,#3748);
#3331=LINE('',#8249,#3749);
#3332=LINE('',#8251,#3750);
#3333=LINE('',#8253,#3751);
#3334=LINE('',#8255,#3752);
#3335=LINE('',#8257,#3753);
#3336=LINE('',#8259,#3754);
#3337=LINE('',#8261,#3755);
#3338=LINE('',#8263,#3756);
#3339=LINE('',#8265,#3757);
#3340=LINE('',#8267,#3758);
#3341=LINE('',#8269,#3759);
#3342=LINE('',#8271,#3760);
#3343=LINE('',#8273,#3761);
#3344=LINE('',#8275,#3762);
#3345=LINE('',#8277,#3763);
#3346=LINE('',#8279,#3764);
#3347=LINE('',#8281,#3765);
#3348=LINE('',#8283,#3766);
#3349=LINE('',#8292,#3767);
#3350=VECTOR('',#4931,1.);
#3351=VECTOR('',#4932,1.);
#3352=VECTOR('',#4933,1.);
#3353=VECTOR('',#4934,1.);
#3354=VECTOR('',#4935,1.);
#3355=VECTOR('',#4936,1.);
#3356=VECTOR('',#4937,1.);
#3357=VECTOR('',#4938,1.);
#3358=VECTOR('',#4939,1.);
#3359=VECTOR('',#4940,1.);
#3360=VECTOR('',#4941,1.);
#3361=VECTOR('',#4942,1.);
#3362=VECTOR('',#4945,1.);
#3363=VECTOR('',#4946,1.);
#3364=VECTOR('',#4947,1.);
#3365=VECTOR('',#4948,1.);
#3366=VECTOR('',#4949,1.);
#3367=VECTOR('',#4950,1.);
#3368=VECTOR('',#4951,1.);
#3369=VECTOR('',#4952,1.);
#3370=VECTOR('',#4953,1.);
#3371=VECTOR('',#4954,1.);
#3372=VECTOR('',#4955,1.);
#3373=VECTOR('',#4956,1.);
#3374=VECTOR('',#4959,1.);
#3375=VECTOR('',#4960,1.);
#3376=VECTOR('',#4961,1.);
#3377=VECTOR('',#4962,1.);
#3378=VECTOR('',#4967,1.);
#3379=VECTOR('',#4968,1.);
#3380=VECTOR('',#4971,1.);
#3381=VECTOR('',#4972,1.);
#3382=VECTOR('',#4973,1.);
#3383=VECTOR('',#4974,1.);
#3384=VECTOR('',#4975,1.);
#3385=VECTOR('',#4976,1.);
#3386=VECTOR('',#4977,1.);
#3387=VECTOR('',#4978,1.);
#3388=VECTOR('',#4979,1.);
#3389=VECTOR('',#4980,1.);
#3390=VECTOR('',#4981,1.);
#3391=VECTOR('',#4984,1.);
#3392=VECTOR('',#4985,1.);
#3393=VECTOR('',#4986,1.);
#3394=VECTOR('',#4987,1.);
#3395=VECTOR('',#4988,1.);
#3396=VECTOR('',#4989,1.);
#3397=VECTOR('',#4990,1.);
#3398=VECTOR('',#4991,1.);
#3399=VECTOR('',#4992,1.);
#3400=VECTOR('',#4993,1.);
#3401=VECTOR('',#4996,1.);
#3402=VECTOR('',#4997,1.);
#3403=VECTOR('',#5008,1.);
#3404=VECTOR('',#5009,1.);
#3405=VECTOR('',#5010,1.);
#3406=VECTOR('',#5011,1.);
#3407=VECTOR('',#5012,1.);
#3408=VECTOR('',#5013,1.);
#3409=VECTOR('',#5014,1.);
#3410=VECTOR('',#5015,1.);
#3411=VECTOR('',#5016,1.);
#3412=VECTOR('',#5017,1.);
#3413=VECTOR('',#5018,1.);
#3414=VECTOR('',#5019,1.);
#3415=VECTOR('',#5020,1.);
#3416=VECTOR('',#5021,1.);
#3417=VECTOR('',#5022,1.);
#3418=VECTOR('',#5025,1.);
#3419=VECTOR('',#5026,1.);
#3420=VECTOR('',#5029,1.);
#3421=VECTOR('',#5030,1.);
#3422=VECTOR('',#5031,1.);
#3423=VECTOR('',#5032,1.);
#3424=VECTOR('',#5033,1.);
#3425=VECTOR('',#5034,1.);
#3426=VECTOR('',#5035,1.);
#3427=VECTOR('',#5036,1.);
#3428=VECTOR('',#5039,1.);
#3429=VECTOR('',#5040,1.);
#3430=VECTOR('',#5041,1.);
#3431=VECTOR('',#5042,1.);
#3432=VECTOR('',#5043,1.);
#3433=VECTOR('',#5046,1.);
#3434=VECTOR('',#5047,1.);
#3435=VECTOR('',#5048,1.);
#3436=VECTOR('',#5049,1.);
#3437=VECTOR('',#5050,1.);
#3438=VECTOR('',#5051,1.);
#3439=VECTOR('',#5052,1.);
#3440=VECTOR('',#5053,1.);
#3441=VECTOR('',#5054,1.);
#3442=VECTOR('',#5055,1.);
#3443=VECTOR('',#5056,1.);
#3444=VECTOR('',#5057,1.);
#3445=VECTOR('',#5060,1.);
#3446=VECTOR('',#5061,1.);
#3447=VECTOR('',#5062,1.);
#3448=VECTOR('',#5063,1.);
#3449=VECTOR('',#5064,1.);
#3450=VECTOR('',#5065,1.);
#3451=VECTOR('',#5068,1.);
#3452=VECTOR('',#5071,1.);
#3453=VECTOR('',#5076,1.);
#3454=VECTOR('',#5079,1.);
#3455=VECTOR('',#5080,1.);
#3456=VECTOR('',#5081,1.);
#3457=VECTOR('',#5082,1.);
#3458=VECTOR('',#5083,1.);
#3459=VECTOR('',#5088,1.);
#3460=VECTOR('',#5091,1.);
#3461=VECTOR('',#5092,1.);
#3462=VECTOR('',#5093,1.);
#3463=VECTOR('',#5094,1.);
#3464=VECTOR('',#5095,1.);
#3465=VECTOR('',#5100,1.);
#3466=VECTOR('',#5103,1.);
#3467=VECTOR('',#5104,1.);
#3468=VECTOR('',#5109,1.);
#3469=VECTOR('',#5112,1.);
#3470=VECTOR('',#5113,1.);
#3471=VECTOR('',#5122,1.);
#3472=VECTOR('',#5123,1.);
#3473=VECTOR('',#5124,1.);
#3474=VECTOR('',#5125,1.);
#3475=VECTOR('',#5126,1.);
#3476=VECTOR('',#5129,1.);
#3477=VECTOR('',#5130,1.);
#3478=VECTOR('',#5131,1.);
#3479=VECTOR('',#5132,1.);
#3480=VECTOR('',#5135,1.);
#3481=VECTOR('',#5136,1.);
#3482=VECTOR('',#5145,1.);
#3483=VECTOR('',#5146,1.);
#3484=VECTOR('',#5147,1.);
#3485=VECTOR('',#5154,1.);
#3486=VECTOR('',#5155,1.);
#3487=VECTOR('',#5164,1.);
#3488=VECTOR('',#5171,1.);
#3489=VECTOR('',#5172,1.);
#3490=VECTOR('',#5181,1.);
#3491=VECTOR('',#5188,1.);
#3492=VECTOR('',#5201,1.);
#3493=VECTOR('',#5204,1.);
#3494=VECTOR('',#5209,1.);
#3495=VECTOR('',#5210,1.);
#3496=VECTOR('',#5211,1.);
#3497=VECTOR('',#5214,1.);
#3498=VECTOR('',#5215,1.);
#3499=VECTOR('',#5218,1.);
#3500=VECTOR('',#5219,1.);
#3501=VECTOR('',#5222,1.);
#3502=VECTOR('',#5223,1.);
#3503=VECTOR('',#5226,1.);
#3504=VECTOR('',#5227,1.);
#3505=VECTOR('',#5230,1.);
#3506=VECTOR('',#5231,1.);
#3507=VECTOR('',#5234,1.);
#3508=VECTOR('',#5235,1.);
#3509=VECTOR('',#5238,1.);
#3510=VECTOR('',#5239,1.);
#3511=VECTOR('',#5242,1.);
#3512=VECTOR('',#5243,1.);
#3513=VECTOR('',#5246,1.);
#3514=VECTOR('',#5247,1.);
#3515=VECTOR('',#5250,1.);
#3516=VECTOR('',#5253,1.);
#3517=VECTOR('',#5254,1.);
#3518=VECTOR('',#5255,1.);
#3519=VECTOR('',#5258,1.);
#3520=VECTOR('',#5261,1.);
#3521=VECTOR('',#5262,1.);
#3522=VECTOR('',#5263,1.);
#3523=VECTOR('',#5266,1.);
#3524=VECTOR('',#5267,1.);
#3525=VECTOR('',#5268,1.);
#3526=VECTOR('',#5269,1.);
#3527=VECTOR('',#5270,1.);
#3528=VECTOR('',#5271,1.);
#3529=VECTOR('',#5272,1.);
#3530=VECTOR('',#5273,1.);
#3531=VECTOR('',#5276,1.);
#3532=VECTOR('',#5277,1.);
#3533=VECTOR('',#5278,1.);
#3534=VECTOR('',#5279,1.);
#3535=VECTOR('',#5280,1.);
#3536=VECTOR('',#5287,1.);
#3537=VECTOR('',#5288,1.);
#3538=VECTOR('',#5291,1.);
#3539=VECTOR('',#5292,1.);
#3540=VECTOR('',#5293,1.);
#3541=VECTOR('',#5294,1.);
#3542=VECTOR('',#5295,1.);
#3543=VECTOR('',#5298,1.);
#3544=VECTOR('',#5301,1.);
#3545=VECTOR('',#5302,1.);
#3546=VECTOR('',#5305,1.);
#3547=VECTOR('',#5308,1.);
#3548=VECTOR('',#5309,1.);
#3549=VECTOR('',#5312,1.);
#3550=VECTOR('',#5315,1.);
#3551=VECTOR('',#5316,1.);
#3552=VECTOR('',#5319,1.);
#3553=VECTOR('',#5322,1.);
#3554=VECTOR('',#5323,1.);
#3555=VECTOR('',#5326,1.);
#3556=VECTOR('',#5331,1.);
#3557=VECTOR('',#5336,1.);
#3558=VECTOR('',#5337,1.);
#3559=VECTOR('',#5338,1.);
#3560=VECTOR('',#5339,1.);
#3561=VECTOR('',#5340,1.);
#3562=VECTOR('',#5343,1.);
#3563=VECTOR('',#5346,1.);
#3564=VECTOR('',#5347,1.);
#3565=VECTOR('',#5350,1.);
#3566=VECTOR('',#5351,1.);
#3567=VECTOR('',#5352,1.);
#3568=VECTOR('',#5355,1.);
#3569=VECTOR('',#5356,1.);
#3570=VECTOR('',#5357,1.);
#3571=VECTOR('',#5360,1.);
#3572=VECTOR('',#5361,1.);
#3573=VECTOR('',#5362,1.);
#3574=VECTOR('',#5363,1.);
#3575=VECTOR('',#5364,1.);
#3576=VECTOR('',#5365,1.);
#3577=VECTOR('',#5366,1.);
#3578=VECTOR('',#5369,1.);
#3579=VECTOR('',#5370,1.);
#3580=VECTOR('',#5373,1.);
#3581=VECTOR('',#5374,1.);
#3582=VECTOR('',#5377,1.);
#3583=VECTOR('',#5378,1.);
#3584=VECTOR('',#5379,1.);
#3585=VECTOR('',#5380,1.);
#3586=VECTOR('',#5381,1.);
#3587=VECTOR('',#5382,1.);
#3588=VECTOR('',#5385,1.);
#3589=VECTOR('',#5386,1.);
#3590=VECTOR('',#5387,1.);
#3591=VECTOR('',#5392,1.);
#3592=VECTOR('',#5399,1.);
#3593=VECTOR('',#5402,1.);
#3594=VECTOR('',#5403,1.);
#3595=VECTOR('',#5408,1.);
#3596=VECTOR('',#5411,1.);
#3597=VECTOR('',#5412,1.);
#3598=VECTOR('',#5413,1.);
#3599=VECTOR('',#5414,1.);
#3600=VECTOR('',#5415,1.);
#3601=VECTOR('',#5416,1.);
#3602=VECTOR('',#5417,1.);
#3603=VECTOR('',#5420,1.);
#3604=VECTOR('',#5421,1.);
#3605=VECTOR('',#5424,1.);
#3606=VECTOR('',#5425,1.);
#3607=VECTOR('',#5428,1.);
#3608=VECTOR('',#5429,1.);
#3609=VECTOR('',#5432,1.);
#3610=VECTOR('',#5433,1.);
#3611=VECTOR('',#5436,1.);
#3612=VECTOR('',#5437,1.);
#3613=VECTOR('',#5438,1.);
#3614=VECTOR('',#5439,1.);
#3615=VECTOR('',#5440,1.);
#3616=VECTOR('',#5449,1.);
#3617=VECTOR('',#5450,1.);
#3618=VECTOR('',#5451,1.);
#3619=VECTOR('',#5456,1.);
#3620=VECTOR('',#5463,1.);
#3621=VECTOR('',#5466,1.);
#3622=VECTOR('',#5467,1.);
#3623=VECTOR('',#5472,1.);
#3624=VECTOR('',#5475,1.);
#3625=VECTOR('',#5476,1.);
#3626=VECTOR('',#5477,1.);
#3627=VECTOR('',#5478,1.);
#3628=VECTOR('',#5481,1.);
#3629=VECTOR('',#5484,1.);
#3630=VECTOR('',#5485,1.);
#3631=VECTOR('',#5488,1.);
#3632=VECTOR('',#5489,1.);
#3633=VECTOR('',#5492,1.);
#3634=VECTOR('',#5493,1.);
#3635=VECTOR('',#5496,1.);
#3636=VECTOR('',#5497,1.);
#3637=VECTOR('',#5500,1.);
#3638=VECTOR('',#5501,1.);
#3639=VECTOR('',#5504,1.);
#3640=VECTOR('',#5505,1.);
#3641=VECTOR('',#5506,1.);
#3642=VECTOR('',#5507,1.);
#3643=VECTOR('',#5508,1.);
#3644=VECTOR('',#5517,1.);
#3645=VECTOR('',#5518,1.);
#3646=VECTOR('',#5521,1.);
#3647=VECTOR('',#5522,1.);
#3648=VECTOR('',#5523,1.);
#3649=VECTOR('',#5526,1.);
#3650=VECTOR('',#5527,1.);
#3651=VECTOR('',#5528,1.);
#3652=VECTOR('',#5531,1.);
#3653=VECTOR('',#5532,1.);
#3654=VECTOR('',#5533,1.);
#3655=VECTOR('',#5534,1.);
#3656=VECTOR('',#5535,1.);
#3657=VECTOR('',#5538,1.);
#3658=VECTOR('',#5541,1.);
#3659=VECTOR('',#5542,1.);
#3660=VECTOR('',#5543,1.);
#3661=VECTOR('',#5544,1.);
#3662=VECTOR('',#5547,1.);
#3663=VECTOR('',#5548,1.);
#3664=VECTOR('',#5551,1.);
#3665=VECTOR('',#5552,1.);
#3666=VECTOR('',#5555,1.);
#3667=VECTOR('',#5556,1.);
#3668=VECTOR('',#5559,1.);
#3669=VECTOR('',#5560,1.);
#3670=VECTOR('',#5563,1.);
#3671=VECTOR('',#5564,1.);
#3672=VECTOR('',#5565,1.);
#3673=VECTOR('',#5570,1.);
#3674=VECTOR('',#5571,1.);
#3675=VECTOR('',#5572,1.);
#3676=VECTOR('',#5575,1.);
#3677=VECTOR('',#5576,1.);
#3678=VECTOR('',#5579,1.);
#3679=VECTOR('',#5580,1.);
#3680=VECTOR('',#5583,1.);
#3681=VECTOR('',#5584,1.);
#3682=VECTOR('',#5587,1.);
#3683=VECTOR('',#5588,1.);
#3684=VECTOR('',#5591,1.);
#3685=VECTOR('',#5592,1.);
#3686=VECTOR('',#5595,1.);
#3687=VECTOR('',#5596,1.);
#3688=VECTOR('',#5599,1.);
#3689=VECTOR('',#5600,1.);
#3690=VECTOR('',#5603,1.);
#3691=VECTOR('',#5604,1.);
#3692=VECTOR('',#5607,1.);
#3693=VECTOR('',#5608,1.);
#3694=VECTOR('',#5611,1.);
#3695=VECTOR('',#5614,1.);
#3696=VECTOR('',#5615,1.);
#3697=VECTOR('',#5616,1.);
#3698=VECTOR('',#5619,1.);
#3699=VECTOR('',#5622,1.);
#3700=VECTOR('',#5623,1.);
#3701=VECTOR('',#5624,1.);
#3702=VECTOR('',#5627,1.);
#3703=VECTOR('',#5628,1.);
#3704=VECTOR('',#5629,1.);
#3705=VECTOR('',#5630,1.);
#3706=VECTOR('',#5631,1.);
#3707=VECTOR('',#5632,1.);
#3708=VECTOR('',#5633,1.);
#3709=VECTOR('',#5634,1.);
#3710=VECTOR('',#5637,1.);
#3711=VECTOR('',#5638,1.);
#3712=VECTOR('',#5639,1.);
#3713=VECTOR('',#5640,1.);
#3714=VECTOR('',#5641,1.);
#3715=VECTOR('',#5648,1.);
#3716=VECTOR('',#5649,1.);
#3717=VECTOR('',#5650,1.);
#3718=VECTOR('',#5655,1.);
#3719=VECTOR('',#5662,1.);
#3720=VECTOR('',#5665,1.);
#3721=VECTOR('',#5666,1.);
#3722=VECTOR('',#5671,1.);
#3723=VECTOR('',#5674,1.);
#3724=VECTOR('',#5675,1.);
#3725=VECTOR('',#5676,1.);
#3726=VECTOR('',#5677,1.);
#3727=VECTOR('',#5680,1.);
#3728=VECTOR('',#5683,1.);
#3729=VECTOR('',#5684,1.);
#3730=VECTOR('',#5687,1.);
#3731=VECTOR('',#5688,1.);
#3732=VECTOR('',#5691,1.);
#3733=VECTOR('',#5692,1.);
#3734=VECTOR('',#5695,1.);
#3735=VECTOR('',#5696,1.);
#3736=VECTOR('',#5699,1.);
#3737=VECTOR('',#5700,1.);
#3738=VECTOR('',#5703,1.);
#3739=VECTOR('',#5704,1.);
#3740=VECTOR('',#5705,1.);
#3741=VECTOR('',#5706,1.);
#3742=VECTOR('',#5707,1.);
#3743=VECTOR('',#5718,1.);
#3744=VECTOR('',#5719,1.);
#3745=VECTOR('',#5720,1.);
#3746=VECTOR('',#5723,1.);
#3747=VECTOR('',#5724,1.);
#3748=VECTOR('',#5727,1.);
#3749=VECTOR('',#5728,1.);
#3750=VECTOR('',#5731,1.);
#3751=VECTOR('',#5732,1.);
#3752=VECTOR('',#5735,1.);
#3753=VECTOR('',#5736,1.);
#3754=VECTOR('',#5739,1.);
#3755=VECTOR('',#5740,1.);
#3756=VECTOR('',#5743,1.);
#3757=VECTOR('',#5744,1.);
#3758=VECTOR('',#5747,1.);
#3759=VECTOR('',#5748,1.);
#3760=VECTOR('',#5751,1.);
#3761=VECTOR('',#5752,1.);
#3762=VECTOR('',#5755,1.);
#3763=VECTOR('',#5756,1.);
#3764=VECTOR('',#5759,1.);
#3765=VECTOR('',#5760,1.);
#3766=VECTOR('',#5763,1.);
#3767=VECTOR('',#5780,1.);
#3768=EDGE_LOOP('',(#414,#415,#416,#417,#418,#419,#420,#421,#422,#423,#424,
#425));
#3769=EDGE_LOOP('',(#426,#427,#428,#429,#430,#431,#432,#433,#434,#435,#436,
#437));
#3770=EDGE_LOOP('',(#438,#439,#440,#441,#442,#443));
#3771=EDGE_LOOP('',(#444,#445,#446,#447,#448,#449,#450,#451,#452,#453,#454,
#455,#456,#457,#458,#459,#460,#461));
#3772=EDGE_LOOP('',(#462,#463,#464,#465,#466,#467,#468,#469,#470,#471,#472));
#3773=EDGE_LOOP('',(#473,#474,#475,#476,#477,#478,#479,#480,#481,#482,#483));
#3774=EDGE_LOOP('',(#484,#485,#486,#487,#488,#489,#490,#491,#492,#493,#494,
#495,#496,#497,#498));
#3775=EDGE_LOOP('',(#499,#500,#501,#502,#503,#504,#505,#506,#507,#508,#509,
#510,#511,#512,#513,#514,#515,#516));
#3776=EDGE_LOOP('',(#517,#518,#519,#520));
#3777=EDGE_LOOP('',(#521,#522,#523,#524,#525,#526,#527,#528,#529,#530,#531));
#3778=EDGE_LOOP('',(#532,#533,#534,#535,#536,#537,#538,#539,#540,#541,#542,
#543,#544,#545,#546,#547,#548,#549));
#3779=EDGE_LOOP('',(#550,#551,#552,#553,#554,#555,#556,#557,#558));
#3780=EDGE_LOOP('',(#559,#560,#561,#562,#563,#564,#565,#566,#567,#568,#569,
#570,#571,#572,#573));
#3781=EDGE_LOOP('',(#574,#575,#576,#577,#578,#579,#580,#581,#582,#583,#584,
#585,#586,#587,#588));
#3782=EDGE_LOOP('',(#589,#590,#591,#592,#593,#594,#595,#596,#597,#598,#599,
#600));
#3783=EDGE_LOOP('',(#601,#602,#603,#604,#605,#606,#607,#608,#609,#610,#611,
#612,#613,#614,#615,#616));
#3784=EDGE_LOOP('',(#617,#618,#619,#620,#621,#622,#623,#624));
#3785=EDGE_LOOP('',(#625,#626,#627,#628));
#3786=EDGE_LOOP('',(#629,#630,#631,#632,#633,#634,#635,#636));
#3787=EDGE_LOOP('',(#637,#638,#639,#640));
#3788=EDGE_LOOP('',(#641,#642,#643,#644));
#3789=EDGE_LOOP('',(#645,#646,#647,#648));
#3790=EDGE_LOOP('',(#649,#650,#651,#652));
#3791=EDGE_LOOP('',(#653,#654,#655,#656));
#3792=EDGE_LOOP('',(#657,#658,#659,#660,#661,#662,#663,#664));
#3793=EDGE_LOOP('',(#665,#666,#667,#668,#669,#670,#671,#672));
#3794=EDGE_LOOP('',(#673,#674,#675,#676,#677,#678,#679,#680));
#3795=EDGE_LOOP('',(#681,#682,#683,#684));
#3796=EDGE_LOOP('',(#685));
#3797=EDGE_LOOP('',(#686));
#3798=EDGE_LOOP('',(#687,#688,#689,#690,#691,#692));
#3799=EDGE_LOOP('',(#693));
#3800=EDGE_LOOP('',(#694,#695,#696,#697));
#3801=EDGE_LOOP('',(#698));
#3802=EDGE_LOOP('',(#699,#700,#701,#702));
#3803=EDGE_LOOP('',(#703));
#3804=EDGE_LOOP('',(#704));
#3805=EDGE_LOOP('',(#705,#706,#707,#708));
#3806=EDGE_LOOP('',(#709));
#3807=EDGE_LOOP('',(#710,#711,#712,#713));
#3808=EDGE_LOOP('',(#714));
#3809=EDGE_LOOP('',(#715,#716,#717,#718));
#3810=EDGE_LOOP('',(#719));
#3811=EDGE_LOOP('',(#720));
#3812=EDGE_LOOP('',(#721,#722,#723,#724));
#3813=EDGE_LOOP('',(#725));
#3814=EDGE_LOOP('',(#726,#727,#728,#729));
#3815=EDGE_LOOP('',(#730));
#3816=EDGE_LOOP('',(#731,#732,#733,#734));
#3817=EDGE_LOOP('',(#735));
#3818=EDGE_LOOP('',(#736));
#3819=EDGE_LOOP('',(#737,#738,#739,#740));
#3820=EDGE_LOOP('',(#741));
#3821=EDGE_LOOP('',(#742));
#3822=EDGE_LOOP('',(#743,#744,#745,#746));
#3823=EDGE_LOOP('',(#747,#748,#749,#750));
#3824=EDGE_LOOP('',(#751,#752,#753,#754));
#3825=EDGE_LOOP('',(#755,#756,#757,#758));
#3826=EDGE_LOOP('',(#759,#760,#761,#762));
#3827=EDGE_LOOP('',(#763,#764,#765,#766));
#3828=EDGE_LOOP('',(#767,#768,#769,#770));
#3829=EDGE_LOOP('',(#771,#772,#773,#774));
#3830=EDGE_LOOP('',(#775,#776,#777,#778));
#3831=EDGE_LOOP('',(#779,#780,#781,#782));
#3832=EDGE_LOOP('',(#783,#784,#785,#786));
#3833=EDGE_LOOP('',(#787,#788,#789,#790));
#3834=EDGE_LOOP('',(#791,#792,#793,#794));
#3835=EDGE_LOOP('',(#795,#796,#797,#798));
#3836=EDGE_LOOP('',(#799,#800,#801,#802,#803,#804,#805,#806,#807,#808,#809));
#3837=EDGE_LOOP('',(#810,#811,#812,#813));
#3838=EDGE_LOOP('',(#814,#815,#816,#817));
#3839=EDGE_LOOP('',(#818,#819,#820,#821));
#3840=EDGE_LOOP('',(#822,#823,#824,#825));
#3841=EDGE_LOOP('',(#826,#827,#828,#829));
#3842=EDGE_LOOP('',(#830,#831,#832,#833));
#3843=EDGE_LOOP('',(#834,#835,#836,#837));
#3844=EDGE_LOOP('',(#838,#839,#840,#841));
#3845=EDGE_LOOP('',(#842,#843,#844,#845));
#3846=EDGE_LOOP('',(#846,#847,#848,#849));
#3847=EDGE_LOOP('',(#850,#851,#852,#853));
#3848=EDGE_LOOP('',(#854,#855,#856,#857));
#3849=EDGE_LOOP('',(#858,#859,#860,#861));
#3850=EDGE_LOOP('',(#862,#863,#864,#865));
#3851=EDGE_LOOP('',(#866,#867,#868,#869));
#3852=EDGE_LOOP('',(#870,#871,#872,#873));
#3853=EDGE_LOOP('',(#874,#875,#876,#877));
#3854=EDGE_LOOP('',(#878,#879,#880,#881));
#3855=EDGE_LOOP('',(#882,#883,#884,#885,#886,#887,#888,#889,#890,#891,#892,
#893,#894,#895,#896,#897,#898,#899));
#3856=EDGE_LOOP('',(#900,#901,#902,#903));
#3857=EDGE_LOOP('',(#904,#905,#906,#907));
#3858=EDGE_LOOP('',(#908,#909,#910,#911));
#3859=EDGE_LOOP('',(#912,#913,#914,#915));
#3860=EDGE_LOOP('',(#916,#917,#918,#919));
#3861=EDGE_LOOP('',(#920,#921,#922,#923));
#3862=EDGE_LOOP('',(#924,#925,#926,#927));
#3863=EDGE_LOOP('',(#928,#929,#930,#931));
#3864=EDGE_LOOP('',(#932,#933,#934,#935));
#3865=EDGE_LOOP('',(#936,#937,#938,#939));
#3866=EDGE_LOOP('',(#940,#941,#942,#943));
#3867=EDGE_LOOP('',(#944,#945,#946,#947));
#3868=EDGE_LOOP('',(#948,#949,#950,#951));
#3869=EDGE_LOOP('',(#952,#953,#954,#955));
#3870=EDGE_LOOP('',(#956,#957,#958,#959));
#3871=EDGE_LOOP('',(#960,#961,#962,#963));
#3872=EDGE_LOOP('',(#964,#965,#966,#967));
#3873=EDGE_LOOP('',(#968,#969,#970,#971));
#3874=EDGE_LOOP('',(#972,#973,#974,#975));
#3875=EDGE_LOOP('',(#976,#977,#978,#979));
#3876=EDGE_LOOP('',(#980,#981,#982,#983));
#3877=EDGE_LOOP('',(#984,#985,#986,#987));
#3878=EDGE_LOOP('',(#988,#989,#990,#991));
#3879=EDGE_LOOP('',(#992,#993,#994,#995,#996,#997,#998,#999,#1000,#1001,
#1002,#1003,#1004,#1005,#1006,#1007,#1008,#1009));
#3880=EDGE_LOOP('',(#1010,#1011,#1012,#1013,#1014));
#3881=EDGE_LOOP('',(#1015,#1016,#1017,#1018));
#3882=EDGE_LOOP('',(#1019,#1020,#1021,#1022));
#3883=EDGE_LOOP('',(#1023,#1024,#1025,#1026));
#3884=EDGE_LOOP('',(#1027,#1028,#1029,#1030));
#3885=EDGE_LOOP('',(#1031,#1032,#1033,#1034));
#3886=EDGE_LOOP('',(#1035,#1036,#1037,#1038));
#3887=EDGE_LOOP('',(#1039,#1040,#1041,#1042));
#3888=EDGE_LOOP('',(#1043,#1044,#1045,#1046));
#3889=EDGE_LOOP('',(#1047,#1048,#1049,#1050));
#3890=EDGE_LOOP('',(#1051,#1052,#1053,#1054));
#3891=EDGE_LOOP('',(#1055,#1056,#1057,#1058));
#3892=EDGE_LOOP('',(#1059,#1060,#1061,#1062));
#3893=EDGE_LOOP('',(#1063,#1064,#1065,#1066));
#3894=EDGE_LOOP('',(#1067,#1068,#1069,#1070));
#3895=EDGE_LOOP('',(#1071,#1072,#1073,#1074));
#3896=EDGE_LOOP('',(#1075,#1076,#1077,#1078));
#3897=EDGE_LOOP('',(#1079,#1080,#1081,#1082,#1083,#1084,#1085,#1086,#1087));
#3898=EDGE_LOOP('',(#1088,#1089,#1090,#1091,#1092,#1093,#1094));
#3899=EDGE_LOOP('',(#1095,#1096,#1097,#1098));
#3900=EDGE_LOOP('',(#1099,#1100,#1101,#1102));
#3901=EDGE_LOOP('',(#1103,#1104,#1105,#1106));
#3902=EDGE_LOOP('',(#1107,#1108,#1109,#1110));
#3903=EDGE_LOOP('',(#1111,#1112,#1113,#1114));
#3904=EDGE_LOOP('',(#1115,#1116,#1117,#1118));
#3905=EDGE_LOOP('',(#1119,#1120,#1121,#1122));
#3906=EDGE_LOOP('',(#1123,#1124,#1125,#1126));
#3907=EDGE_LOOP('',(#1127,#1128,#1129,#1130));
#3908=EDGE_LOOP('',(#1131,#1132,#1133,#1134));
#3909=EDGE_LOOP('',(#1135,#1136,#1137,#1138));
#3910=EDGE_LOOP('',(#1139,#1140,#1141,#1142));
#3911=EDGE_LOOP('',(#1143,#1144,#1145,#1146));
#3912=EDGE_LOOP('',(#1147,#1148,#1149,#1150));
#3913=EDGE_LOOP('',(#1151,#1152,#1153,#1154));
#3914=EDGE_LOOP('',(#1155,#1156,#1157,#1158));
#3915=EDGE_LOOP('',(#1159,#1160,#1161,#1162));
#3916=EDGE_LOOP('',(#1163,#1164,#1165,#1166));
#3917=EDGE_LOOP('',(#1167,#1168,#1169,#1170));
#3918=EDGE_LOOP('',(#1171,#1172,#1173,#1174));
#3919=EDGE_LOOP('',(#1175,#1176,#1177,#1178));
#3920=EDGE_LOOP('',(#1179,#1180,#1181,#1182));
#3921=EDGE_LOOP('',(#1183,#1184,#1185,#1186));
#3922=EDGE_LOOP('',(#1187,#1188,#1189,#1190,#1191,#1192,#1193,#1194,#1195,
#1196,#1197,#1198,#1199,#1200,#1201));
#3923=EDGE_LOOP('',(#1202,#1203,#1204,#1205,#1206,#1207,#1208,#1209));
#3924=EDGE_LOOP('',(#1210,#1211,#1212,#1213));
#3925=EDGE_LOOP('',(#1214,#1215,#1216,#1217));
#3926=EDGE_LOOP('',(#1218,#1219,#1220,#1221));
#3927=EDGE_LOOP('',(#1222,#1223,#1224,#1225));
#3928=EDGE_LOOP('',(#1226,#1227,#1228,#1229));
#3929=EDGE_LOOP('',(#1230,#1231,#1232,#1233));
#3930=EDGE_LOOP('',(#1234,#1235,#1236,#1237));
#3931=EDGE_LOOP('',(#1238,#1239,#1240,#1241));
#3932=EDGE_LOOP('',(#1242,#1243,#1244,#1245));
#3933=EDGE_LOOP('',(#1246,#1247,#1248,#1249));
#3934=EDGE_LOOP('',(#1250,#1251,#1252,#1253));
#3935=EDGE_LOOP('',(#1254,#1255,#1256,#1257));
#3936=EDGE_LOOP('',(#1258,#1259,#1260,#1261));
#3937=EDGE_LOOP('',(#1262,#1263,#1264,#1265));
#3938=EDGE_LOOP('',(#1266,#1267,#1268,#1269));
#3939=EDGE_LOOP('',(#1270,#1271,#1272,#1273));
#3940=EDGE_LOOP('',(#1274,#1275,#1276,#1277));
#3941=EDGE_LOOP('',(#1278,#1279,#1280,#1281));
#3942=EDGE_LOOP('',(#1282,#1283,#1284,#1285));
#3943=EDGE_LOOP('',(#1286,#1287,#1288,#1289));
#3944=EDGE_LOOP('',(#1290,#1291,#1292,#1293));
#3945=EDGE_LOOP('',(#1294,#1295,#1296,#1297));
#3946=EDGE_LOOP('',(#1298,#1299,#1300,#1301));
#3947=EDGE_LOOP('',(#1302,#1303,#1304,#1305,#1306,#1307,#1308,#1309,#1310,
#1311,#1312,#1313,#1314,#1315,#1316));
#3948=EDGE_LOOP('',(#1317,#1318,#1319,#1320,#1321,#1322,#1323,#1324));
#3949=EDGE_LOOP('',(#1325,#1326,#1327,#1328));
#3950=EDGE_LOOP('',(#1329,#1330,#1331,#1332));
#3951=EDGE_LOOP('',(#1333,#1334,#1335,#1336));
#3952=EDGE_LOOP('',(#1337,#1338,#1339,#1340));
#3953=EDGE_LOOP('',(#1341,#1342,#1343,#1344));
#3954=EDGE_LOOP('',(#1345,#1346,#1347,#1348));
#3955=EDGE_LOOP('',(#1349,#1350,#1351,#1352));
#3956=EDGE_LOOP('',(#1353,#1354,#1355,#1356));
#3957=EDGE_LOOP('',(#1357,#1358,#1359,#1360));
#3958=EDGE_LOOP('',(#1361,#1362,#1363,#1364));
#3959=EDGE_LOOP('',(#1365,#1366,#1367,#1368));
#3960=EDGE_LOOP('',(#1369,#1370,#1371,#1372));
#3961=EDGE_LOOP('',(#1373,#1374,#1375,#1376));
#3962=EDGE_LOOP('',(#1377,#1378,#1379,#1380));
#3963=EDGE_LOOP('',(#1381,#1382,#1383,#1384));
#3964=EDGE_LOOP('',(#1385,#1386,#1387,#1388));
#3965=EDGE_LOOP('',(#1389,#1390,#1391,#1392));
#3966=EDGE_LOOP('',(#1393,#1394,#1395,#1396));
#3967=EDGE_LOOP('',(#1397,#1398,#1399,#1400,#1401,#1402,#1403,#1404,#1405,
#1406,#1407));
#3968=EDGE_LOOP('',(#1408,#1409,#1410,#1411,#1412,#1413,#1414));
#3969=EDGE_LOOP('',(#1415,#1416,#1417,#1418));
#3970=EDGE_LOOP('',(#1419,#1420,#1421,#1422));
#3971=EDGE_LOOP('',(#1423,#1424,#1425,#1426));
#3972=EDGE_LOOP('',(#1427,#1428,#1429,#1430));
#3973=EDGE_LOOP('',(#1431,#1432,#1433,#1434));
#3974=EDGE_LOOP('',(#1435,#1436,#1437,#1438));
#3975=EDGE_LOOP('',(#1439,#1440,#1441,#1442));
#3976=EDGE_LOOP('',(#1443,#1444,#1445,#1446));
#3977=EDGE_LOOP('',(#1447,#1448,#1449,#1450));
#3978=EDGE_LOOP('',(#1451,#1452,#1453,#1454));
#3979=EDGE_LOOP('',(#1455,#1456,#1457,#1458));
#3980=EDGE_LOOP('',(#1459,#1460,#1461,#1462,#1463,#1464,#1465,#1466,#1467,
#1468,#1469));
#3981=EDGE_LOOP('',(#1470,#1471,#1472,#1473));
#3982=EDGE_LOOP('',(#1474,#1475,#1476,#1477));
#3983=EDGE_LOOP('',(#1478,#1479,#1480,#1481));
#3984=EDGE_LOOP('',(#1482,#1483,#1484,#1485));
#3985=EDGE_LOOP('',(#1486,#1487,#1488,#1489));
#3986=EDGE_LOOP('',(#1490,#1491,#1492,#1493));
#3987=EDGE_LOOP('',(#1494,#1495,#1496,#1497));
#3988=EDGE_LOOP('',(#1498,#1499,#1500,#1501));
#3989=EDGE_LOOP('',(#1502,#1503,#1504,#1505));
#3990=EDGE_LOOP('',(#1506,#1507,#1508,#1509));
#3991=EDGE_LOOP('',(#1510,#1511,#1512,#1513));
#3992=EDGE_LOOP('',(#1514,#1515,#1516,#1517));
#3993=EDGE_LOOP('',(#1518,#1519,#1520,#1521));
#3994=EDGE_LOOP('',(#1522,#1523,#1524,#1525));
#3995=EDGE_LOOP('',(#1526,#1527,#1528,#1529));
#3996=EDGE_LOOP('',(#1530,#1531,#1532,#1533));
#3997=EDGE_LOOP('',(#1534,#1535,#1536,#1537));
#3998=EDGE_LOOP('',(#1538,#1539,#1540,#1541));
#3999=EDGE_LOOP('',(#1542,#1543,#1544,#1545,#1546,#1547,#1548,#1549,#1550,
#1551,#1552,#1553,#1554,#1555,#1556,#1557,#1558,#1559));
#4000=EDGE_LOOP('',(#1560,#1561,#1562,#1563));
#4001=EDGE_LOOP('',(#1564,#1565,#1566,#1567));
#4002=EDGE_LOOP('',(#1568,#1569,#1570,#1571));
#4003=EDGE_LOOP('',(#1572,#1573,#1574,#1575));
#4004=EDGE_LOOP('',(#1576,#1577,#1578,#1579));
#4005=EDGE_LOOP('',(#1580,#1581,#1582,#1583));
#4006=EDGE_LOOP('',(#1584,#1585,#1586,#1587));
#4007=EDGE_LOOP('',(#1588,#1589,#1590,#1591));
#4008=EDGE_LOOP('',(#1592,#1593,#1594,#1595));
#4009=EDGE_LOOP('',(#1596,#1597,#1598,#1599));
#4010=EDGE_LOOP('',(#1600,#1601,#1602,#1603));
#4011=EDGE_LOOP('',(#1604,#1605,#1606,#1607));
#4012=EDGE_LOOP('',(#1608,#1609,#1610,#1611));
#4013=EDGE_LOOP('',(#1612,#1613,#1614,#1615));
#4014=EDGE_LOOP('',(#1616,#1617,#1618,#1619));
#4015=EDGE_LOOP('',(#1620,#1621,#1622,#1623));
#4016=EDGE_LOOP('',(#1624,#1625,#1626,#1627));
#4017=EDGE_LOOP('',(#1628,#1629,#1630,#1631));
#4018=EDGE_LOOP('',(#1632,#1633,#1634,#1635));
#4019=EDGE_LOOP('',(#1636,#1637,#1638,#1639));
#4020=EDGE_LOOP('',(#1640,#1641,#1642,#1643));
#4021=EDGE_LOOP('',(#1644,#1645,#1646,#1647));
#4022=EDGE_LOOP('',(#1648,#1649,#1650,#1651));
#4023=EDGE_LOOP('',(#1652,#1653,#1654,#1655,#1656,#1657,#1658,#1659,#1660,
#1661,#1662,#1663,#1664,#1665,#1666));
#4024=EDGE_LOOP('',(#1667,#1668,#1669,#1670,#1671,#1672,#1673,#1674));
#4025=EDGE_LOOP('',(#1675,#1676,#1677,#1678));
#4026=EDGE_LOOP('',(#1679,#1680,#1681,#1682));
#4027=EDGE_LOOP('',(#1683,#1684,#1685,#1686));
#4028=EDGE_LOOP('',(#1687,#1688,#1689,#1690));
#4029=EDGE_LOOP('',(#1691,#1692,#1693,#1694));
#4030=EDGE_LOOP('',(#1695,#1696,#1697,#1698));
#4031=EDGE_LOOP('',(#1699,#1700,#1701,#1702));
#4032=EDGE_LOOP('',(#1703,#1704,#1705,#1706));
#4033=EDGE_LOOP('',(#1707,#1708,#1709,#1710));
#4034=EDGE_LOOP('',(#1711,#1712,#1713,#1714));
#4035=EDGE_LOOP('',(#1715,#1716,#1717,#1718));
#4036=EDGE_LOOP('',(#1719,#1720,#1721,#1722));
#4037=EDGE_LOOP('',(#1723,#1724,#1725,#1726,#1727,#1728,#1729,#1730,#1731,
#1732,#1733,#1734));
#4038=EDGE_LOOP('',(#1735,#1736,#1737,#1738,#1739));
#4039=EDGE_LOOP('',(#1740,#1741,#1742,#1743,#1744,#1745,#1746));
#4040=EDGE_LOOP('',(#1747,#1748,#1749,#1750,#1751,#1752,#1753,#1754));
#4041=EDGE_LOOP('',(#1755,#1756,#1757,#1758,#1759,#1760,#1761,#1762));
#4042=EDGE_LOOP('',(#1763,#1764,#1765,#1766,#1767,#1768,#1769));
#4043=EDGE_LOOP('',(#1770,#1771,#1772,#1773,#1774,#1775,#1776,#1777));
#4044=EDGE_LOOP('',(#1778,#1779,#1780,#1781));
#4045=EDGE_LOOP('',(#1782,#1783,#1784,#1785));
#4046=FACE_BOUND('',#3768,.T.);
#4047=FACE_BOUND('',#3769,.T.);
#4048=FACE_BOUND('',#3770,.T.);
#4049=FACE_BOUND('',#3771,.T.);
#4050=FACE_BOUND('',#3772,.T.);
#4051=FACE_BOUND('',#3773,.T.);
#4052=FACE_BOUND('',#3774,.T.);
#4053=FACE_BOUND('',#3775,.T.);
#4054=FACE_BOUND('',#3776,.T.);
#4055=FACE_BOUND('',#3777,.T.);
#4056=FACE_BOUND('',#3778,.T.);
#4057=FACE_BOUND('',#3779,.T.);
#4058=FACE_BOUND('',#3780,.T.);
#4059=FACE_BOUND('',#3781,.T.);
#4060=FACE_BOUND('',#3782,.T.);
#4061=FACE_BOUND('',#3783,.T.);
#4062=FACE_BOUND('',#3784,.T.);
#4063=FACE_BOUND('',#3785,.T.);
#4064=FACE_BOUND('',#3786,.T.);
#4065=FACE_BOUND('',#3787,.T.);
#4066=FACE_BOUND('',#3788,.T.);
#4067=FACE_BOUND('',#3789,.T.);
#4068=FACE_BOUND('',#3790,.T.);
#4069=FACE_BOUND('',#3791,.T.);
#4070=FACE_BOUND('',#3792,.T.);
#4071=FACE_BOUND('',#3793,.T.);
#4072=FACE_BOUND('',#3794,.T.);
#4073=FACE_BOUND('',#3795,.T.);
#4074=FACE_BOUND('',#3796,.T.);
#4075=FACE_BOUND('',#3797,.T.);
#4076=FACE_BOUND('',#3798,.T.);
#4077=FACE_BOUND('',#3799,.T.);
#4078=FACE_BOUND('',#3800,.T.);
#4079=FACE_BOUND('',#3801,.T.);
#4080=FACE_BOUND('',#3802,.T.);
#4081=FACE_BOUND('',#3803,.T.);
#4082=FACE_BOUND('',#3804,.T.);
#4083=FACE_BOUND('',#3805,.T.);
#4084=FACE_BOUND('',#3806,.T.);
#4085=FACE_BOUND('',#3807,.T.);
#4086=FACE_BOUND('',#3808,.T.);
#4087=FACE_BOUND('',#3809,.T.);
#4088=FACE_BOUND('',#3810,.T.);
#4089=FACE_BOUND('',#3811,.T.);
#4090=FACE_BOUND('',#3812,.T.);
#4091=FACE_BOUND('',#3813,.T.);
#4092=FACE_BOUND('',#3814,.T.);
#4093=FACE_BOUND('',#3815,.T.);
#4094=FACE_BOUND('',#3816,.T.);
#4095=FACE_BOUND('',#3817,.T.);
#4096=FACE_BOUND('',#3818,.T.);
#4097=FACE_BOUND('',#3819,.T.);
#4098=FACE_BOUND('',#3820,.T.);
#4099=FACE_BOUND('',#3821,.T.);
#4100=FACE_BOUND('',#3822,.T.);
#4101=FACE_BOUND('',#3823,.T.);
#4102=FACE_BOUND('',#3824,.T.);
#4103=FACE_BOUND('',#3825,.T.);
#4104=FACE_BOUND('',#3826,.T.);
#4105=FACE_BOUND('',#3827,.T.);
#4106=FACE_BOUND('',#3828,.T.);
#4107=FACE_BOUND('',#3829,.T.);
#4108=FACE_BOUND('',#3830,.T.);
#4109=FACE_BOUND('',#3831,.T.);
#4110=FACE_BOUND('',#3832,.T.);
#4111=FACE_BOUND('',#3833,.T.);
#4112=FACE_BOUND('',#3834,.T.);
#4113=FACE_BOUND('',#3835,.T.);
#4114=FACE_BOUND('',#3836,.T.);
#4115=FACE_BOUND('',#3837,.T.);
#4116=FACE_BOUND('',#3838,.T.);
#4117=FACE_BOUND('',#3839,.T.);
#4118=FACE_BOUND('',#3840,.T.);
#4119=FACE_BOUND('',#3841,.T.);
#4120=FACE_BOUND('',#3842,.T.);
#4121=FACE_BOUND('',#3843,.T.);
#4122=FACE_BOUND('',#3844,.T.);
#4123=FACE_BOUND('',#3845,.T.);
#4124=FACE_BOUND('',#3846,.T.);
#4125=FACE_BOUND('',#3847,.T.);
#4126=FACE_BOUND('',#3848,.T.);
#4127=FACE_BOUND('',#3849,.T.);
#4128=FACE_BOUND('',#3850,.T.);
#4129=FACE_BOUND('',#3851,.T.);
#4130=FACE_BOUND('',#3852,.T.);
#4131=FACE_BOUND('',#3853,.T.);
#4132=FACE_BOUND('',#3854,.T.);
#4133=FACE_BOUND('',#3855,.T.);
#4134=FACE_BOUND('',#3856,.T.);
#4135=FACE_BOUND('',#3857,.T.);
#4136=FACE_BOUND('',#3858,.T.);
#4137=FACE_BOUND('',#3859,.T.);
#4138=FACE_BOUND('',#3860,.T.);
#4139=FACE_BOUND('',#3861,.T.);
#4140=FACE_BOUND('',#3862,.T.);
#4141=FACE_BOUND('',#3863,.T.);
#4142=FACE_BOUND('',#3864,.T.);
#4143=FACE_BOUND('',#3865,.T.);
#4144=FACE_BOUND('',#3866,.T.);
#4145=FACE_BOUND('',#3867,.T.);
#4146=FACE_BOUND('',#3868,.T.);
#4147=FACE_BOUND('',#3869,.T.);
#4148=FACE_BOUND('',#3870,.T.);
#4149=FACE_BOUND('',#3871,.T.);
#4150=FACE_BOUND('',#3872,.T.);
#4151=FACE_BOUND('',#3873,.T.);
#4152=FACE_BOUND('',#3874,.T.);
#4153=FACE_BOUND('',#3875,.T.);
#4154=FACE_BOUND('',#3876,.T.);
#4155=FACE_BOUND('',#3877,.T.);
#4156=FACE_BOUND('',#3878,.T.);
#4157=FACE_BOUND('',#3879,.T.);
#4158=FACE_BOUND('',#3880,.T.);
#4159=FACE_BOUND('',#3881,.T.);
#4160=FACE_BOUND('',#3882,.T.);
#4161=FACE_BOUND('',#3883,.T.);
#4162=FACE_BOUND('',#3884,.T.);
#4163=FACE_BOUND('',#3885,.T.);
#4164=FACE_BOUND('',#3886,.T.);
#4165=FACE_BOUND('',#3887,.T.);
#4166=FACE_BOUND('',#3888,.T.);
#4167=FACE_BOUND('',#3889,.T.);
#4168=FACE_BOUND('',#3890,.T.);
#4169=FACE_BOUND('',#3891,.T.);
#4170=FACE_BOUND('',#3892,.T.);
#4171=FACE_BOUND('',#3893,.T.);
#4172=FACE_BOUND('',#3894,.T.);
#4173=FACE_BOUND('',#3895,.T.);
#4174=FACE_BOUND('',#3896,.T.);
#4175=FACE_BOUND('',#3897,.T.);
#4176=FACE_BOUND('',#3898,.T.);
#4177=FACE_BOUND('',#3899,.T.);
#4178=FACE_BOUND('',#3900,.T.);
#4179=FACE_BOUND('',#3901,.T.);
#4180=FACE_BOUND('',#3902,.T.);
#4181=FACE_BOUND('',#3903,.T.);
#4182=FACE_BOUND('',#3904,.T.);
#4183=FACE_BOUND('',#3905,.T.);
#4184=FACE_BOUND('',#3906,.T.);
#4185=FACE_BOUND('',#3907,.T.);
#4186=FACE_BOUND('',#3908,.T.);
#4187=FACE_BOUND('',#3909,.T.);
#4188=FACE_BOUND('',#3910,.T.);
#4189=FACE_BOUND('',#3911,.T.);
#4190=FACE_BOUND('',#3912,.T.);
#4191=FACE_BOUND('',#3913,.T.);
#4192=FACE_BOUND('',#3914,.T.);
#4193=FACE_BOUND('',#3915,.T.);
#4194=FACE_BOUND('',#3916,.T.);
#4195=FACE_BOUND('',#3917,.T.);
#4196=FACE_BOUND('',#3918,.T.);
#4197=FACE_BOUND('',#3919,.T.);
#4198=FACE_BOUND('',#3920,.T.);
#4199=FACE_BOUND('',#3921,.T.);
#4200=FACE_BOUND('',#3922,.T.);
#4201=FACE_BOUND('',#3923,.T.);
#4202=FACE_BOUND('',#3924,.T.);
#4203=FACE_BOUND('',#3925,.T.);
#4204=FACE_BOUND('',#3926,.T.);
#4205=FACE_BOUND('',#3927,.T.);
#4206=FACE_BOUND('',#3928,.T.);
#4207=FACE_BOUND('',#3929,.T.);
#4208=FACE_BOUND('',#3930,.T.);
#4209=FACE_BOUND('',#3931,.T.);
#4210=FACE_BOUND('',#3932,.T.);
#4211=FACE_BOUND('',#3933,.T.);
#4212=FACE_BOUND('',#3934,.T.);
#4213=FACE_BOUND('',#3935,.T.);
#4214=FACE_BOUND('',#3936,.T.);
#4215=FACE_BOUND('',#3937,.T.);
#4216=FACE_BOUND('',#3938,.T.);
#4217=FACE_BOUND('',#3939,.T.);
#4218=FACE_BOUND('',#3940,.T.);
#4219=FACE_BOUND('',#3941,.T.);
#4220=FACE_BOUND('',#3942,.T.);
#4221=FACE_BOUND('',#3943,.T.);
#4222=FACE_BOUND('',#3944,.T.);
#4223=FACE_BOUND('',#3945,.T.);
#4224=FACE_BOUND('',#3946,.T.);
#4225=FACE_BOUND('',#3947,.T.);
#4226=FACE_BOUND('',#3948,.T.);
#4227=FACE_BOUND('',#3949,.T.);
#4228=FACE_BOUND('',#3950,.T.);
#4229=FACE_BOUND('',#3951,.T.);
#4230=FACE_BOUND('',#3952,.T.);
#4231=FACE_BOUND('',#3953,.T.);
#4232=FACE_BOUND('',#3954,.T.);
#4233=FACE_BOUND('',#3955,.T.);
#4234=FACE_BOUND('',#3956,.T.);
#4235=FACE_BOUND('',#3957,.T.);
#4236=FACE_BOUND('',#3958,.T.);
#4237=FACE_BOUND('',#3959,.T.);
#4238=FACE_BOUND('',#3960,.T.);
#4239=FACE_BOUND('',#3961,.T.);
#4240=FACE_BOUND('',#3962,.T.);
#4241=FACE_BOUND('',#3963,.T.);
#4242=FACE_BOUND('',#3964,.T.);
#4243=FACE_BOUND('',#3965,.T.);
#4244=FACE_BOUND('',#3966,.T.);
#4245=FACE_BOUND('',#3967,.T.);
#4246=FACE_BOUND('',#3968,.T.);
#4247=FACE_BOUND('',#3969,.T.);
#4248=FACE_BOUND('',#3970,.T.);
#4249=FACE_BOUND('',#3971,.T.);
#4250=FACE_BOUND('',#3972,.T.);
#4251=FACE_BOUND('',#3973,.T.);
#4252=FACE_BOUND('',#3974,.T.);
#4253=FACE_BOUND('',#3975,.T.);
#4254=FACE_BOUND('',#3976,.T.);
#4255=FACE_BOUND('',#3977,.T.);
#4256=FACE_BOUND('',#3978,.T.);
#4257=FACE_BOUND('',#3979,.T.);
#4258=FACE_BOUND('',#3980,.T.);
#4259=FACE_BOUND('',#3981,.T.);
#4260=FACE_BOUND('',#3982,.T.);
#4261=FACE_BOUND('',#3983,.T.);
#4262=FACE_BOUND('',#3984,.T.);
#4263=FACE_BOUND('',#3985,.T.);
#4264=FACE_BOUND('',#3986,.T.);
#4265=FACE_BOUND('',#3987,.T.);
#4266=FACE_BOUND('',#3988,.T.);
#4267=FACE_BOUND('',#3989,.T.);
#4268=FACE_BOUND('',#3990,.T.);
#4269=FACE_BOUND('',#3991,.T.);
#4270=FACE_BOUND('',#3992,.T.);
#4271=FACE_BOUND('',#3993,.T.);
#4272=FACE_BOUND('',#3994,.T.);
#4273=FACE_BOUND('',#3995,.T.);
#4274=FACE_BOUND('',#3996,.T.);
#4275=FACE_BOUND('',#3997,.T.);
#4276=FACE_BOUND('',#3998,.T.);
#4277=FACE_BOUND('',#3999,.T.);
#4278=FACE_BOUND('',#4000,.T.);
#4279=FACE_BOUND('',#4001,.T.);
#4280=FACE_BOUND('',#4002,.T.);
#4281=FACE_BOUND('',#4003,.T.);
#4282=FACE_BOUND('',#4004,.T.);
#4283=FACE_BOUND('',#4005,.T.);
#4284=FACE_BOUND('',#4006,.T.);
#4285=FACE_BOUND('',#4007,.T.);
#4286=FACE_BOUND('',#4008,.T.);
#4287=FACE_BOUND('',#4009,.T.);
#4288=FACE_BOUND('',#4010,.T.);
#4289=FACE_BOUND('',#4011,.T.);
#4290=FACE_BOUND('',#4012,.T.);
#4291=FACE_BOUND('',#4013,.T.);
#4292=FACE_BOUND('',#4014,.T.);
#4293=FACE_BOUND('',#4015,.T.);
#4294=FACE_BOUND('',#4016,.T.);
#4295=FACE_BOUND('',#4017,.T.);
#4296=FACE_BOUND('',#4018,.T.);
#4297=FACE_BOUND('',#4019,.T.);
#4298=FACE_BOUND('',#4020,.T.);
#4299=FACE_BOUND('',#4021,.T.);
#4300=FACE_BOUND('',#4022,.T.);
#4301=FACE_BOUND('',#4023,.T.);
#4302=FACE_BOUND('',#4024,.T.);
#4303=FACE_BOUND('',#4025,.T.);
#4304=FACE_BOUND('',#4026,.T.);
#4305=FACE_BOUND('',#4027,.T.);
#4306=FACE_BOUND('',#4028,.T.);
#4307=FACE_BOUND('',#4029,.T.);
#4308=FACE_BOUND('',#4030,.T.);
#4309=FACE_BOUND('',#4031,.T.);
#4310=FACE_BOUND('',#4032,.T.);
#4311=FACE_BOUND('',#4033,.T.);
#4312=FACE_BOUND('',#4034,.T.);
#4313=FACE_BOUND('',#4035,.T.);
#4314=FACE_BOUND('',#4036,.T.);
#4315=FACE_BOUND('',#4037,.T.);
#4316=FACE_BOUND('',#4038,.T.);
#4317=FACE_BOUND('',#4039,.T.);
#4318=FACE_BOUND('',#4040,.T.);
#4319=FACE_BOUND('',#4041,.T.);
#4320=FACE_BOUND('',#4042,.T.);
#4321=FACE_BOUND('',#4043,.T.);
#4322=FACE_BOUND('',#4044,.T.);
#4323=FACE_BOUND('',#4045,.T.);
#4324=PLANE('',#4709);
#4325=PLANE('',#4710);
#4326=PLANE('',#4711);
#4327=PLANE('',#4712);
#4328=PLANE('',#4726);
#4329=PLANE('',#4731);
#4330=PLANE('',#4734);
#4331=PLANE('',#4737);
#4332=PLANE('',#4740);
#4333=PLANE('',#4743);
#4334=PLANE('',#4744);
#4335=PLANE('',#4745);
#4336=PLANE('',#4746);
#4337=PLANE('',#4750);
#4338=PLANE('',#4751);
#4339=PLANE('',#4752);
#4340=PLANE('',#4753);
#4341=PLANE('',#4757);
#4342=PLANE('',#4758);
#4343=PLANE('',#4759);
#4344=PLANE('',#4760);
#4345=PLANE('',#4764);
#4346=PLANE('',#4765);
#4347=PLANE('',#4766);
#4348=PLANE('',#4767);
#4349=PLANE('',#4771);
#4350=PLANE('',#4772);
#4351=PLANE('',#4773);
#4352=PLANE('',#4774);
#4353=PLANE('',#4775);
#4354=PLANE('',#4776);
#4355=PLANE('',#4777);
#4356=PLANE('',#4778);
#4357=PLANE('',#4779);
#4358=PLANE('',#4780);
#4359=PLANE('',#4781);
#4360=PLANE('',#4782);
#4361=PLANE('',#4783);
#4362=PLANE('',#4784);
#4363=PLANE('',#4785);
#4364=PLANE('',#4786);
#4365=PLANE('',#4787);
#4366=PLANE('',#4790);
#4367=PLANE('',#4791);
#4368=PLANE('',#4794);
#4369=PLANE('',#4795);
#4370=PLANE('',#4808);
#4371=PLANE('',#4809);
#4372=PLANE('',#4810);
#4373=PLANE('',#4811);
#4374=PLANE('',#4812);
#4375=PLANE('',#4813);
#4376=PLANE('',#4814);
#4377=PLANE('',#4815);
#4378=PLANE('',#4816);
#4379=PLANE('',#4817);
#4380=PLANE('',#4827);
#4381=PLANE('',#4828);
#4382=PLANE('',#4829);
#4383=PLANE('',#4830);
#4384=PLANE('',#4831);
#4385=PLANE('',#4835);
#4386=PLANE('',#4847);
#4387=PLANE('',#4848);
#4388=PLANE('',#4849);
#4389=PLANE('',#4850);
#4390=PLANE('',#4851);
#4391=PLANE('',#4855);
#4392=PLANE('',#4856);
#4393=PLANE('',#4857);
#4394=PLANE('',#4858);
#4395=PLANE('',#4861);
#4396=PLANE('',#4862);
#4397=PLANE('',#4863);
#4398=PLANE('',#4864);
#4399=PLANE('',#4865);
#4400=PLANE('',#4866);
#4401=PLANE('',#4867);
#4402=PLANE('',#4868);
#4403=PLANE('',#4869);
#4404=PLANE('',#4870);
#4405=PLANE('',#4871);
#4406=PLANE('',#4872);
#4407=PLANE('',#4873);
#4408=PLANE('',#4874);
#4409=PLANE('',#4875);
#4410=PLANE('',#4876);
#4411=PLANE('',#4877);
#4412=PLANE('',#4878);
#4413=PLANE('',#4881);
#4414=PLANE('',#4882);
#4415=PLANE('',#4885);
#4416=PLANE('',#4897);
#4417=PLANE('',#4898);
#4418=PLANE('',#4899);
#4419=PLANE('',#4900);
#4420=PLANE('',#4901);
#4421=PLANE('',#4905);
#4422=PLANE('',#4906);
#4423=PLANE('',#4907);
#4424=PLANE('',#4908);
#4425=PLANE('',#4909);
#4426=PLANE('',#4910);
#4427=PLANE('',#4911);
#4428=PLANE('',#4912);
#4429=PLANE('',#4913);
#4430=PLANE('',#4914);
#4431=PLANE('',#4915);
#4432=PLANE('',#4916);
#4433=PLANE('',#4917);
#4434=PLANE('',#4918);
#4435=PLANE('',#4919);
#4436=PLANE('',#4920);
#4437=PLANE('',#4921);
#4438=PLANE('',#4922);
#4439=PLANE('',#4923);
#4440=PLANE('',#4924);
#4441=PLANE('',#4925);
#4442=PLANE('',#4926);
#4443=ADVANCED_FACE('',(#4046),#4324,.F.);
#4444=ADVANCED_FACE('',(#4047),#4325,.T.);
#4445=ADVANCED_FACE('',(#4048),#4326,.F.);
#4446=ADVANCED_FACE('',(#4049,#4050,#4051,#4052,#4053,#4054,#4055,#4056,
#4057,#4058,#4059,#4060),#4327,.T.);
#4447=ADVANCED_FACE('',(#4061),#4328,.T.);
#4448=ADVANCED_FACE('',(#4062),#4329,.F.);
#4449=ADVANCED_FACE('',(#4063),#113,.T.);
#4450=ADVANCED_FACE('',(#4064),#4330,.T.);
#4451=ADVANCED_FACE('',(#4065),#114,.T.);
#4452=ADVANCED_FACE('',(#4066),#4331,.F.);
#4453=ADVANCED_FACE('',(#4067),#115,.T.);
#4454=ADVANCED_FACE('',(#4068),#4332,.F.);
#4455=ADVANCED_FACE('',(#4069),#116,.T.);
#4456=ADVANCED_FACE('',(#4070),#4333,.F.);
#4457=ADVANCED_FACE('',(#4071),#4334,.T.);
#4458=ADVANCED_FACE('',(#4072),#4335,.T.);
#4459=ADVANCED_FACE('',(#4073),#4336,.F.);
#4460=ADVANCED_FACE('',(#4074,#4075),#117,.F.);
#4461=ADVANCED_FACE('',(#4076),#4337,.T.);
#4462=ADVANCED_FACE('',(#4077,#4078),#4338,.T.);
#4463=ADVANCED_FACE('',(#4079),#4339,.T.);
#4464=ADVANCED_FACE('',(#4080),#4340,.T.);
#4465=ADVANCED_FACE('',(#4081,#4082),#118,.F.);
#4466=ADVANCED_FACE('',(#4083),#4341,.F.);
#4467=ADVANCED_FACE('',(#4084,#4085),#4342,.T.);
#4468=ADVANCED_FACE('',(#4086),#4343,.T.);
#4469=ADVANCED_FACE('',(#4087),#4344,.T.);
#4470=ADVANCED_FACE('',(#4088,#4089),#119,.F.);
#4471=ADVANCED_FACE('',(#4090),#4345,.F.);
#4472=ADVANCED_FACE('',(#4091,#4092),#4346,.T.);
#4473=ADVANCED_FACE('',(#4093),#4347,.T.);
#4474=ADVANCED_FACE('',(#4094),#4348,.T.);
#4475=ADVANCED_FACE('',(#4095,#4096),#120,.F.);
#4476=ADVANCED_FACE('',(#4097,#4098),#4349,.T.);
#4477=ADVANCED_FACE('',(#4099),#4350,.T.);
#4478=ADVANCED_FACE('',(#4100),#4351,.F.);
#4479=ADVANCED_FACE('',(#4101),#4352,.F.);
#4480=ADVANCED_FACE('',(#4102),#4353,.T.);
#4481=ADVANCED_FACE('',(#4103),#4354,.T.);
#4482=ADVANCED_FACE('',(#4104),#4355,.T.);
#4483=ADVANCED_FACE('',(#4105),#4356,.T.);
#4484=ADVANCED_FACE('',(#4106),#4357,.T.);
#4485=ADVANCED_FACE('',(#4107),#4358,.T.);
#4486=ADVANCED_FACE('',(#4108),#4359,.T.);
#4487=ADVANCED_FACE('',(#4109),#4360,.T.);
#4488=ADVANCED_FACE('',(#4110),#4361,.T.);
#4489=ADVANCED_FACE('',(#4111),#4362,.T.);
#4490=ADVANCED_FACE('',(#4112),#4363,.T.);
#4491=ADVANCED_FACE('',(#4113),#4364,.T.);
#4492=ADVANCED_FACE('',(#4114),#4365,.T.);
#4493=ADVANCED_FACE('',(#4115),#12,.T.);
#4494=ADVANCED_FACE('',(#4116),#13,.T.);
#4495=ADVANCED_FACE('',(#4117),#121,.T.);
#4496=ADVANCED_FACE('',(#4118),#14,.T.);
#4497=ADVANCED_FACE('',(#4119),#15,.T.);
#4498=ADVANCED_FACE('',(#4120),#16,.T.);
#4499=ADVANCED_FACE('',(#4121),#4366,.T.);
#4500=ADVANCED_FACE('',(#4122),#17,.T.);
#4501=ADVANCED_FACE('',(#4123),#18,.T.);
#4502=ADVANCED_FACE('',(#4124),#19,.T.);
#4503=ADVANCED_FACE('',(#4125),#20,.T.);
#4504=ADVANCED_FACE('',(#4126),#21,.T.);
#4505=ADVANCED_FACE('',(#4127),#22,.T.);
#4506=ADVANCED_FACE('',(#4128),#4367,.T.);
#4507=ADVANCED_FACE('',(#4129),#23,.T.);
#4508=ADVANCED_FACE('',(#4130),#24,.T.);
#4509=ADVANCED_FACE('',(#4131),#25,.T.);
#4510=ADVANCED_FACE('',(#4132),#122,.T.);
#4511=ADVANCED_FACE('',(#4133),#4368,.T.);
#4512=ADVANCED_FACE('',(#4134),#26,.T.);
#4513=ADVANCED_FACE('',(#4135),#4369,.T.);
#4514=ADVANCED_FACE('',(#4136),#27,.T.);
#4515=ADVANCED_FACE('',(#4137),#28,.T.);
#4516=ADVANCED_FACE('',(#4138),#123,.T.);
#4517=ADVANCED_FACE('',(#4139),#29,.T.);
#4518=ADVANCED_FACE('',(#4140),#124,.T.);
#4519=ADVANCED_FACE('',(#4141),#30,.T.);
#4520=ADVANCED_FACE('',(#4142),#31,.T.);
#4521=ADVANCED_FACE('',(#4143),#125,.T.);
#4522=ADVANCED_FACE('',(#4144),#32,.T.);
#4523=ADVANCED_FACE('',(#4145),#33,.T.);
#4524=ADVANCED_FACE('',(#4146),#126,.T.);
#4525=ADVANCED_FACE('',(#4147),#34,.T.);
#4526=ADVANCED_FACE('',(#4148),#35,.T.);
#4527=ADVANCED_FACE('',(#4149),#127,.T.);
#4528=ADVANCED_FACE('',(#4150),#128,.T.);
#4529=ADVANCED_FACE('',(#4151),#4370,.T.);
#4530=ADVANCED_FACE('',(#4152),#36,.T.);
#4531=ADVANCED_FACE('',(#4153),#37,.T.);
#4532=ADVANCED_FACE('',(#4154),#38,.T.);
#4533=ADVANCED_FACE('',(#4155),#4371,.T.);
#4534=ADVANCED_FACE('',(#4156),#39,.T.);
#4535=ADVANCED_FACE('',(#4157,#4158),#4372,.T.);
#4536=ADVANCED_FACE('',(#4159),#40,.T.);
#4537=ADVANCED_FACE('',(#4160),#4373,.T.);
#4538=ADVANCED_FACE('',(#4161),#4374,.T.);
#4539=ADVANCED_FACE('',(#4162),#4375,.T.);
#4540=ADVANCED_FACE('',(#4163),#41,.T.);
#4541=ADVANCED_FACE('',(#4164),#42,.T.);
#4542=ADVANCED_FACE('',(#4165),#43,.T.);
#4543=ADVANCED_FACE('',(#4166),#4376,.T.);
#4544=ADVANCED_FACE('',(#4167),#4377,.T.);
#4545=ADVANCED_FACE('',(#4168),#4378,.T.);
#4546=ADVANCED_FACE('',(#4169),#44,.T.);
#4547=ADVANCED_FACE('',(#4170),#45,.T.);
#4548=ADVANCED_FACE('',(#4171),#46,.T.);
#4549=ADVANCED_FACE('',(#4172),#47,.T.);
#4550=ADVANCED_FACE('',(#4173),#48,.T.);
#4551=ADVANCED_FACE('',(#4174),#49,.T.);
#4552=ADVANCED_FACE('',(#4175,#4176),#4379,.T.);
#4553=ADVANCED_FACE('',(#4177),#50,.T.);
#4554=ADVANCED_FACE('',(#4178),#51,.T.);
#4555=ADVANCED_FACE('',(#4179),#129,.F.);
#4556=ADVANCED_FACE('',(#4180),#130,.F.);
#4557=ADVANCED_FACE('',(#4181),#52,.T.);
#4558=ADVANCED_FACE('',(#4182),#53,.T.);
#4559=ADVANCED_FACE('',(#4183),#131,.F.);
#4560=ADVANCED_FACE('',(#4184),#54,.T.);
#4561=ADVANCED_FACE('',(#4185),#55,.T.);
#4562=ADVANCED_FACE('',(#4186),#56,.T.);
#4563=ADVANCED_FACE('',(#4187),#57,.T.);
#4564=ADVANCED_FACE('',(#4188),#58,.T.);
#4565=ADVANCED_FACE('',(#4189),#59,.T.);
#4566=ADVANCED_FACE('',(#4190),#4380,.T.);
#4567=ADVANCED_FACE('',(#4191),#4381,.T.);
#4568=ADVANCED_FACE('',(#4192),#4382,.T.);
#4569=ADVANCED_FACE('',(#4193),#4383,.T.);
#4570=ADVANCED_FACE('',(#4194),#4384,.T.);
#4571=ADVANCED_FACE('',(#4195),#60,.T.);
#4572=ADVANCED_FACE('',(#4196),#61,.T.);
#4573=ADVANCED_FACE('',(#4197),#62,.T.);
#4574=ADVANCED_FACE('',(#4198),#63,.T.);
#4575=ADVANCED_FACE('',(#4199),#132,.F.);
#4576=ADVANCED_FACE('',(#4200,#4201),#4385,.T.);
#4577=ADVANCED_FACE('',(#4202),#64,.T.);
#4578=ADVANCED_FACE('',(#4203),#65,.T.);
#4579=ADVANCED_FACE('',(#4204),#133,.F.);
#4580=ADVANCED_FACE('',(#4205),#134,.F.);
#4581=ADVANCED_FACE('',(#4206),#66,.T.);
#4582=ADVANCED_FACE('',(#4207),#67,.T.);
#4583=ADVANCED_FACE('',(#4208),#135,.F.);
#4584=ADVANCED_FACE('',(#4209),#68,.T.);
#4585=ADVANCED_FACE('',(#4210),#69,.T.);
#4586=ADVANCED_FACE('',(#4211),#70,.T.);
#4587=ADVANCED_FACE('',(#4212),#136,.T.);
#4588=ADVANCED_FACE('',(#4213),#71,.T.);
#4589=ADVANCED_FACE('',(#4214),#72,.T.);
#4590=ADVANCED_FACE('',(#4215),#4386,.T.);
#4591=ADVANCED_FACE('',(#4216),#4387,.T.);
#4592=ADVANCED_FACE('',(#4217),#4388,.T.);
#4593=ADVANCED_FACE('',(#4218),#4389,.T.);
#4594=ADVANCED_FACE('',(#4219),#4390,.T.);
#4595=ADVANCED_FACE('',(#4220),#73,.T.);
#4596=ADVANCED_FACE('',(#4221),#74,.T.);
#4597=ADVANCED_FACE('',(#4222),#75,.T.);
#4598=ADVANCED_FACE('',(#4223),#76,.T.);
#4599=ADVANCED_FACE('',(#4224),#137,.F.);
#4600=ADVANCED_FACE('',(#4225,#4226),#4391,.T.);
#4601=ADVANCED_FACE('',(#4227),#77,.T.);
#4602=ADVANCED_FACE('',(#4228),#4392,.T.);
#4603=ADVANCED_FACE('',(#4229),#4393,.T.);
#4604=ADVANCED_FACE('',(#4230),#4394,.T.);
#4605=ADVANCED_FACE('',(#4231),#78,.T.);
#4606=ADVANCED_FACE('',(#4232),#79,.T.);
#4607=ADVANCED_FACE('',(#4233),#138,.T.);
#4608=ADVANCED_FACE('',(#4234),#80,.T.);
#4609=ADVANCED_FACE('',(#4235),#81,.T.);
#4610=ADVANCED_FACE('',(#4236),#82,.T.);
#4611=ADVANCED_FACE('',(#4237),#4395,.T.);
#4612=ADVANCED_FACE('',(#4238),#4396,.T.);
#4613=ADVANCED_FACE('',(#4239),#4397,.T.);
#4614=ADVANCED_FACE('',(#4240),#4398,.T.);
#4615=ADVANCED_FACE('',(#4241),#4399,.T.);
#4616=ADVANCED_FACE('',(#4242),#83,.T.);
#4617=ADVANCED_FACE('',(#4243),#84,.T.);
#4618=ADVANCED_FACE('',(#4244),#85,.T.);
#4619=ADVANCED_FACE('',(#4245,#4246),#4400,.T.);
#4620=ADVANCED_FACE('',(#4247),#4401,.T.);
#4621=ADVANCED_FACE('',(#4248),#4402,.T.);
#4622=ADVANCED_FACE('',(#4249),#4403,.T.);
#4623=ADVANCED_FACE('',(#4250),#4404,.T.);
#4624=ADVANCED_FACE('',(#4251),#4405,.T.);
#4625=ADVANCED_FACE('',(#4252),#4406,.T.);
#4626=ADVANCED_FACE('',(#4253),#4407,.T.);
#4627=ADVANCED_FACE('',(#4254),#4408,.T.);
#4628=ADVANCED_FACE('',(#4255),#4409,.T.);
#4629=ADVANCED_FACE('',(#4256),#4410,.T.);
#4630=ADVANCED_FACE('',(#4257),#4411,.T.);
#4631=ADVANCED_FACE('',(#4258),#4412,.T.);
#4632=ADVANCED_FACE('',(#4259),#86,.T.);
#4633=ADVANCED_FACE('',(#4260),#87,.T.);
#4634=ADVANCED_FACE('',(#4261),#139,.T.);
#4635=ADVANCED_FACE('',(#4262),#88,.T.);
#4636=ADVANCED_FACE('',(#4263),#89,.T.);
#4637=ADVANCED_FACE('',(#4264),#90,.T.);
#4638=ADVANCED_FACE('',(#4265),#4413,.T.);
#4639=ADVANCED_FACE('',(#4266),#91,.T.);
#4640=ADVANCED_FACE('',(#4267),#92,.T.);
#4641=ADVANCED_FACE('',(#4268),#93,.T.);
#4642=ADVANCED_FACE('',(#4269),#94,.T.);
#4643=ADVANCED_FACE('',(#4270),#95,.T.);
#4644=ADVANCED_FACE('',(#4271),#96,.T.);
#4645=ADVANCED_FACE('',(#4272),#4414,.T.);
#4646=ADVANCED_FACE('',(#4273),#97,.T.);
#4647=ADVANCED_FACE('',(#4274),#98,.T.);
#4648=ADVANCED_FACE('',(#4275),#99,.T.);
#4649=ADVANCED_FACE('',(#4276),#140,.T.);
#4650=ADVANCED_FACE('',(#4277),#4415,.T.);
#4651=ADVANCED_FACE('',(#4278),#100,.T.);
#4652=ADVANCED_FACE('',(#4279),#101,.T.);
#4653=ADVANCED_FACE('',(#4280),#141,.F.);
#4654=ADVANCED_FACE('',(#4281),#142,.F.);
#4655=ADVANCED_FACE('',(#4282),#102,.T.);
#4656=ADVANCED_FACE('',(#4283),#103,.T.);
#4657=ADVANCED_FACE('',(#4284),#143,.F.);
#4658=ADVANCED_FACE('',(#4285),#104,.T.);
#4659=ADVANCED_FACE('',(#4286),#105,.T.);
#4660=ADVANCED_FACE('',(#4287),#106,.T.);
#4661=ADVANCED_FACE('',(#4288),#144,.T.);
#4662=ADVANCED_FACE('',(#4289),#107,.T.);
#4663=ADVANCED_FACE('',(#4290),#108,.T.);
#4664=ADVANCED_FACE('',(#4291),#4416,.T.);
#4665=ADVANCED_FACE('',(#4292),#4417,.T.);
#4666=ADVANCED_FACE('',(#4293),#4418,.T.);
#4667=ADVANCED_FACE('',(#4294),#4419,.T.);
#4668=ADVANCED_FACE('',(#4295),#4420,.T.);
#4669=ADVANCED_FACE('',(#4296),#109,.T.);
#4670=ADVANCED_FACE('',(#4297),#110,.T.);
#4671=ADVANCED_FACE('',(#4298),#111,.T.);
#4672=ADVANCED_FACE('',(#4299),#112,.T.);
#4673=ADVANCED_FACE('',(#4300),#145,.F.);
#4674=ADVANCED_FACE('',(#4301,#4302),#4421,.T.);
#4675=ADVANCED_FACE('',(#4303),#4422,.T.);
#4676=ADVANCED_FACE('',(#4304),#4423,.T.);
#4677=ADVANCED_FACE('',(#4305),#4424,.T.);
#4678=ADVANCED_FACE('',(#4306),#4425,.T.);
#4679=ADVANCED_FACE('',(#4307),#4426,.T.);
#4680=ADVANCED_FACE('',(#4308),#4427,.T.);
#4681=ADVANCED_FACE('',(#4309),#4428,.T.);
#4682=ADVANCED_FACE('',(#4310),#4429,.T.);
#4683=ADVANCED_FACE('',(#4311),#4430,.T.);
#4684=ADVANCED_FACE('',(#4312),#4431,.T.);
#4685=ADVANCED_FACE('',(#4313),#4432,.T.);
#4686=ADVANCED_FACE('',(#4314),#4433,.T.);
#4687=ADVANCED_FACE('',(#4315),#4434,.T.);
#4688=ADVANCED_FACE('',(#4316),#4435,.T.);
#4689=ADVANCED_FACE('',(#4317),#4436,.T.);
#4690=ADVANCED_FACE('',(#4318),#4437,.T.);
#4691=ADVANCED_FACE('',(#4319),#4438,.T.);
#4692=ADVANCED_FACE('',(#4320),#4439,.T.);
#4693=ADVANCED_FACE('',(#4321),#4440,.T.);
#4694=ADVANCED_FACE('',(#4322),#4441,.F.);
#4695=ADVANCED_FACE('',(#4323),#4442,.T.);
#4696=CLOSED_SHELL('',(#4443,#4444,#4445,#4446,#4447,#4448,#4449,#4450,
#4451,#4452,#4453,#4454,#4455,#4456,#4457,#4458,#4459,#4460,#4461,#4462,
#4463,#4464,#4465,#4466,#4467,#4468,#4469,#4470,#4471,#4472,#4473,#4474,
#4475,#4476,#4477,#4478,#4479,#4480,#4481,#4482,#4483,#4484,#4485,#4486,
#4487,#4488,#4489,#4490,#4491,#4492,#4493,#4494,#4495,#4496,#4497,#4498,
#4499,#4500,#4501,#4502,#4503,#4504,#4505,#4506,#4507,#4508,#4509,#4510,
#4511,#4512,#4513,#4514,#4515,#4516,#4517,#4518,#4519,#4520,#4521,#4522,
#4523,#4524,#4525,#4526,#4527,#4528,#4529,#4530,#4531,#4532,#4533,#4534,
#4535,#4536,#4537,#4538,#4539,#4540,#4541,#4542,#4543,#4544,#4545,#4546,
#4547,#4548,#4549,#4550,#4551,#4552,#4553,#4554,#4555,#4556,#4557,#4558,
#4559,#4560,#4561,#4562,#4563,#4564,#4565,#4566,#4567,#4568,#4569,#4570,
#4571,#4572,#4573,#4574,#4575,#4576,#4577,#4578,#4579,#4580,#4581,#4582,
#4583,#4584,#4585,#4586,#4587,#4588,#4589,#4590,#4591,#4592,#4593,#4594,
#4595,#4596,#4597,#4598,#4599,#4600,#4601,#4602,#4603,#4604,#4605,#4606,
#4607,#4608,#4609,#4610,#4611,#4612,#4613,#4614,#4615,#4616,#4617,#4618,
#4619,#4620,#4621,#4622,#4623,#4624,#4625,#4626,#4627,#4628,#4629,#4630,
#4631,#4632,#4633,#4634,#4635,#4636,#4637,#4638,#4639,#4640,#4641,#4642,
#4643,#4644,#4645,#4646,#4647,#4648,#4649,#4650,#4651,#4652,#4653,#4654,
#4655,#4656,#4657,#4658,#4659,#4660,#4661,#4662,#4663,#4664,#4665,#4666,
#4667,#4668,#4669,#4670,#4671,#4672,#4673,#4674,#4675,#4676,#4677,#4678,
#4679,#4680,#4681,#4682,#4683,#4684,#4685,#4686,#4687,#4688,#4689,#4690,
#4691,#4692,#4693,#4694,#4695));
#4697=STYLED_ITEM('',(#4698),#4705);
#4698=PRESENTATION_STYLE_ASSIGNMENT((#4699));
#4699=SURFACE_STYLE_USAGE(.BOTH.,#4700);
#4700=SURFACE_SIDE_STYLE('',(#4701));
#4701=SURFACE_STYLE_FILL_AREA(#4702);
#4702=FILL_AREA_STYLE('',(#4703));
#4703=FILL_AREA_STYLE_COLOUR('',#4704);
#4704=COLOUR_RGB('',0.615686274509804,0.811764705882353,0.929411764705882);
#4705=MANIFOLD_SOLID_BREP('Part 1',#4696);
#4706=SHAPE_DEFINITION_REPRESENTATION(#8300,#4707);
#4707=SHAPE_REPRESENTATION('Part 1',(#4708),#8295);
#4708=AXIS2_PLACEMENT_3D('',#5783,#4927,#4928);
#4709=AXIS2_PLACEMENT_3D('',#5784,#4929,#4930);
#4710=AXIS2_PLACEMENT_3D('',#5809,#4943,#4944);
#4711=AXIS2_PLACEMENT_3D('',#5834,#4957,#4958);
#4712=AXIS2_PLACEMENT_3D('',#5841,#4963,#4964);
#4713=AXIS2_PLACEMENT_3D('',#5851,#4965,#4966);
#4714=AXIS2_PLACEMENT_3D('',#5905,#4969,#4970);
#4715=AXIS2_PLACEMENT_3D('',#5933,#4982,#4983);
#4716=AXIS2_PLACEMENT_3D('',#6015,#4994,#4995);
#4717=AXIS2_PLACEMENT_3D('',#6033,#4998,#4999);
#4718=AXIS2_PLACEMENT_3D('',#6035,#5000,#5001);
#4719=AXIS2_PLACEMENT_3D('',#6045,#5002,#5003);
#4720=AXIS2_PLACEMENT_3D('',#6055,#5004,#5005);
#4721=AXIS2_PLACEMENT_3D('',#6065,#5006,#5007);
#4722=AXIS2_PLACEMENT_3D('',#6105,#5023,#5024);
#4723=AXIS2_PLACEMENT_3D('',#6159,#5027,#5028);
#4724=AXIS2_PLACEMENT_3D('',#6233,#5037,#5038);
#4725=AXIS2_PLACEMENT_3D('',#6281,#5044,#5045);
#4726=AXIS2_PLACEMENT_3D('',#6310,#5058,#5059);
#4727=AXIS2_PLACEMENT_3D('',#6322,#5066,#5067);
#4728=AXIS2_PLACEMENT_3D('',#6326,#5069,#5070);
#4729=AXIS2_PLACEMENT_3D('',#6330,#5072,#5073);
#4730=AXIS2_PLACEMENT_3D('',#6331,#5074,#5075);
#4731=AXIS2_PLACEMENT_3D('',#6334,#5077,#5078);
#4732=AXIS2_PLACEMENT_3D('',#6343,#5084,#5085);
#4733=AXIS2_PLACEMENT_3D('',#6344,#5086,#5087);
#4734=AXIS2_PLACEMENT_3D('',#6347,#5089,#5090);
#4735=AXIS2_PLACEMENT_3D('',#6356,#5096,#5097);
#4736=AXIS2_PLACEMENT_3D('',#6357,#5098,#5099);
#4737=AXIS2_PLACEMENT_3D('',#6360,#5101,#5102);
#4738=AXIS2_PLACEMENT_3D('',#6364,#5105,#5106);
#4739=AXIS2_PLACEMENT_3D('',#6365,#5107,#5108);
#4740=AXIS2_PLACEMENT_3D('',#6368,#5110,#5111);
#4741=AXIS2_PLACEMENT_3D('',#6372,#5114,#5115);
#4742=AXIS2_PLACEMENT_3D('',#6373,#5116,#5117);
#4743=AXIS2_PLACEMENT_3D('',#6374,#5118,#5119);
#4744=AXIS2_PLACEMENT_3D('',#6375,#5120,#5121);
#4745=AXIS2_PLACEMENT_3D('',#6384,#5127,#5128);
#4746=AXIS2_PLACEMENT_3D('',#6391,#5133,#5134);
#4747=AXIS2_PLACEMENT_3D('',#6395,#5137,#5138);
#4748=AXIS2_PLACEMENT_3D('',#6396,#5139,#5140);
#4749=AXIS2_PLACEMENT_3D('',#6398,#5141,#5142);
#4750=AXIS2_PLACEMENT_3D('',#6400,#5143,#5144);
#4751=AXIS2_PLACEMENT_3D('',#6405,#5148,#5149);
#4752=AXIS2_PLACEMENT_3D('',#6406,#5150,#5151);
#4753=AXIS2_PLACEMENT_3D('',#6407,#5152,#5153);
#4754=AXIS2_PLACEMENT_3D('',#6411,#5156,#5157);
#4755=AXIS2_PLACEMENT_3D('',#6412,#5158,#5159);
#4756=AXIS2_PLACEMENT_3D('',#6414,#5160,#5161);
#4757=AXIS2_PLACEMENT_3D('',#6416,#5162,#5163);
#4758=AXIS2_PLACEMENT_3D('',#6418,#5165,#5166);
#4759=AXIS2_PLACEMENT_3D('',#6419,#5167,#5168);
#4760=AXIS2_PLACEMENT_3D('',#6420,#5169,#5170);
#4761=AXIS2_PLACEMENT_3D('',#6424,#5173,#5174);
#4762=AXIS2_PLACEMENT_3D('',#6425,#5175,#5176);
#4763=AXIS2_PLACEMENT_3D('',#6427,#5177,#5178);
#4764=AXIS2_PLACEMENT_3D('',#6429,#5179,#5180);
#4765=AXIS2_PLACEMENT_3D('',#6431,#5182,#5183);
#4766=AXIS2_PLACEMENT_3D('',#6432,#5184,#5185);
#4767=AXIS2_PLACEMENT_3D('',#6433,#5186,#5187);
#4768=AXIS2_PLACEMENT_3D('',#6435,#5189,#5190);
#4769=AXIS2_PLACEMENT_3D('',#6436,#5191,#5192);
#4770=AXIS2_PLACEMENT_3D('',#6438,#5193,#5194);
#4771=AXIS2_PLACEMENT_3D('',#6440,#5195,#5196);
#4772=AXIS2_PLACEMENT_3D('',#6441,#5197,#5198);
#4773=AXIS2_PLACEMENT_3D('',#6442,#5199,#5200);
#4774=AXIS2_PLACEMENT_3D('',#6444,#5202,#5203);
#4775=AXIS2_PLACEMENT_3D('',#6446,#5205,#5206);
#4776=AXIS2_PLACEMENT_3D('',#6447,#5207,#5208);
#4777=AXIS2_PLACEMENT_3D('',#6453,#5212,#5213);
#4778=AXIS2_PLACEMENT_3D('',#6457,#5216,#5217);
#4779=AXIS2_PLACEMENT_3D('',#6461,#5220,#5221);
#4780=AXIS2_PLACEMENT_3D('',#6465,#5224,#5225);
#4781=AXIS2_PLACEMENT_3D('',#6469,#5228,#5229);
#4782=AXIS2_PLACEMENT_3D('',#6473,#5232,#5233);
#4783=AXIS2_PLACEMENT_3D('',#6477,#5236,#5237);
#4784=AXIS2_PLACEMENT_3D('',#6481,#5240,#5241);
#4785=AXIS2_PLACEMENT_3D('',#6485,#5244,#5245);
#4786=AXIS2_PLACEMENT_3D('',#6489,#5248,#5249);
#4787=AXIS2_PLACEMENT_3D('',#6491,#5251,#5252);
#4788=AXIS2_PLACEMENT_3D('',#6520,#5256,#5257);
#4789=AXIS2_PLACEMENT_3D('',#6523,#5259,#5260);
#4790=AXIS2_PLACEMENT_3D('',#6563,#5264,#5265);
#4791=AXIS2_PLACEMENT_3D('',#6645,#5274,#5275);
#4792=AXIS2_PLACEMENT_3D('',#6688,#5281,#5282);
#4793=AXIS2_PLACEMENT_3D('',#6689,#5283,#5284);
#4794=AXIS2_PLACEMENT_3D('',#6690,#5285,#5286);
#4795=AXIS2_PLACEMENT_3D('',#6711,#5289,#5290);
#4796=AXIS2_PLACEMENT_3D('',#6751,#5296,#5297);
#4797=AXIS2_PLACEMENT_3D('',#6754,#5299,#5300);
#4798=AXIS2_PLACEMENT_3D('',#6770,#5303,#5304);
#4799=AXIS2_PLACEMENT_3D('',#6773,#5306,#5307);
#4800=AXIS2_PLACEMENT_3D('',#6800,#5310,#5311);
#4801=AXIS2_PLACEMENT_3D('',#6803,#5313,#5314);
#4802=AXIS2_PLACEMENT_3D('',#6830,#5317,#5318);
#4803=AXIS2_PLACEMENT_3D('',#6833,#5320,#5321);
#4804=AXIS2_PLACEMENT_3D('',#6860,#5324,#5325);
#4805=AXIS2_PLACEMENT_3D('',#6863,#5327,#5328);
#4806=AXIS2_PLACEMENT_3D('',#6864,#5329,#5330);
#4807=AXIS2_PLACEMENT_3D('',#6867,#5332,#5333);
#4808=AXIS2_PLACEMENT_3D('',#6868,#5334,#5335);
#4809=AXIS2_PLACEMENT_3D('',#6911,#5341,#5342);
#4810=AXIS2_PLACEMENT_3D('',#6927,#5344,#5345);
#4811=AXIS2_PLACEMENT_3D('',#6948,#5348,#5349);
#4812=AXIS2_PLACEMENT_3D('',#6954,#5353,#5354);
#4813=AXIS2_PLACEMENT_3D('',#6960,#5358,#5359);
#4814=AXIS2_PLACEMENT_3D('',#7015,#5367,#5368);
#4815=AXIS2_PLACEMENT_3D('',#7019,#5371,#5372);
#4816=AXIS2_PLACEMENT_3D('',#7023,#5375,#5376);
#4817=AXIS2_PLACEMENT_3D('',#7104,#5383,#5384);
#4818=AXIS2_PLACEMENT_3D('',#7142,#5388,#5389);
#4819=AXIS2_PLACEMENT_3D('',#7143,#5390,#5391);
#4820=AXIS2_PLACEMENT_3D('',#7147,#5393,#5394);
#4821=AXIS2_PLACEMENT_3D('',#7148,#5395,#5396);
#4822=AXIS2_PLACEMENT_3D('',#7149,#5397,#5398);
#4823=AXIS2_PLACEMENT_3D('',#7153,#5400,#5401);
#4824=AXIS2_PLACEMENT_3D('',#7188,#5404,#5405);
#4825=AXIS2_PLACEMENT_3D('',#7189,#5406,#5407);
#4826=AXIS2_PLACEMENT_3D('',#7193,#5409,#5410);
#4827=AXIS2_PLACEMENT_3D('',#7274,#5418,#5419);
#4828=AXIS2_PLACEMENT_3D('',#7278,#5422,#5423);
#4829=AXIS2_PLACEMENT_3D('',#7282,#5426,#5427);
#4830=AXIS2_PLACEMENT_3D('',#7286,#5430,#5431);
#4831=AXIS2_PLACEMENT_3D('',#7290,#5434,#5435);
#4832=AXIS2_PLACEMENT_3D('',#7344,#5441,#5442);
#4833=AXIS2_PLACEMENT_3D('',#7345,#5443,#5444);
#4834=AXIS2_PLACEMENT_3D('',#7346,#5445,#5446);
#4835=AXIS2_PLACEMENT_3D('',#7347,#5447,#5448);
#4836=AXIS2_PLACEMENT_3D('',#7385,#5452,#5453);
#4837=AXIS2_PLACEMENT_3D('',#7386,#5454,#5455);
#4838=AXIS2_PLACEMENT_3D('',#7390,#5457,#5458);
#4839=AXIS2_PLACEMENT_3D('',#7391,#5459,#5460);
#4840=AXIS2_PLACEMENT_3D('',#7392,#5461,#5462);
#4841=AXIS2_PLACEMENT_3D('',#7396,#5464,#5465);
#4842=AXIS2_PLACEMENT_3D('',#7431,#5468,#5469);
#4843=AXIS2_PLACEMENT_3D('',#7432,#5470,#5471);
#4844=AXIS2_PLACEMENT_3D('',#7436,#5473,#5474);
#4845=AXIS2_PLACEMENT_3D('',#7478,#5479,#5480);
#4846=AXIS2_PLACEMENT_3D('',#7481,#5482,#5483);
#4847=AXIS2_PLACEMENT_3D('',#7508,#5486,#5487);
#4848=AXIS2_PLACEMENT_3D('',#7512,#5490,#5491);
#4849=AXIS2_PLACEMENT_3D('',#7516,#5494,#5495);
#4850=AXIS2_PLACEMENT_3D('',#7520,#5498,#5499);
#4851=AXIS2_PLACEMENT_3D('',#7524,#5502,#5503);
#4852=AXIS2_PLACEMENT_3D('',#7578,#5509,#5510);
#4853=AXIS2_PLACEMENT_3D('',#7579,#5511,#5512);
#4854=AXIS2_PLACEMENT_3D('',#7580,#5513,#5514);
#4855=AXIS2_PLACEMENT_3D('',#7581,#5515,#5516);
#4856=AXIS2_PLACEMENT_3D('',#7602,#5519,#5520);
#4857=AXIS2_PLACEMENT_3D('',#7608,#5524,#5525);
#4858=AXIS2_PLACEMENT_3D('',#7614,#5529,#5530);
#4859=AXIS2_PLACEMENT_3D('',#7654,#5536,#5537);
#4860=AXIS2_PLACEMENT_3D('',#7657,#5539,#5540);
#4861=AXIS2_PLACEMENT_3D('',#7699,#5545,#5546);
#4862=AXIS2_PLACEMENT_3D('',#7703,#5549,#5550);
#4863=AXIS2_PLACEMENT_3D('',#7707,#5553,#5554);
#4864=AXIS2_PLACEMENT_3D('',#7711,#5557,#5558);
#4865=AXIS2_PLACEMENT_3D('',#7715,#5561,#5562);
#4866=AXIS2_PLACEMENT_3D('',#7757,#5566,#5567);
#4867=AXIS2_PLACEMENT_3D('',#7758,#5568,#5569);
#4868=AXIS2_PLACEMENT_3D('',#7764,#5573,#5574);
#4869=AXIS2_PLACEMENT_3D('',#7768,#5577,#5578);
#4870=AXIS2_PLACEMENT_3D('',#7772,#5581,#5582);
#4871=AXIS2_PLACEMENT_3D('',#7776,#5585,#5586);
#4872=AXIS2_PLACEMENT_3D('',#7780,#5589,#5590);
#4873=AXIS2_PLACEMENT_3D('',#7784,#5593,#5594);
#4874=AXIS2_PLACEMENT_3D('',#7788,#5597,#5598);
#4875=AXIS2_PLACEMENT_3D('',#7792,#5601,#5602);
#4876=AXIS2_PLACEMENT_3D('',#7796,#5605,#5606);
#4877=AXIS2_PLACEMENT_3D('',#7800,#5609,#5610);
#4878=AXIS2_PLACEMENT_3D('',#7802,#5612,#5613);
#4879=AXIS2_PLACEMENT_3D('',#7831,#5617,#5618);
#4880=AXIS2_PLACEMENT_3D('',#7834,#5620,#5621);
#4881=AXIS2_PLACEMENT_3D('',#7874,#5625,#5626);
#4882=AXIS2_PLACEMENT_3D('',#7956,#5635,#5636);
#4883=AXIS2_PLACEMENT_3D('',#7999,#5642,#5643);
#4884=AXIS2_PLACEMENT_3D('',#8000,#5644,#5645);
#4885=AXIS2_PLACEMENT_3D('',#8001,#5646,#5647);
#4886=AXIS2_PLACEMENT_3D('',#8039,#5651,#5652);
#4887=AXIS2_PLACEMENT_3D('',#8040,#5653,#5654);
#4888=AXIS2_PLACEMENT_3D('',#8044,#5656,#5657);
#4889=AXIS2_PLACEMENT_3D('',#8045,#5658,#5659);
#4890=AXIS2_PLACEMENT_3D('',#8046,#5660,#5661);
#4891=AXIS2_PLACEMENT_3D('',#8050,#5663,#5664);
#4892=AXIS2_PLACEMENT_3D('',#8085,#5667,#5668);
#4893=AXIS2_PLACEMENT_3D('',#8086,#5669,#5670);
#4894=AXIS2_PLACEMENT_3D('',#8090,#5672,#5673);
#4895=AXIS2_PLACEMENT_3D('',#8132,#5678,#5679);
#4896=AXIS2_PLACEMENT_3D('',#8135,#5681,#5682);
#4897=AXIS2_PLACEMENT_3D('',#8162,#5685,#5686);
#4898=AXIS2_PLACEMENT_3D('',#8166,#5689,#5690);
#4899=AXIS2_PLACEMENT_3D('',#8170,#5693,#5694);
#4900=AXIS2_PLACEMENT_3D('',#8174,#5697,#5698);
#4901=AXIS2_PLACEMENT_3D('',#8178,#5701,#5702);
#4902=AXIS2_PLACEMENT_3D('',#8232,#5708,#5709);
#4903=AXIS2_PLACEMENT_3D('',#8233,#5710,#5711);
#4904=AXIS2_PLACEMENT_3D('',#8234,#5712,#5713);
#4905=AXIS2_PLACEMENT_3D('',#8235,#5714,#5715);
#4906=AXIS2_PLACEMENT_3D('',#8236,#5716,#5717);
#4907=AXIS2_PLACEMENT_3D('',#8242,#5721,#5722);
#4908=AXIS2_PLACEMENT_3D('',#8246,#5725,#5726);
#4909=AXIS2_PLACEMENT_3D('',#8250,#5729,#5730);
#4910=AXIS2_PLACEMENT_3D('',#8254,#5733,#5734);
#4911=AXIS2_PLACEMENT_3D('',#8258,#5737,#5738);
#4912=AXIS2_PLACEMENT_3D('',#8262,#5741,#5742);
#4913=AXIS2_PLACEMENT_3D('',#8266,#5745,#5746);
#4914=AXIS2_PLACEMENT_3D('',#8270,#5749,#5750);
#4915=AXIS2_PLACEMENT_3D('',#8274,#5753,#5754);
#4916=AXIS2_PLACEMENT_3D('',#8278,#5757,#5758);
#4917=AXIS2_PLACEMENT_3D('',#8282,#5761,#5762);
#4918=AXIS2_PLACEMENT_3D('',#8284,#5764,#5765);
#4919=AXIS2_PLACEMENT_3D('',#8285,#5766,#5767);
#4920=AXIS2_PLACEMENT_3D('',#8286,#5768,#5769);
#4921=AXIS2_PLACEMENT_3D('',#8287,#5770,#5771);
#4922=AXIS2_PLACEMENT_3D('',#8288,#5772,#5773);
#4923=AXIS2_PLACEMENT_3D('',#8289,#5774,#5775);
#4924=AXIS2_PLACEMENT_3D('',#8290,#5776,#5777);
#4925=AXIS2_PLACEMENT_3D('',#8291,#5778,#5779);
#4926=AXIS2_PLACEMENT_3D('',#8293,#5781,#5782);
#4927=DIRECTION('',(0.,0.,1.));
#4928=DIRECTION('',(1.,0.,0.));
#4929=DIRECTION('',(0.,1.,0.));
#4930=DIRECTION('',(0.,0.,1.));
#4931=DIRECTION('',(1.,0.,0.));
#4932=DIRECTION('',(0.,0.,-1.));
#4933=DIRECTION('',(-1.,0.,0.));
#4934=DIRECTION('',(0.,0.,-1.));
#4935=DIRECTION('',(1.,0.,0.));
#4936=DIRECTION('',(0.,0.,-1.));
#4937=DIRECTION('',(1.,0.,0.));
#4938=DIRECTION('',(0.,0.,-1.));
#4939=DIRECTION('',(-1.,0.,0.));
#4940=DIRECTION('',(0.,0.,-1.));
#4941=DIRECTION('',(1.,0.,0.));
#4942=DIRECTION('',(0.,0.,-1.));
#4943=DIRECTION('',(0.,0.,1.));
#4944=DIRECTION('',(1.,0.,0.));
#4945=DIRECTION('',(0.,1.,0.));
#4946=DIRECTION('',(-1.,0.,0.));
#4947=DIRECTION('',(0.,1.,0.));
#4948=DIRECTION('',(-1.,0.,0.));
#4949=DIRECTION('',(0.,1.,0.));
#4950=DIRECTION('',(-1.,0.,0.));
#4951=DIRECTION('',(0.,-1.,0.));
#4952=DIRECTION('',(-1.,0.,0.));
#4953=DIRECTION('',(0.,-1.,0.));
#4954=DIRECTION('',(1.,0.,0.));
#4955=DIRECTION('',(0.,1.,0.));
#4956=DIRECTION('',(1.,0.,0.));
#4957=DIRECTION('',(1.,0.,0.));
#4958=DIRECTION('',(0.,0.,-1.));
#4959=DIRECTION('',(0.,1.,0.));
#4960=DIRECTION('',(0.,0.,-1.));
#4961=DIRECTION('',(0.,0.,-1.));
#4962=DIRECTION('',(0.,-1.,0.));
#4963=DIRECTION('',(1.,-1.46081976924363E-16,0.));
#4964=DIRECTION('',(1.46081976924363E-16,1.,0.));
#4965=DIRECTION('',(-1.,1.46081976924363E-16,0.));
#4966=DIRECTION('',(-1.46081976924363E-16,-1.,0.));
#4967=DIRECTION('',(-1.46081976924363E-16,-1.,0.));
#4968=DIRECTION('',(1.46081976924363E-16,1.,0.));
#4969=DIRECTION('',(-1.,1.46081976924363E-16,0.));
#4970=DIRECTION('',(-1.46081976924363E-16,-1.,0.));
#4971=DIRECTION('',(-1.46081976924363E-16,-1.,0.));
#4972=DIRECTION('',(-8.58462027768312E-17,-0.587657728792102,0.809109630267066));
#4973=DIRECTION('',(0.,0.,-1.));
#4974=DIRECTION('',(-1.46081976924363E-16,-1.,0.));
#4975=DIRECTION('',(0.,0.,1.));
#4976=DIRECTION('',(1.46081976924363E-16,1.,0.));
#4977=DIRECTION('',(0.,0.,-1.));
#4978=DIRECTION('',(8.72487157086656E-17,0.597258591002233,0.802048736345883));
#4979=DIRECTION('',(1.46081976924363E-16,1.,0.));
#4980=DIRECTION('',(-9.32103542279621E-17,-0.638068817183546,-0.769979340331928));
#4981=DIRECTION('',(9.40927545934165E-17,0.644109263678265,-0.76493349805316));
#4982=DIRECTION('',(-1.,1.46081976924363E-16,0.));
#4983=DIRECTION('',(-1.46081976924363E-16,-1.,0.));
#4984=DIRECTION('',(-1.46081976924363E-16,-1.,0.));
#4985=DIRECTION('',(0.,0.,-1.));
#4986=DIRECTION('',(-1.46081976924363E-16,-1.,0.));
#4987=DIRECTION('',(0.,0.,1.));
#4988=DIRECTION('',(1.46081976924363E-16,1.,0.));
#4989=DIRECTION('',(0.,0.,1.));
#4990=DIRECTION('',(1.46081976924363E-16,1.,0.));
#4991=DIRECTION('',(0.,0.,-1.));
#4992=DIRECTION('',(-1.46081976924363E-16,-1.,0.));
#4993=DIRECTION('',(0.,0.,1.));
#4994=DIRECTION('',(-1.,1.46081976924363E-16,0.));
#4995=DIRECTION('',(-1.46081976924363E-16,-1.,0.));
#4996=DIRECTION('',(-1.46081976924363E-16,-1.,0.));
#4997=DIRECTION('',(1.46081976924363E-16,1.,0.));
#4998=DIRECTION('',(-1.,1.46081976924363E-16,0.));
#4999=DIRECTION('',(-1.46081976924363E-16,-1.,0.));
#5000=DIRECTION('',(-1.,1.46081976924363E-16,0.));
#5001=DIRECTION('',(-1.46081976924363E-16,-1.,0.));
#5002=DIRECTION('',(-1.,1.46081976924363E-16,0.));
#5003=DIRECTION('',(-1.46081976924363E-16,-1.,0.));
#5004=DIRECTION('',(-1.,1.46081976924363E-16,0.));
#5005=DIRECTION('',(-1.46081976924363E-16,-1.,0.));
#5006=DIRECTION('',(-1.,1.46081976924363E-16,0.));
#5007=DIRECTION('',(-1.46081976924363E-16,-1.,0.));
#5008=DIRECTION('',(-1.46081976924363E-16,-1.,0.));
#5009=DIRECTION('',(0.,0.,-1.));
#5010=DIRECTION('',(-1.46081976924363E-16,-1.,0.));
#5011=DIRECTION('',(0.,0.,-1.));
#5012=DIRECTION('',(-1.46081976924363E-16,-1.,0.));
#5013=DIRECTION('',(-8.58462027768314E-17,-0.587657728792103,0.809109630267066));
#5014=DIRECTION('',(0.,0.,-1.));
#5015=DIRECTION('',(-1.46081976924363E-16,-1.,0.));
#5016=DIRECTION('',(0.,0.,1.));
#5017=DIRECTION('',(1.46081976924363E-16,1.,0.));
#5018=DIRECTION('',(0.,0.,-1.));
#5019=DIRECTION('',(8.72487157086658E-17,0.597258591002234,0.802048736345882));
#5020=DIRECTION('',(1.46081976924363E-16,1.,0.));
#5021=DIRECTION('',(-9.32103542279623E-17,-0.638068817183547,-0.769979340331927));
#5022=DIRECTION('',(9.40927545934166E-17,0.644109263678266,-0.764933498053159));
#5023=DIRECTION('',(-1.,1.46081976924363E-16,0.));
#5024=DIRECTION('',(-1.46081976924363E-16,-1.,0.));
#5025=DIRECTION('',(-1.46081976924363E-16,-1.,0.));
#5026=DIRECTION('',(1.46081976924363E-16,1.,0.));
#5027=DIRECTION('',(-1.,1.46081976924363E-16,0.));
#5028=DIRECTION('',(-1.46081976924363E-16,-1.,0.));
#5029=DIRECTION('',(1.46081976924363E-16,1.,0.));
#5030=DIRECTION('',(-1.46081976924363E-16,-1.,0.));
#5031=DIRECTION('',(0.,0.,1.));
#5032=DIRECTION('',(0.,0.,1.));
#5033=DIRECTION('',(1.46081976924363E-16,1.,0.));
#5034=DIRECTION('',(0.,0.,-1.));
#5035=DIRECTION('',(-1.46081976924363E-16,-1.,0.));
#5036=DIRECTION('',(0.,0.,1.));
#5037=DIRECTION('',(-1.,1.46081976924363E-16,0.));
#5038=DIRECTION('',(-1.46081976924363E-16,-1.,0.));
#5039=DIRECTION('',(0.,0.,1.));
#5040=DIRECTION('',(1.46081976924363E-16,1.,0.));
#5041=DIRECTION('',(0.,0.,-1.));
#5042=DIRECTION('',(-1.46081976924363E-16,-1.,0.));
#5043=DIRECTION('',(0.,0.,1.));
#5044=DIRECTION('',(-1.,1.46081976924363E-16,0.));
#5045=DIRECTION('',(-1.46081976924363E-16,-1.,0.));
#5046=DIRECTION('',(1.46081976924363E-16,1.,0.));
#5047=DIRECTION('',(0.,0.,-1.));
#5048=DIRECTION('',(-1.46081976924363E-16,-1.,0.));
#5049=DIRECTION('',(0.,0.,1.));
#5050=DIRECTION('',(-1.46081976924363E-16,-1.,0.));
#5051=DIRECTION('',(0.,0.,-1.));
#5052=DIRECTION('',(-1.46081976924363E-16,-1.,0.));
#5053=DIRECTION('',(0.,0.,1.));
#5054=DIRECTION('',(1.46081976924363E-16,1.,0.));
#5055=DIRECTION('',(0.,0.,-1.));
#5056=DIRECTION('',(1.46081976924363E-16,1.,0.));
#5057=DIRECTION('',(0.,0.,1.));
#5058=DIRECTION('',(0.,0.,1.));
#5059=DIRECTION('',(1.,0.,0.));
#5060=DIRECTION('',(0.,1.,0.));
#5061=DIRECTION('',(0.,-1.,0.));
#5062=DIRECTION('',(1.,0.,0.));
#5063=DIRECTION('',(0.,-1.,0.));
#5064=DIRECTION('',(0.,1.,0.));
#5065=DIRECTION('',(1.,0.,0.));
#5066=DIRECTION('',(0.,0.,1.));
#5067=DIRECTION('',(1.,0.,0.));
#5068=DIRECTION('',(-1.46081976924363E-16,-1.,0.));
#5069=DIRECTION('',(0.,0.,1.));
#5070=DIRECTION('',(1.,0.,0.));
#5071=DIRECTION('',(1.,0.,0.));
#5072=DIRECTION('',(0.,0.,1.));
#5073=DIRECTION('',(1.,0.,0.));
#5074=DIRECTION('',(0.,0.,1.));
#5075=DIRECTION('',(1.,0.,0.));
#5076=DIRECTION('',(1.,0.,0.));
#5077=DIRECTION('',(1.,0.,0.));
#5078=DIRECTION('',(0.,0.,-1.));
#5079=DIRECTION('',(0.,-1.,0.));
#5080=DIRECTION('',(0.,0.,-1.));
#5081=DIRECTION('',(0.,0.,-1.));
#5082=DIRECTION('',(0.,-1.,0.));
#5083=DIRECTION('',(0.,0.,-1.));
#5084=DIRECTION('',(0.,0.,-1.));
#5085=DIRECTION('',(-1.,0.,0.));
#5086=DIRECTION('',(0.,0.,1.));
#5087=DIRECTION('',(1.,0.,0.));
#5088=DIRECTION('',(0.,0.,-1.));
#5089=DIRECTION('',(0.,1.,0.));
#5090=DIRECTION('',(0.,0.,1.));
#5091=DIRECTION('',(0.,0.,-1.));
#5092=DIRECTION('',(1.,0.,0.));
#5093=DIRECTION('',(0.,0.,-1.));
#5094=DIRECTION('',(0.,0.,-1.));
#5095=DIRECTION('',(-1.,0.,0.));
#5096=DIRECTION('',(0.,0.,-1.));
#5097=DIRECTION('',(-1.,0.,0.));
#5098=DIRECTION('',(0.,0.,1.));
#5099=DIRECTION('',(1.,0.,0.));
#5100=DIRECTION('',(0.,0.,-1.));
#5101=DIRECTION('',(1.,-1.46081976924363E-16,0.));
#5102=DIRECTION('',(1.46081976924363E-16,1.,0.));
#5103=DIRECTION('',(-1.46081976924363E-16,-1.,0.));
#5104=DIRECTION('',(0.,0.,-1.));
#5105=DIRECTION('',(0.,0.,-1.));
#5106=DIRECTION('',(-1.,0.,0.));
#5107=DIRECTION('',(0.,0.,1.));
#5108=DIRECTION('',(1.,0.,0.));
#5109=DIRECTION('',(0.,0.,-1.));
#5110=DIRECTION('',(0.,1.,0.));
#5111=DIRECTION('',(0.,0.,1.));
#5112=DIRECTION('',(1.,0.,0.));
#5113=DIRECTION('',(0.,0.,-1.));
#5114=DIRECTION('',(0.,0.,-1.));
#5115=DIRECTION('',(-1.,0.,0.));
#5116=DIRECTION('',(0.,0.,1.));
#5117=DIRECTION('',(1.,0.,0.));
#5118=DIRECTION('',(0.,0.,1.));
#5119=DIRECTION('',(1.,0.,0.));
#5120=DIRECTION('',(0.,1.,0.));
#5121=DIRECTION('',(0.,0.,1.));
#5122=DIRECTION('',(0.,0.,-1.));
#5123=DIRECTION('',(1.,0.,0.));
#5124=DIRECTION('',(0.,0.,-1.));
#5125=DIRECTION('',(1.,0.,0.));
#5126=DIRECTION('',(0.,0.,-1.));
#5127=DIRECTION('',(1.,0.,0.));
#5128=DIRECTION('',(0.,0.,-1.));
#5129=DIRECTION('',(0.,-1.,0.));
#5130=DIRECTION('',(0.,0.,-1.));
#5131=DIRECTION('',(0.,0.,-1.));
#5132=DIRECTION('',(0.,-1.,0.));
#5133=DIRECTION('',(0.,1.,0.));
#5134=DIRECTION('',(0.,0.,1.));
#5135=DIRECTION('',(0.,0.,-1.));
#5136=DIRECTION('',(1.,0.,0.));
#5137=DIRECTION('',(0.,0.,-1.));
#5138=DIRECTION('',(-1.,0.,0.));
#5139=DIRECTION('',(0.,0.,1.));
#5140=DIRECTION('',(1.,0.,0.));
#5141=DIRECTION('',(0.,0.,1.));
#5142=DIRECTION('',(1.,0.,0.));
#5143=DIRECTION('',(1.,0.,0.));
#5144=DIRECTION('',(0.,0.,-1.));
#5145=DIRECTION('',(0.,0.,-1.));
#5146=DIRECTION('',(0.,1.,0.));
#5147=DIRECTION('',(0.,-1.,0.));
#5148=DIRECTION('',(0.,0.,1.));
#5149=DIRECTION('',(1.,0.,0.));
#5150=DIRECTION('',(0.,0.,1.));
#5151=DIRECTION('',(1.,0.,0.));
#5152=DIRECTION('',(-1.,0.,0.));
#5153=DIRECTION('',(0.,0.,1.));
#5154=DIRECTION('',(0.,0.,-1.));
#5155=DIRECTION('',(0.,1.,0.));
#5156=DIRECTION('',(0.,0.,-1.));
#5157=DIRECTION('',(-1.,0.,0.));
#5158=DIRECTION('',(0.,0.,1.));
#5159=DIRECTION('',(1.,0.,0.));
#5160=DIRECTION('',(0.,0.,1.));
#5161=DIRECTION('',(1.,0.,0.));
#5162=DIRECTION('',(0.,-1.,0.));
#5163=DIRECTION('',(0.,0.,-1.));
#5164=DIRECTION('',(-1.,0.,0.));
#5165=DIRECTION('',(0.,0.,1.));
#5166=DIRECTION('',(1.,0.,0.));
#5167=DIRECTION('',(0.,0.,1.));
#5168=DIRECTION('',(1.,0.,0.));
#5169=DIRECTION('',(0.,1.,0.));
#5170=DIRECTION('',(0.,0.,1.));
#5171=DIRECTION('',(0.,0.,-1.));
#5172=DIRECTION('',(1.,0.,0.));
#5173=DIRECTION('',(0.,0.,-1.));
#5174=DIRECTION('',(-1.,0.,0.));
#5175=DIRECTION('',(0.,0.,1.));
#5176=DIRECTION('',(1.,0.,0.));
#5177=DIRECTION('',(0.,0.,1.));
#5178=DIRECTION('',(1.,0.,0.));
#5179=DIRECTION('',(-1.,0.,0.));
#5180=DIRECTION('',(0.,0.,1.));
#5181=DIRECTION('',(0.,1.,0.));
#5182=DIRECTION('',(0.,0.,1.));
#5183=DIRECTION('',(1.,0.,0.));
#5184=DIRECTION('',(0.,0.,1.));
#5185=DIRECTION('',(1.,0.,0.));
#5186=DIRECTION('',(0.,-1.,0.));
#5187=DIRECTION('',(0.,0.,-1.));
#5188=DIRECTION('',(-1.,0.,0.));
#5189=DIRECTION('',(0.,0.,-1.));
#5190=DIRECTION('',(-1.,0.,0.));
#5191=DIRECTION('',(0.,0.,1.));
#5192=DIRECTION('',(1.,0.,0.));
#5193=DIRECTION('',(0.,0.,1.));
#5194=DIRECTION('',(1.,0.,0.));
#5195=DIRECTION('',(0.,0.,1.));
#5196=DIRECTION('',(1.,0.,0.));
#5197=DIRECTION('',(0.,0.,1.));
#5198=DIRECTION('',(1.,0.,0.));
#5199=DIRECTION('',(1.,0.,0.));
#5200=DIRECTION('',(0.,0.,-1.));
#5201=DIRECTION('',(0.,1.,0.));
#5202=DIRECTION('',(0.,0.,-1.));
#5203=DIRECTION('',(-1.,0.,0.));
#5204=DIRECTION('',(0.,1.,0.));
#5205=DIRECTION('',(1.,0.,0.));
#5206=DIRECTION('',(0.,0.,-1.));
#5207=DIRECTION('',(-1.18196334337953E-16,-0.809109630267065,-0.587657728792103));
#5208=DIRECTION('',(0.,0.587657728792103,-0.809109630267066));
#5209=DIRECTION('',(-1.,1.46081976924363E-16,0.));
#5210=DIRECTION('',(-8.58462027768314E-17,-0.587657728792103,0.809109630267066));
#5211=DIRECTION('',(-1.,1.46081976924363E-16,0.));
#5212=DIRECTION('',(0.,0.,-1.));
#5213=DIRECTION('',(-1.,0.,0.));
#5214=DIRECTION('',(-1.,1.46081976924363E-16,0.));
#5215=DIRECTION('',(-1.46081976924363E-16,-1.,0.));
#5216=DIRECTION('',(1.11742997611274E-16,0.764933498053159,0.644109263678266));
#5217=DIRECTION('',(0.,-0.644109263678266,0.764933498053159));
#5218=DIRECTION('',(-1.,1.46081976924363E-16,0.));
#5219=DIRECTION('',(9.40927545934166E-17,0.644109263678266,-0.764933498053159));
#5220=DIRECTION('',(1.12480104226605E-16,0.769979340331927,-0.638068817183547));
#5221=DIRECTION('',(0.,0.638068817183547,0.769979340331928));
#5222=DIRECTION('',(-1.,1.46081976924363E-16,0.));
#5223=DIRECTION('',(-9.32103542279623E-17,-0.638068817183547,-0.769979340331927));
#5224=DIRECTION('',(0.,0.,1.));
#5225=DIRECTION('',(1.,0.,0.));
#5226=DIRECTION('',(-1.,1.46081976924363E-16,0.));
#5227=DIRECTION('',(1.46081976924363E-16,1.,0.));
#5228=DIRECTION('',(-1.17164864995093E-16,-0.802048736345882,0.597258591002234));
#5229=DIRECTION('',(0.,-0.597258591002234,-0.802048736345882));
#5230=DIRECTION('',(-1.,1.46081976924363E-16,0.));
#5231=DIRECTION('',(8.72487157086658E-17,0.597258591002234,0.802048736345882));
#5232=DIRECTION('',(1.46081976924363E-16,1.,0.));
#5233=DIRECTION('',(-1.,1.46081976924363E-16,0.));
#5234=DIRECTION('',(-1.,1.46081976924363E-16,0.));
#5235=DIRECTION('',(0.,0.,-1.));
#5236=DIRECTION('',(0.,0.,1.));
#5237=DIRECTION('',(1.,0.,0.));
#5238=DIRECTION('',(-1.,1.46081976924363E-16,0.));
#5239=DIRECTION('',(1.46081976924363E-16,1.,0.));
#5240=DIRECTION('',(-1.46081976924363E-16,-1.,0.));
#5241=DIRECTION('',(1.,-1.46081976924363E-16,0.));
#5242=DIRECTION('',(-1.,1.46081976924363E-16,0.));
#5243=DIRECTION('',(0.,0.,1.));
#5244=DIRECTION('',(0.,0.,-1.));
#5245=DIRECTION('',(-1.,0.,0.));
#5246=DIRECTION('',(-1.,1.46081976924363E-16,0.));
#5247=DIRECTION('',(-1.46081976924363E-16,-1.,0.));
#5248=DIRECTION('',(1.46081976924363E-16,1.,0.));
#5249=DIRECTION('',(-1.,1.46081976924363E-16,0.));
#5250=DIRECTION('',(0.,0.,-1.));
#5251=DIRECTION('',(1.,-1.46081976924363E-16,0.));
#5252=DIRECTION('',(1.46081976924363E-16,1.,0.));
#5253=DIRECTION('',(-1.,1.46081976924363E-16,0.));
#5254=DIRECTION('',(-1.,1.46081976924363E-16,0.));
#5255=DIRECTION('',(-1.,1.46081976924363E-16,0.));
#5256=DIRECTION('',(-1.,1.46081976924363E-16,0.));
#5257=DIRECTION('',(0.,-0.709904983631099,-0.704297461457678));
#5258=DIRECTION('',(-1.,1.46081976924363E-16,0.));
#5259=DIRECTION('',(-1.,1.46081976924363E-16,0.));
#5260=DIRECTION('',(-1.46081976924363E-16,-1.,0.));
#5261=DIRECTION('',(-1.,1.46081976924363E-16,0.));
#5262=DIRECTION('',(-1.,1.46081976924363E-16,0.));
#5263=DIRECTION('',(-1.,1.46081976924363E-16,0.));
#5264=DIRECTION('',(0.,0.,1.));
#5265=DIRECTION('',(1.,0.,0.));
#5266=DIRECTION('',(-1.,1.46081976924363E-16,0.));
#5267=DIRECTION('',(1.46081976924363E-16,1.,0.));
#5268=DIRECTION('',(-1.,1.46081976924363E-16,0.));
#5269=DIRECTION('',(-1.,1.46081976924363E-16,0.));
#5270=DIRECTION('',(-1.,1.46081976924363E-16,0.));
#5271=DIRECTION('',(-1.,1.46081976924363E-16,0.));
#5272=DIRECTION('',(-1.,1.46081976924363E-16,0.));
#5273=DIRECTION('',(-1.,1.46081976924363E-16,0.));
#5274=DIRECTION('',(0.,0.,-1.));
#5275=DIRECTION('',(-1.,0.,0.));
#5276=DIRECTION('',(-1.,1.46081976924363E-16,0.));
#5277=DIRECTION('',(-1.46081976924363E-16,-1.,0.));
#5278=DIRECTION('',(-1.,1.46081976924363E-16,0.));
#5279=DIRECTION('',(-1.,1.46081976924363E-16,0.));
#5280=DIRECTION('',(-1.,1.46081976924363E-16,0.));
#5281=DIRECTION('',(-1.,1.46081976924363E-16,0.));
#5282=DIRECTION('',(0.,-0.709904983631099,0.704297461457677));
#5283=DIRECTION('',(-1.,1.46081976924363E-16,0.));
#5284=DIRECTION('',(-1.46081976924363E-16,-1.,0.));
#5285=DIRECTION('',(1.,-1.46081976924363E-16,0.));
#5286=DIRECTION('',(1.46081976924363E-16,1.,0.));
#5287=DIRECTION('',(-1.,1.46081976924363E-16,0.));
#5288=DIRECTION('',(-1.,1.46081976924363E-16,0.));
#5289=DIRECTION('',(0.,0.,1.));
#5290=DIRECTION('',(1.,0.,0.));
#5291=DIRECTION('',(1.46081976924363E-16,1.,0.));
#5292=DIRECTION('',(-1.,1.46081976924363E-16,0.));
#5293=DIRECTION('',(1.46081976924363E-16,1.,0.));
#5294=DIRECTION('',(-1.,1.46081976924363E-16,0.));
#5295=DIRECTION('',(-1.,1.46081976924363E-16,0.));
#5296=DIRECTION('',(-1.,1.46081976924363E-16,0.));
#5297=DIRECTION('',(0.,0.998293704660623,-0.0583924587165858));
#5298=DIRECTION('',(-1.,1.46081976924363E-16,0.));
#5299=DIRECTION('',(-1.,1.46081976924363E-16,0.));
#5300=DIRECTION('',(-1.46081976924363E-16,-1.,0.));
#5301=DIRECTION('',(-1.,1.46081976924363E-16,0.));
#5302=DIRECTION('',(-1.,1.46081976924363E-16,0.));
#5303=DIRECTION('',(-1.,1.46081976924363E-16,0.));
#5304=DIRECTION('',(0.,0.701105715619517,0.713057343784948));
#5305=DIRECTION('',(-1.,1.46081976924363E-16,0.));
#5306=DIRECTION('',(-1.,1.46081976924363E-16,0.));
#5307=DIRECTION('',(-1.46081976924363E-16,-1.,0.));
#5308=DIRECTION('',(-1.,1.46081976924363E-16,0.));
#5309=DIRECTION('',(-1.,1.46081976924363E-16,0.));
#5310=DIRECTION('',(-1.,1.46081976924363E-16,0.));
#5311=DIRECTION('',(0.,-0.708195730942651,0.706016151851078));
#5312=DIRECTION('',(-1.,1.46081976924363E-16,0.));
#5313=DIRECTION('',(-1.,1.46081976924363E-16,0.));
#5314=DIRECTION('',(-1.46081976924363E-16,-1.,0.));
#5315=DIRECTION('',(-1.,1.46081976924363E-16,0.));
#5316=DIRECTION('',(-1.,1.46081976924363E-16,0.));
#5317=DIRECTION('',(-1.,1.46081976924363E-16,0.));
#5318=DIRECTION('',(0.,-0.70643198324154,-0.707780935779868));
#5319=DIRECTION('',(-1.,1.46081976924363E-16,0.));
#5320=DIRECTION('',(-1.,1.46081976924363E-16,0.));
#5321=DIRECTION('',(-1.46081976924363E-16,-1.,0.));
#5322=DIRECTION('',(-1.,1.46081976924363E-16,0.));
#5323=DIRECTION('',(-1.,1.46081976924363E-16,0.));
#5324=DIRECTION('',(-1.,1.46081976924363E-16,0.));
#5325=DIRECTION('',(0.,0.603820391373252,-0.797120401797528));
#5326=DIRECTION('',(-1.,1.46081976924363E-16,0.));
#5327=DIRECTION('',(-1.,1.46081976924363E-16,0.));
#5328=DIRECTION('',(-1.46081976924363E-16,-1.,0.));
#5329=DIRECTION('',(-1.,1.46081976924363E-16,0.));
#5330=DIRECTION('',(0.,0.890715321425767,-0.454561564782366));
#5331=DIRECTION('',(-1.,1.46081976924363E-16,0.));
#5332=DIRECTION('',(-1.,1.46081976924363E-16,0.));
#5333=DIRECTION('',(-1.46081976924363E-16,-1.,0.));
#5334=DIRECTION('',(0.,0.,1.));
#5335=DIRECTION('',(1.,0.,0.));
#5336=DIRECTION('',(-1.,1.46081976924363E-16,0.));
#5337=DIRECTION('',(1.46081976924363E-16,1.,0.));
#5338=DIRECTION('',(-1.,1.46081976924363E-16,0.));
#5339=DIRECTION('',(-1.,1.46081976924363E-16,0.));
#5340=DIRECTION('',(-1.,1.46081976924363E-16,0.));
#5341=DIRECTION('',(0.,0.,-1.));
#5342=DIRECTION('',(-1.,0.,0.));
#5343=DIRECTION('',(-1.46081976924363E-16,-1.,0.));
#5344=DIRECTION('',(1.,-1.46081976924363E-16,0.));
#5345=DIRECTION('',(1.46081976924363E-16,1.,0.));
#5346=DIRECTION('',(-1.,1.46081976924363E-16,0.));
#5347=DIRECTION('',(-1.,1.46081976924363E-16,0.));
#5348=DIRECTION('',(0.,0.,1.));
#5349=DIRECTION('',(1.,0.,0.));
#5350=DIRECTION('',(1.46081976924363E-16,1.,0.));
#5351=DIRECTION('',(-1.,1.46081976924363E-16,0.));
#5352=DIRECTION('',(1.46081976924363E-16,1.,0.));
#5353=DIRECTION('',(1.46081976924363E-16,1.,0.));
#5354=DIRECTION('',(-1.,1.46081976924363E-16,0.));
#5355=DIRECTION('',(0.,0.,-1.));
#5356=DIRECTION('',(-1.,1.46081976924363E-16,0.));
#5357=DIRECTION('',(0.,0.,-1.));
#5358=DIRECTION('',(0.,0.,-1.));
#5359=DIRECTION('',(-1.,0.,0.));
#5360=DIRECTION('',(-1.46081976924363E-16,-1.,0.));
#5361=DIRECTION('',(-1.,1.46081976924363E-16,0.));
#5362=DIRECTION('',(-1.46081976924363E-16,-1.,0.));
#5363=DIRECTION('',(-1.,1.46081976924363E-16,0.));
#5364=DIRECTION('',(-1.,1.46081976924363E-16,0.));
#5365=DIRECTION('',(-1.,1.46081976924363E-16,0.));
#5366=DIRECTION('',(-1.,1.46081976924363E-16,0.));
#5367=DIRECTION('',(0.,0.,1.));
#5368=DIRECTION('',(1.,0.,0.));
#5369=DIRECTION('',(-1.,1.46081976924363E-16,0.));
#5370=DIRECTION('',(1.46081976924363E-16,1.,0.));
#5371=DIRECTION('',(-1.46081976924363E-16,-1.,0.));
#5372=DIRECTION('',(1.,-1.46081976924363E-16,0.));
#5373=DIRECTION('',(-1.,1.46081976924363E-16,0.));
#5374=DIRECTION('',(0.,0.,1.));
#5375=DIRECTION('',(0.,0.,-1.));
#5376=DIRECTION('',(-1.,0.,0.));
#5377=DIRECTION('',(-1.,1.46081976924363E-16,0.));
#5378=DIRECTION('',(-1.46081976924363E-16,-1.,0.));
#5379=DIRECTION('',(-1.,1.46081976924363E-16,0.));
#5380=DIRECTION('',(-1.,1.46081976924363E-16,0.));
#5381=DIRECTION('',(-1.,1.46081976924363E-16,0.));
#5382=DIRECTION('',(-1.,1.46081976924363E-16,0.));
#5383=DIRECTION('',(1.,-1.46081976924363E-16,0.));
#5384=DIRECTION('',(1.46081976924363E-16,1.,0.));
#5385=DIRECTION('',(-1.,1.46081976924363E-16,0.));
#5386=DIRECTION('',(-1.,1.46081976924363E-16,0.));
#5387=DIRECTION('',(-1.,1.46081976924363E-16,0.));
#5388=DIRECTION('',(-1.,1.46081976924363E-16,0.));
#5389=DIRECTION('',(0.,0.393431029632613,-0.919354134663146));
#5390=DIRECTION('',(-1.,1.46081976924363E-16,0.));
#5391=DIRECTION('',(-1.46081976924363E-16,-1.,0.));
#5392=DIRECTION('',(-1.,1.46081976924363E-16,0.));
#5393=DIRECTION('',(-1.,1.46081976924363E-16,0.));
#5394=DIRECTION('',(-1.46081976924363E-16,-1.,0.));
#5395=DIRECTION('',(-1.,1.46081976924363E-16,0.));
#5396=DIRECTION('',(0.,-0.396759586399603,-0.917922562420173));
#5397=DIRECTION('',(-1.,1.46081976924363E-16,0.));
#5398=DIRECTION('',(-1.46081976924363E-16,-1.,0.));
#5399=DIRECTION('',(-1.,1.46081976924363E-16,0.));
#5400=DIRECTION('',(-1.,1.46081976924363E-16,0.));
#5401=DIRECTION('',(-1.46081976924363E-16,-1.,0.));
#5402=DIRECTION('',(-1.,1.46081976924363E-16,0.));
#5403=DIRECTION('',(-1.,1.46081976924363E-16,0.));
#5404=DIRECTION('',(-1.,1.46081976924363E-16,0.));
#5405=DIRECTION('',(0.,-0.388691309272727,0.921368040522273));
#5406=DIRECTION('',(-1.,1.46081976924363E-16,0.));
#5407=DIRECTION('',(-1.46081976924363E-16,-1.,0.));
#5408=DIRECTION('',(-1.,1.46081976924363E-16,0.));
#5409=DIRECTION('',(-1.,1.46081976924363E-16,0.));
#5410=DIRECTION('',(-1.46081976924363E-16,-1.,0.));
#5411=DIRECTION('',(-1.,1.46081976924363E-16,0.));
#5412=DIRECTION('',(-1.,1.46081976924363E-16,0.));
#5413=DIRECTION('',(-1.,1.46081976924363E-16,0.));
#5414=DIRECTION('',(-1.,1.46081976924363E-16,0.));
#5415=DIRECTION('',(-1.,1.46081976924363E-16,0.));
#5416=DIRECTION('',(-1.,1.46081976924363E-16,0.));
#5417=DIRECTION('',(-1.,1.46081976924363E-16,0.));
#5418=DIRECTION('',(-1.46081976924363E-16,-1.,0.));
#5419=DIRECTION('',(1.,-1.46081976924363E-16,0.));
#5420=DIRECTION('',(-1.,1.46081976924363E-16,0.));
#5421=DIRECTION('',(0.,0.,1.));
#5422=DIRECTION('',(0.,0.,-1.));
#5423=DIRECTION('',(-1.,0.,0.));
#5424=DIRECTION('',(-1.,1.46081976924363E-16,0.));
#5425=DIRECTION('',(-1.46081976924363E-16,-1.,0.));
#5426=DIRECTION('',(1.46081976924363E-16,1.,0.));
#5427=DIRECTION('',(-1.,1.46081976924363E-16,0.));
#5428=DIRECTION('',(-1.,1.46081976924363E-16,0.));
#5429=DIRECTION('',(0.,0.,-1.));
#5430=DIRECTION('',(0.,0.,1.));
#5431=DIRECTION('',(1.,0.,0.));
#5432=DIRECTION('',(-1.,1.46081976924363E-16,0.));
#5433=DIRECTION('',(1.46081976924363E-16,1.,0.));
#5434=DIRECTION('',(-1.46081976924363E-16,-1.,0.));
#5435=DIRECTION('',(1.,-1.46081976924363E-16,0.));
#5436=DIRECTION('',(-1.,1.46081976924363E-16,0.));
#5437=DIRECTION('',(0.,0.,1.));
#5438=DIRECTION('',(-1.,1.46081976924363E-16,0.));
#5439=DIRECTION('',(-1.,1.46081976924363E-16,0.));
#5440=DIRECTION('',(-1.,1.46081976924363E-16,0.));
#5441=DIRECTION('',(-1.,1.46081976924363E-16,0.));
#5442=DIRECTION('',(0.,0.393431029632309,0.919354134663276));
#5443=DIRECTION('',(-1.,1.46081976924363E-16,0.));
#5444=DIRECTION('',(-1.46081976924363E-16,-1.,0.));
#5445=DIRECTION('',(-1.,1.46081976924363E-16,0.));
#5446=DIRECTION('',(-1.46081976924363E-16,-1.,0.));
#5447=DIRECTION('',(1.,-1.46081976924363E-16,0.));
#5448=DIRECTION('',(1.46081976924363E-16,1.,0.));
#5449=DIRECTION('',(-1.,1.46081976924363E-16,0.));
#5450=DIRECTION('',(-1.,1.46081976924363E-16,0.));
#5451=DIRECTION('',(-1.,1.46081976924363E-16,0.));
#5452=DIRECTION('',(-1.,1.46081976924363E-16,0.));
#5453=DIRECTION('',(0.,0.393431029632204,-0.919354134663321));
#5454=DIRECTION('',(-1.,1.46081976924363E-16,0.));
#5455=DIRECTION('',(-1.46081976924363E-16,-1.,0.));
#5456=DIRECTION('',(-1.,1.46081976924363E-16,0.));
#5457=DIRECTION('',(-1.,1.46081976924363E-16,0.));
#5458=DIRECTION('',(-1.46081976924363E-16,-1.,0.));
#5459=DIRECTION('',(-1.,1.46081976924363E-16,0.));
#5460=DIRECTION('',(0.,-0.396759586399605,-0.917922562420172));
#5461=DIRECTION('',(-1.,1.46081976924363E-16,0.));
#5462=DIRECTION('',(-1.46081976924363E-16,-1.,0.));
#5463=DIRECTION('',(-1.,1.46081976924363E-16,0.));
#5464=DIRECTION('',(-1.,1.46081976924363E-16,0.));
#5465=DIRECTION('',(-1.46081976924363E-16,-1.,0.));
#5466=DIRECTION('',(-1.,1.46081976924363E-16,0.));
#5467=DIRECTION('',(-1.,1.46081976924363E-16,0.));
#5468=DIRECTION('',(-1.,1.46081976924363E-16,0.));
#5469=DIRECTION('',(0.,-0.388691309272939,0.921368040522184));
#5470=DIRECTION('',(-1.,1.46081976924363E-16,0.));
#5471=DIRECTION('',(-1.46081976924363E-16,-1.,0.));
#5472=DIRECTION('',(-1.,1.46081976924363E-16,0.));
#5473=DIRECTION('',(-1.,1.46081976924363E-16,0.));
#5474=DIRECTION('',(-1.46081976924363E-16,-1.,0.));
#5475=DIRECTION('',(-1.,1.46081976924363E-16,0.));
#5476=DIRECTION('',(-1.,1.46081976924363E-16,0.));
#5477=DIRECTION('',(-1.,1.46081976924363E-16,0.));
#5478=DIRECTION('',(-1.,1.46081976924363E-16,0.));
#5479=DIRECTION('',(-1.,1.46081976924363E-16,0.));
#5480=DIRECTION('',(0.,-0.276257328792866,-0.961083705141353));
#5481=DIRECTION('',(-1.,1.46081976924363E-16,0.));
#5482=DIRECTION('',(-1.,1.46081976924363E-16,0.));
#5483=DIRECTION('',(-1.46081976924363E-16,-1.,0.));
#5484=DIRECTION('',(-1.,1.46081976924363E-16,0.));
#5485=DIRECTION('',(-1.,1.46081976924363E-16,0.));
#5486=DIRECTION('',(-1.46081976924363E-16,-1.,0.));
#5487=DIRECTION('',(1.,-1.46081976924363E-16,0.));
#5488=DIRECTION('',(-1.,1.46081976924363E-16,0.));
#5489=DIRECTION('',(0.,0.,1.));
#5490=DIRECTION('',(0.,0.,-1.));
#5491=DIRECTION('',(-1.,0.,0.));
#5492=DIRECTION('',(-1.,1.46081976924363E-16,0.));
#5493=DIRECTION('',(-1.46081976924363E-16,-1.,0.));
#5494=DIRECTION('',(1.46081976924363E-16,1.,0.));
#5495=DIRECTION('',(-1.,1.46081976924363E-16,0.));
#5496=DIRECTION('',(-1.,1.46081976924363E-16,0.));
#5497=DIRECTION('',(0.,0.,-1.));
#5498=DIRECTION('',(0.,0.,1.));
#5499=DIRECTION('',(1.,0.,0.));
#5500=DIRECTION('',(-1.,1.46081976924363E-16,0.));
#5501=DIRECTION('',(1.46081976924363E-16,1.,0.));
#5502=DIRECTION('',(-1.46081976924363E-16,-1.,0.));
#5503=DIRECTION('',(1.,-1.46081976924363E-16,0.));
#5504=DIRECTION('',(-1.,1.46081976924363E-16,0.));
#5505=DIRECTION('',(0.,0.,1.));
#5506=DIRECTION('',(-1.,1.46081976924363E-16,0.));
#5507=DIRECTION('',(-1.,1.46081976924363E-16,0.));
#5508=DIRECTION('',(-1.,1.46081976924363E-16,0.));
#5509=DIRECTION('',(-1.,1.46081976924363E-16,0.));
#5510=DIRECTION('',(0.,0.393431029632607,0.919354134663149));
#5511=DIRECTION('',(-1.,1.46081976924363E-16,0.));
#5512=DIRECTION('',(-1.46081976924363E-16,-1.,0.));
#5513=DIRECTION('',(-1.,1.46081976924363E-16,0.));
#5514=DIRECTION('',(-1.46081976924363E-16,-1.,0.));
#5515=DIRECTION('',(1.,-1.46081976924363E-16,0.));
#5516=DIRECTION('',(1.46081976924363E-16,1.,0.));
#5517=DIRECTION('',(-1.,1.46081976924363E-16,0.));
#5518=DIRECTION('',(-1.,1.46081976924363E-16,0.));
#5519=DIRECTION('',(0.,0.,1.));
#5520=DIRECTION('',(1.,0.,0.));
#5521=DIRECTION('',(1.46081976924363E-16,1.,0.));
#5522=DIRECTION('',(-1.,1.46081976924363E-16,0.));
#5523=DIRECTION('',(1.46081976924363E-16,1.,0.));
#5524=DIRECTION('',(1.46081976924363E-16,1.,0.));
#5525=DIRECTION('',(-1.,1.46081976924363E-16,0.));
#5526=DIRECTION('',(0.,0.,-1.));
#5527=DIRECTION('',(-1.,1.46081976924363E-16,0.));
#5528=DIRECTION('',(0.,0.,-1.));
#5529=DIRECTION('',(0.,0.,-1.));
#5530=DIRECTION('',(-1.,0.,0.));
#5531=DIRECTION('',(-1.46081976924363E-16,-1.,0.));
#5532=DIRECTION('',(-1.,1.46081976924363E-16,0.));
#5533=DIRECTION('',(-1.46081976924363E-16,-1.,0.));
#5534=DIRECTION('',(-1.,1.46081976924363E-16,0.));
#5535=DIRECTION('',(-1.,1.46081976924363E-16,0.));
#5536=DIRECTION('',(-1.,1.46081976924363E-16,0.));
#5537=DIRECTION('',(0.,0.969146700752724,-0.246484629176162));
#5538=DIRECTION('',(-1.,1.46081976924363E-16,0.));
#5539=DIRECTION('',(-1.,1.46081976924363E-16,0.));
#5540=DIRECTION('',(-1.46081976924363E-16,-1.,0.));
#5541=DIRECTION('',(-1.,1.46081976924363E-16,0.));
#5542=DIRECTION('',(-1.,1.46081976924363E-16,0.));
#5543=DIRECTION('',(-1.,1.46081976924363E-16,0.));
#5544=DIRECTION('',(-1.,1.46081976924363E-16,0.));
#5545=DIRECTION('',(0.,0.,1.));
#5546=DIRECTION('',(1.,0.,0.));
#5547=DIRECTION('',(-1.,1.46081976924363E-16,0.));
#5548=DIRECTION('',(1.46081976924363E-16,1.,0.));
#5549=DIRECTION('',(-1.46081976924363E-16,-1.,0.));
#5550=DIRECTION('',(1.,-1.46081976924363E-16,0.));
#5551=DIRECTION('',(-1.,1.46081976924363E-16,0.));
#5552=DIRECTION('',(0.,0.,1.));
#5553=DIRECTION('',(0.,0.,-1.));
#5554=DIRECTION('',(-1.,0.,0.));
#5555=DIRECTION('',(-1.,1.46081976924363E-16,0.));
#5556=DIRECTION('',(-1.46081976924363E-16,-1.,0.));
#5557=DIRECTION('',(1.46081976924363E-16,1.,0.));
#5558=DIRECTION('',(-1.,1.46081976924363E-16,0.));
#5559=DIRECTION('',(-1.,1.46081976924363E-16,0.));
#5560=DIRECTION('',(0.,0.,-1.));
#5561=DIRECTION('',(0.,0.,-1.));
#5562=DIRECTION('',(-1.,0.,0.));
#5563=DIRECTION('',(-1.,1.46081976924363E-16,0.));
#5564=DIRECTION('',(-1.46081976924363E-16,-1.,0.));
#5565=DIRECTION('',(-1.,1.46081976924363E-16,0.));
#5566=DIRECTION('',(1.,-1.46081976924363E-16,0.));
#5567=DIRECTION('',(1.46081976924363E-16,1.,0.));
#5568=DIRECTION('',(-1.18196334337953E-16,-0.809109630267066,-0.587657728792102));
#5569=DIRECTION('',(0.,0.587657728792102,-0.809109630267066));
#5570=DIRECTION('',(-1.,1.46081976924363E-16,0.));
#5571=DIRECTION('',(-8.58462027768312E-17,-0.587657728792102,0.809109630267066));
#5572=DIRECTION('',(-1.,1.46081976924363E-16,0.));
#5573=DIRECTION('',(0.,0.,-1.));
#5574=DIRECTION('',(-1.,0.,0.));
#5575=DIRECTION('',(-1.,1.46081976924363E-16,0.));
#5576=DIRECTION('',(-1.46081976924363E-16,-1.,0.));
#5577=DIRECTION('',(1.11742997611274E-16,0.76493349805316,0.644109263678265));
#5578=DIRECTION('',(0.,-0.644109263678265,0.76493349805316));
#5579=DIRECTION('',(-1.,1.46081976924363E-16,0.));
#5580=DIRECTION('',(9.40927545934165E-17,0.644109263678265,-0.76493349805316));
#5581=DIRECTION('',(1.12480104226605E-16,0.769979340331928,-0.638068817183546));
#5582=DIRECTION('',(0.,0.638068817183546,0.769979340331928));
#5583=DIRECTION('',(-1.,1.46081976924363E-16,0.));
#5584=DIRECTION('',(-9.32103542279621E-17,-0.638068817183546,-0.769979340331928));
#5585=DIRECTION('',(0.,0.,1.));
#5586=DIRECTION('',(1.,0.,0.));
#5587=DIRECTION('',(-1.,1.46081976924363E-16,0.));
#5588=DIRECTION('',(1.46081976924363E-16,1.,0.));
#5589=DIRECTION('',(-1.17164864995094E-16,-0.802048736345883,0.597258591002233));
#5590=DIRECTION('',(0.,-0.597258591002233,-0.802048736345883));
#5591=DIRECTION('',(-1.,1.46081976924363E-16,0.));
#5592=DIRECTION('',(8.72487157086656E-17,0.597258591002233,0.802048736345883));
#5593=DIRECTION('',(1.46081976924363E-16,1.,0.));
#5594=DIRECTION('',(-1.,1.46081976924363E-16,0.));
#5595=DIRECTION('',(-1.,1.46081976924363E-16,0.));
#5596=DIRECTION('',(0.,0.,-1.));
#5597=DIRECTION('',(0.,0.,1.));
#5598=DIRECTION('',(1.,0.,0.));
#5599=DIRECTION('',(-1.,1.46081976924363E-16,0.));
#5600=DIRECTION('',(1.46081976924363E-16,1.,0.));
#5601=DIRECTION('',(-1.46081976924363E-16,-1.,0.));
#5602=DIRECTION('',(1.,-1.46081976924363E-16,0.));
#5603=DIRECTION('',(-1.,1.46081976924363E-16,0.));
#5604=DIRECTION('',(0.,0.,1.));
#5605=DIRECTION('',(0.,0.,-1.));
#5606=DIRECTION('',(-1.,0.,0.));
#5607=DIRECTION('',(-1.,1.46081976924363E-16,0.));
#5608=DIRECTION('',(-1.46081976924363E-16,-1.,0.));
#5609=DIRECTION('',(1.46081976924363E-16,1.,0.));
#5610=DIRECTION('',(-1.,1.46081976924363E-16,0.));
#5611=DIRECTION('',(0.,0.,-1.));
#5612=DIRECTION('',(1.,-1.46081976924363E-16,0.));
#5613=DIRECTION('',(1.46081976924363E-16,1.,0.));
#5614=DIRECTION('',(-1.,1.46081976924363E-16,0.));
#5615=DIRECTION('',(-1.,1.46081976924363E-16,0.));
#5616=DIRECTION('',(-1.,1.46081976924363E-16,0.));
#5617=DIRECTION('',(-1.,1.46081976924363E-16,0.));
#5618=DIRECTION('',(0.,-0.709904983631079,-0.704297461457698));
#5619=DIRECTION('',(-1.,1.46081976924363E-16,0.));
#5620=DIRECTION('',(-1.,1.46081976924363E-16,0.));
#5621=DIRECTION('',(-1.46081976924363E-16,-1.,0.));
#5622=DIRECTION('',(-1.,1.46081976924363E-16,0.));
#5623=DIRECTION('',(-1.,1.46081976924363E-16,0.));
#5624=DIRECTION('',(-1.,1.46081976924363E-16,0.));
#5625=DIRECTION('',(0.,0.,1.));
#5626=DIRECTION('',(1.,0.,0.));
#5627=DIRECTION('',(-1.,1.46081976924363E-16,0.));
#5628=DIRECTION('',(1.46081976924363E-16,1.,0.));
#5629=DIRECTION('',(-1.,1.46081976924363E-16,0.));
#5630=DIRECTION('',(-1.,1.46081976924363E-16,0.));
#5631=DIRECTION('',(-1.,1.46081976924363E-16,0.));
#5632=DIRECTION('',(-1.,1.46081976924363E-16,0.));
#5633=DIRECTION('',(-1.,1.46081976924363E-16,0.));
#5634=DIRECTION('',(-1.,1.46081976924363E-16,0.));
#5635=DIRECTION('',(0.,0.,-1.));
#5636=DIRECTION('',(-1.,0.,0.));
#5637=DIRECTION('',(-1.,1.46081976924363E-16,0.));
#5638=DIRECTION('',(-1.46081976924363E-16,-1.,0.));
#5639=DIRECTION('',(-1.,1.46081976924363E-16,0.));
#5640=DIRECTION('',(-1.,1.46081976924363E-16,0.));
#5641=DIRECTION('',(-1.,1.46081976924363E-16,0.));
#5642=DIRECTION('',(-1.,1.46081976924363E-16,0.));
#5643=DIRECTION('',(0.,-0.709904983631144,0.704297461457632));
#5644=DIRECTION('',(-1.,1.46081976924363E-16,0.));
#5645=DIRECTION('',(-1.46081976924363E-16,-1.,0.));
#5646=DIRECTION('',(1.,-1.46081976924363E-16,0.));
#5647=DIRECTION('',(1.46081976924363E-16,1.,0.));
#5648=DIRECTION('',(-1.,1.46081976924363E-16,0.));
#5649=DIRECTION('',(-1.,1.46081976924363E-16,0.));
#5650=DIRECTION('',(-1.,1.46081976924363E-16,0.));
#5651=DIRECTION('',(-1.,1.46081976924363E-16,0.));
#5652=DIRECTION('',(0.,0.39343102963221,-0.919354134663318));
#5653=DIRECTION('',(-1.,1.46081976924363E-16,0.));
#5654=DIRECTION('',(-1.46081976924363E-16,-1.,0.));
#5655=DIRECTION('',(-1.,1.46081976924363E-16,0.));
#5656=DIRECTION('',(-1.,1.46081976924363E-16,0.));
#5657=DIRECTION('',(-1.46081976924363E-16,-1.,0.));
#5658=DIRECTION('',(-1.,1.46081976924363E-16,0.));
#5659=DIRECTION('',(0.,-0.396759586398922,-0.917922562420467));
#5660=DIRECTION('',(-1.,1.46081976924363E-16,0.));
#5661=DIRECTION('',(-1.46081976924363E-16,-1.,0.));
#5662=DIRECTION('',(-1.,1.46081976924363E-16,0.));
#5663=DIRECTION('',(-1.,1.46081976924363E-16,0.));
#5664=DIRECTION('',(-1.46081976924363E-16,-1.,0.));
#5665=DIRECTION('',(-1.,1.46081976924363E-16,0.));
#5666=DIRECTION('',(-1.,1.46081976924363E-16,0.));
#5667=DIRECTION('',(-1.,1.46081976924363E-16,0.));
#5668=DIRECTION('',(0.,-0.388691309272902,0.921368040522199));
#5669=DIRECTION('',(-1.,1.46081976924363E-16,0.));
#5670=DIRECTION('',(-1.46081976924363E-16,-1.,0.));
#5671=DIRECTION('',(-1.,1.46081976924363E-16,0.));
#5672=DIRECTION('',(-1.,1.46081976924363E-16,0.));
#5673=DIRECTION('',(-1.46081976924363E-16,-1.,0.));
#5674=DIRECTION('',(-1.,1.46081976924363E-16,0.));
#5675=DIRECTION('',(-1.,1.46081976924363E-16,0.));
#5676=DIRECTION('',(-1.,1.46081976924363E-16,0.));
#5677=DIRECTION('',(-1.,1.46081976924363E-16,0.));
#5678=DIRECTION('',(-1.,1.46081976924363E-16,0.));
#5679=DIRECTION('',(0.,-0.276257328792869,-0.961083705141352));
#5680=DIRECTION('',(-1.,1.46081976924363E-16,0.));
#5681=DIRECTION('',(-1.,1.46081976924363E-16,0.));
#5682=DIRECTION('',(-1.46081976924363E-16,-1.,0.));
#5683=DIRECTION('',(-1.,1.46081976924363E-16,0.));
#5684=DIRECTION('',(-1.,1.46081976924363E-16,0.));
#5685=DIRECTION('',(-1.46081976924363E-16,-1.,0.));
#5686=DIRECTION('',(1.,-1.46081976924363E-16,0.));
#5687=DIRECTION('',(-1.,1.46081976924363E-16,0.));
#5688=DIRECTION('',(0.,0.,1.));
#5689=DIRECTION('',(0.,0.,-1.));
#5690=DIRECTION('',(-1.,0.,0.));
#5691=DIRECTION('',(-1.,1.46081976924363E-16,0.));
#5692=DIRECTION('',(-1.46081976924363E-16,-1.,0.));
#5693=DIRECTION('',(1.46081976924363E-16,1.,0.));
#5694=DIRECTION('',(-1.,1.46081976924363E-16,0.));
#5695=DIRECTION('',(-1.,1.46081976924363E-16,0.));
#5696=DIRECTION('',(0.,0.,-1.));
#5697=DIRECTION('',(0.,0.,1.));
#5698=DIRECTION('',(1.,0.,0.));
#5699=DIRECTION('',(-1.,1.46081976924363E-16,0.));
#5700=DIRECTION('',(1.46081976924363E-16,1.,0.));
#5701=DIRECTION('',(-1.46081976924363E-16,-1.,0.));
#5702=DIRECTION('',(1.,-1.46081976924363E-16,0.));
#5703=DIRECTION('',(-1.,1.46081976924363E-16,0.));
#5704=DIRECTION('',(0.,0.,1.));
#5705=DIRECTION('',(-1.,1.46081976924363E-16,0.));
#5706=DIRECTION('',(-1.,1.46081976924363E-16,0.));
#5707=DIRECTION('',(-1.,1.46081976924363E-16,0.));
#5708=DIRECTION('',(-1.,1.46081976924363E-16,0.));
#5709=DIRECTION('',(0.,0.393431029632211,0.919354134663318));
#5710=DIRECTION('',(-1.,1.46081976924363E-16,0.));
#5711=DIRECTION('',(-1.46081976924363E-16,-1.,0.));
#5712=DIRECTION('',(-1.,1.46081976924363E-16,0.));
#5713=DIRECTION('',(-1.46081976924363E-16,-1.,0.));
#5714=DIRECTION('',(1.,-1.46081976924363E-16,0.));
#5715=DIRECTION('',(1.46081976924363E-16,1.,0.));
#5716=DIRECTION('',(1.46081976924363E-16,1.,0.));
#5717=DIRECTION('',(-1.,1.46081976924363E-16,0.));
#5718=DIRECTION('',(-1.,1.46081976924363E-16,0.));
#5719=DIRECTION('',(0.,0.,-1.));
#5720=DIRECTION('',(-1.,1.46081976924363E-16,0.));
#5721=DIRECTION('',(0.,0.,1.));
#5722=DIRECTION('',(1.,0.,0.));
#5723=DIRECTION('',(-1.,1.46081976924363E-16,0.));
#5724=DIRECTION('',(1.46081976924363E-16,1.,0.));
#5725=DIRECTION('',(-1.46081976924363E-16,-1.,0.));
#5726=DIRECTION('',(1.,-1.46081976924363E-16,0.));
#5727=DIRECTION('',(-1.,1.46081976924363E-16,0.));
#5728=DIRECTION('',(0.,0.,1.));
#5729=DIRECTION('',(0.,0.,1.));
#5730=DIRECTION('',(1.,0.,0.));
#5731=DIRECTION('',(-1.,1.46081976924363E-16,0.));
#5732=DIRECTION('',(1.46081976924363E-16,1.,0.));
#5733=DIRECTION('',(1.46081976924363E-16,1.,0.));
#5734=DIRECTION('',(-1.,1.46081976924363E-16,0.));
#5735=DIRECTION('',(-1.,1.46081976924363E-16,0.));
#5736=DIRECTION('',(0.,0.,-1.));
#5737=DIRECTION('',(0.,0.,1.));
#5738=DIRECTION('',(1.,0.,0.));
#5739=DIRECTION('',(-1.,1.46081976924363E-16,0.));
#5740=DIRECTION('',(1.46081976924363E-16,1.,0.));
#5741=DIRECTION('',(-1.46081976924363E-16,-1.,0.));
#5742=DIRECTION('',(1.,-1.46081976924363E-16,0.));
#5743=DIRECTION('',(-1.,1.46081976924363E-16,0.));
#5744=DIRECTION('',(0.,0.,1.));
#5745=DIRECTION('',(0.,0.,-1.));
#5746=DIRECTION('',(-1.,0.,0.));
#5747=DIRECTION('',(-1.,1.46081976924363E-16,0.));
#5748=DIRECTION('',(-1.46081976924363E-16,-1.,0.));
#5749=DIRECTION('',(1.46081976924363E-16,1.,0.));
#5750=DIRECTION('',(-1.,1.46081976924363E-16,0.));
#5751=DIRECTION('',(-1.,1.46081976924363E-16,0.));
#5752=DIRECTION('',(0.,0.,-1.));
#5753=DIRECTION('',(0.,0.,-1.));
#5754=DIRECTION('',(-1.,0.,0.));
#5755=DIRECTION('',(-1.,1.46081976924363E-16,0.));
#5756=DIRECTION('',(-1.46081976924363E-16,-1.,0.));
#5757=DIRECTION('',(-1.46081976924363E-16,-1.,0.));
#5758=DIRECTION('',(1.,-1.46081976924363E-16,0.));
#5759=DIRECTION('',(-1.,1.46081976924363E-16,0.));
#5760=DIRECTION('',(0.,0.,1.));
#5761=DIRECTION('',(0.,0.,-1.));
#5762=DIRECTION('',(-1.,0.,0.));
#5763=DIRECTION('',(-1.46081976924363E-16,-1.,0.));
#5764=DIRECTION('',(1.,-1.46081976924363E-16,0.));
#5765=DIRECTION('',(1.46081976924363E-16,1.,0.));
#5766=DIRECTION('',(1.,-1.46081976924363E-16,0.));
#5767=DIRECTION('',(1.46081976924363E-16,1.,0.));
#5768=DIRECTION('',(1.,-1.46081976924363E-16,0.));
#5769=DIRECTION('',(1.46081976924363E-16,1.,0.));
#5770=DIRECTION('',(1.,-1.46081976924363E-16,0.));
#5771=DIRECTION('',(1.46081976924363E-16,1.,0.));
#5772=DIRECTION('',(1.,-1.46081976924363E-16,0.));
#5773=DIRECTION('',(1.46081976924363E-16,1.,0.));
#5774=DIRECTION('',(1.,-1.46081976924363E-16,0.));
#5775=DIRECTION('',(1.46081976924363E-16,1.,0.));
#5776=DIRECTION('',(1.,-1.46081976924363E-16,0.));
#5777=DIRECTION('',(1.46081976924363E-16,1.,0.));
#5778=DIRECTION('',(0.,0.,-1.));
#5779=DIRECTION('',(-1.,0.,0.));
#5780=DIRECTION('',(-1.,0.,0.));
#5781=DIRECTION('',(0.,-1.,0.));
#5782=DIRECTION('',(1.,0.,0.));
#5783=CARTESIAN_POINT('',(0.,0.,0.));
#5784=CARTESIAN_POINT('',(-0.04345,0.0477,0.0071));
#5785=CARTESIAN_POINT('',(-0.04345,0.0477,0.0071));
#5786=CARTESIAN_POINT('',(-0.0208204348764539,0.0477,0.0071));
#5787=CARTESIAN_POINT('',(0.0477,0.0477,0.0071));
#5788=CARTESIAN_POINT('',(-0.0208204348764539,0.0477,0.0071));
#5789=CARTESIAN_POINT('',(-0.0208204348764539,0.0477,0.00109845887108435));
#5790=CARTESIAN_POINT('',(-0.04345,0.0477,0.00109845887108435));
#5791=CARTESIAN_POINT('',(-0.0346338302725478,0.0477,0.00109845887108435));
#5792=CARTESIAN_POINT('',(-0.0346338302725478,0.0477,0.0071));
#5793=CARTESIAN_POINT('',(-0.0346338302725478,0.0477,0.0071));
#5794=CARTESIAN_POINT('',(-0.04345,0.0477,0.0071));
#5795=CARTESIAN_POINT('',(-0.0477,0.0477,0.0071));
#5796=CARTESIAN_POINT('',(-0.0477,0.0477,0.0071));
#5797=CARTESIAN_POINT('',(-0.0477,0.0477,-0.0015));
#5798=CARTESIAN_POINT('',(-0.04345,0.0477,-0.0015));
#5799=CARTESIAN_POINT('',(-0.0392,0.0477,-0.0015));
#5800=CARTESIAN_POINT('',(-0.0392,0.0477,-0.0015));
#5801=CARTESIAN_POINT('',(-0.0392,0.0477,-0.00392063287379481));
#5802=CARTESIAN_POINT('',(0.,0.0477,-0.00392063287379481));
#5803=CARTESIAN_POINT('',(0.0392,0.0477,-0.00392063287379481));
#5804=CARTESIAN_POINT('',(0.0392,0.0477,-0.0015));
#5805=CARTESIAN_POINT('',(0.0392,0.0477,-0.0015));
#5806=CARTESIAN_POINT('',(0.04345,0.0477,-0.0015));
#5807=CARTESIAN_POINT('',(0.0477,0.0477,-0.0015));
#5808=CARTESIAN_POINT('',(0.0477,0.0477,0.0071));
#5809=CARTESIAN_POINT('',(0.,0.,-0.0055));
#5810=CARTESIAN_POINT('',(0.0392,0.,-0.0055));
#5811=CARTESIAN_POINT('',(0.0392,0.0392,-0.0055));
#5812=CARTESIAN_POINT('',(0.0392,0.0457,-0.0055));
#5813=CARTESIAN_POINT('',(0.,0.0457,-0.0055));
#5814=CARTESIAN_POINT('',(-0.0392,0.0457,-0.0055));
#5815=CARTESIAN_POINT('',(-0.0392,0.,-0.0055));
#5816=CARTESIAN_POINT('',(-0.0392,0.0392,-0.0055));
#5817=CARTESIAN_POINT('',(0.,0.0392,-0.0055));
#5818=CARTESIAN_POINT('',(-0.0477,0.0392,-0.0055));
#5819=CARTESIAN_POINT('',(-0.0477,0.,-0.0055));
#5820=CARTESIAN_POINT('',(-0.0477,-0.0392,-0.0055));
#5821=CARTESIAN_POINT('',(0.,-0.0392,-0.0055));
#5822=CARTESIAN_POINT('',(-0.0392,-0.0392,-0.0055));
#5823=CARTESIAN_POINT('',(-0.0392,0.,-0.0055));
#5824=CARTESIAN_POINT('',(-0.0392,-0.0477,-0.0055));
#5825=CARTESIAN_POINT('',(0.,-0.0477,-0.0055));
#5826=CARTESIAN_POINT('',(0.0392,-0.0477,-0.0055));
#5827=CARTESIAN_POINT('',(0.0392,0.,-0.0055));
#5828=CARTESIAN_POINT('',(0.0392,-0.0392,-0.0055));
#5829=CARTESIAN_POINT('',(0.,-0.0392,-0.0055));
#5830=CARTESIAN_POINT('',(0.0477,-0.0392,-0.0055));
#5831=CARTESIAN_POINT('',(0.0477,0.,-0.0055));
#5832=CARTESIAN_POINT('',(0.0477,0.0392,-0.0055));
#5833=CARTESIAN_POINT('',(0.,0.0392,-0.0055));
#5834=CARTESIAN_POINT('',(0.0392,0.04345,-0.0015));
#5835=CARTESIAN_POINT('',(0.0392,0.0457,-0.00392063287379481));
#5836=CARTESIAN_POINT('',(0.0392,0.0457,-0.00392063287379481));
#5837=CARTESIAN_POINT('',(0.0392,0.0457,-0.0015));
#5838=CARTESIAN_POINT('',(0.0392,0.0392,-0.0015));
#5839=CARTESIAN_POINT('',(0.0392,0.0392,-0.0015));
#5840=CARTESIAN_POINT('',(0.0392,0.04345,-0.0015));
#5841=CARTESIAN_POINT('',(0.0525,0.,-0.0055));
#5842=CARTESIAN_POINT('',(0.0525,-0.0240344351329105,-0.00277534020073763));
#5843=CARTESIAN_POINT('',(0.0525,-0.0244051117680054,-0.00209753149656402));
#5844=CARTESIAN_POINT('',(0.0525,-0.0244051117680054,-0.00118998474602387));
#5845=CARTESIAN_POINT('',(0.0525,-0.0240344351329105,-0.00277534020073763));
#5846=CARTESIAN_POINT('',(0.0525,-0.0244051117680054,-0.00118998474602387));
#5847=CARTESIAN_POINT('',(0.0525,-0.0244051117680054,-0.00118998474602387));
#5848=CARTESIAN_POINT('',(0.0525,-0.0244051117680054,-0.000284067343330295));
#5849=CARTESIAN_POINT('',(0.0525,-0.0240344351329105,0.000393741360843315));
#5850=CARTESIAN_POINT('',(0.0525,-0.0240344351329105,0.000393741360843315));
#5851=CARTESIAN_POINT('',(0.0525,-0.0217648580600586,-0.000818424385154318));
#5852=CARTESIAN_POINT('',(0.0525,-0.0230022432721077,0.00143652398264887));
#5853=CARTESIAN_POINT('',(0.0525,-0.0230022432721077,0.00143652398264887));
#5854=CARTESIAN_POINT('',(0.0525,-0.0223407280463997,0.00180149790028082));
#5855=CARTESIAN_POINT('',(0.0525,-0.0214853204269499,0.00180149790028082));
#5856=CARTESIAN_POINT('',(0.0525,-0.0214853204269499,0.00180149790028082));
#5857=CARTESIAN_POINT('',(0.0525,-0.0214853204269499,0.00180149790028082));
#5858=CARTESIAN_POINT('',(0.0525,-0.020390398674054,0.00180149790028082));
#5859=CARTESIAN_POINT('',(0.0525,-0.0196547481213271,0.00122796745828776));
#5860=CARTESIAN_POINT('',(0.0525,-0.0196547481213271,0.00122796745828776));
#5861=CARTESIAN_POINT('',(0.0525,-0.0196547481213271,0.00122796745828776));
#5862=CARTESIAN_POINT('',(0.0525,-0.0189190975686003,0.000654437016294705));
#5863=CARTESIAN_POINT('',(0.0525,-0.0186909888700803,-0.00038834560551085));
#5864=CARTESIAN_POINT('',(0.0525,-0.0186909888700803,-0.00038834560551085));
#5865=CARTESIAN_POINT('',(0.0525,-0.0196392693167847,-0.00038834560551085));
#5866=CARTESIAN_POINT('',(0.0525,-0.0205875497634892,-0.00038834560551085));
#5867=CARTESIAN_POINT('',(0.0525,-0.0205875497634892,-0.00038834560551085));
#5868=CARTESIAN_POINT('',(0.0525,-0.0208286932447817,0.000279687011583333));
#5869=CARTESIAN_POINT('',(0.0525,-0.0215162780360348,0.000279687011583333));
#5870=CARTESIAN_POINT('',(0.0525,-0.0215162780360348,0.000279687011583333));
#5871=CARTESIAN_POINT('',(0.0525,-0.0215162780360348,0.000279687011583333));
#5872=CARTESIAN_POINT('',(0.0525,-0.0220067117378527,0.000279687011583333));
#5873=CARTESIAN_POINT('',(0.0525,-0.0222983650023889,-0.000100765710591037));
#5874=CARTESIAN_POINT('',(0.0525,-0.0222983650023889,-0.000100765710591037));
#5875=CARTESIAN_POINT('',(0.0525,-0.0222983650023889,-0.000100765710591037));
#5876=CARTESIAN_POINT('',(0.0525,-0.0225900182669251,-0.000481218432765408));
#5877=CARTESIAN_POINT('',(0.0525,-0.0225900182669251,-0.00118998474602387));
#5878=CARTESIAN_POINT('',(0.0525,-0.0225900182669251,-0.00118998474602387));
#5879=CARTESIAN_POINT('',(0.0525,-0.0225900182669251,-0.00118998474602387));
#5880=CARTESIAN_POINT('',(0.0525,-0.0225900182669251,-0.0019003804071289));
#5881=CARTESIAN_POINT('',(0.0525,-0.0222983650023889,-0.00228083312930328));
#5882=CARTESIAN_POINT('',(0.0525,-0.0222983650023889,-0.00228083312930328));
#5883=CARTESIAN_POINT('',(0.0525,-0.0222983650023889,-0.00228083312930328));
#5884=CARTESIAN_POINT('',(0.0525,-0.0220067117378527,-0.00266128585147765));
#5885=CARTESIAN_POINT('',(0.0525,-0.0215162780360348,-0.00266128585147765));
#5886=CARTESIAN_POINT('',(0.0525,-0.0215162780360348,-0.00266128585147765));
#5887=CARTESIAN_POINT('',(0.0525,-0.0215162780360348,-0.00266128585147765));
#5888=CARTESIAN_POINT('',(0.0525,-0.0208286932447817,-0.00266128585147765));
#5889=CARTESIAN_POINT('',(0.0525,-0.0205875497634892,-0.00199325323438346));
#5890=CARTESIAN_POINT('',(0.0525,-0.0205875497634892,-0.00199325323438346));
#5891=CARTESIAN_POINT('',(0.0525,-0.0196392693167847,-0.00199325323438346));
#5892=CARTESIAN_POINT('',(0.0525,-0.0186909888700803,-0.00199325323438346));
#5893=CARTESIAN_POINT('',(0.0525,-0.0186909888700803,-0.00199325323438346));
#5894=CARTESIAN_POINT('',(0.0525,-0.0189190975686003,-0.00301485433418359));
#5895=CARTESIAN_POINT('',(0.0525,-0.0196596361648669,-0.00359897553717937));
#5896=CARTESIAN_POINT('',(0.0525,-0.0196596361648669,-0.00359897553717937));
#5897=CARTESIAN_POINT('',(0.0525,-0.0196596361648669,-0.00359897553717937));
#5898=CARTESIAN_POINT('',(0.0525,-0.0204001747611335,-0.00418309674017513));
#5899=CARTESIAN_POINT('',(0.0525,-0.0214853204269499,-0.00418309674017513));
#5900=CARTESIAN_POINT('',(0.0525,-0.0214853204269499,-0.00418309674017513));
#5901=CARTESIAN_POINT('',(0.0525,-0.0214853204269499,-0.00418309674017513));
#5902=CARTESIAN_POINT('',(0.0525,-0.0223407280463997,-0.00418309674017513));
#5903=CARTESIAN_POINT('',(0.0525,-0.0230022432721077,-0.00381812282254318));
#5904=CARTESIAN_POINT('',(0.0525,-0.0230022432721077,-0.00381812282254318));
#5905=CARTESIAN_POINT('',(0.0525,-0.0217648580600553,-0.00156317445473636));
#5906=CARTESIAN_POINT('',(0.0525,-0.0130803295604124,-0.0041));
#5907=CARTESIAN_POINT('',(0.0525,-0.0119748170465139,-0.0041));
#5908=CARTESIAN_POINT('',(0.0525,-0.014185842074311,-0.0041));
#5909=CARTESIAN_POINT('',(0.0525,-0.0150722073028457,-0.00287961846291818));
#5910=CARTESIAN_POINT('',(0.0525,-0.0159585725313805,-0.00165923692583637));
#5911=CARTESIAN_POINT('',(0.0525,-0.0159585725313805,-0.00287961846291818));
#5912=CARTESIAN_POINT('',(0.0525,-0.0159585725313805,-0.0041));
#5913=CARTESIAN_POINT('',(0.0525,-0.0168498258034549,-0.0041));
#5914=CARTESIAN_POINT('',(0.0525,-0.0177410790755293,-0.0041));
#5915=CARTESIAN_POINT('',(0.0525,-0.0177410790755293,-0.000241704299319445));
#5916=CARTESIAN_POINT('',(0.0525,-0.0177410790755293,0.00361659140136111));
#5917=CARTESIAN_POINT('',(0.0525,-0.0168498258034549,0.00361659140136111));
#5918=CARTESIAN_POINT('',(0.0525,-0.0159585725313805,0.00361659140136111));
#5919=CARTESIAN_POINT('',(0.0525,-0.0159585725313805,0.00148377507019944));
#5920=CARTESIAN_POINT('',(0.0525,-0.0159585725313805,-0.00064904126096224));
#5921=CARTESIAN_POINT('',(0.0525,-0.0150770953463855,0.000534679949571723));
#5922=CARTESIAN_POINT('',(0.0525,-0.0141956181613904,0.00171840116010569));
#5923=CARTESIAN_POINT('',(0.0525,-0.0130958083649549,0.00171840116010569));
#5924=CARTESIAN_POINT('',(0.0525,-0.0119959985685193,0.00171840116010569));
#5925=CARTESIAN_POINT('',(0.0525,-0.0132057893445984,0.000258505489577908));
#5926=CARTESIAN_POINT('',(0.0525,-0.0144155801206775,-0.00120139018094987));
#5927=CARTESIAN_POINT('',(0.0525,-0.0131951985835957,-0.00265069509047494));
#5928=CARTESIAN_POINT('',(0.0525,-0.00602036534121953,0.00208418975166092));
#5929=CARTESIAN_POINT('',(0.0525,-0.00571812131568057,0.00155220767975543));
#5930=CARTESIAN_POINT('',(0.0525,-0.00571812131568057,0.000862993540655816));
#5931=CARTESIAN_POINT('',(0.0525,-0.00602036534121953,0.00208418975166092));
#5932=CARTESIAN_POINT('',(0.0525,-0.00571812131568057,0.000862993540655816));
#5933=CARTESIAN_POINT('',(0.0525,-0.00806830334191472,0.000833969047889695));
#5934=CARTESIAN_POINT('',(0.0525,-0.0060105892541401,-0.000298731473949436));
#5935=CARTESIAN_POINT('',(0.0525,-0.0060105892541401,-0.000298731473949436));
#5936=CARTESIAN_POINT('',(0.0525,-0.00630305719259963,-0.000825010828391927));
#5937=CARTESIAN_POINT('',(0.0525,-0.00690754524367753,-0.00114843637593631));
#5938=CARTESIAN_POINT('',(0.0525,-0.00690754524367753,-0.00114843637593631));
#5939=CARTESIAN_POINT('',(0.0525,-0.00690754524367753,-0.00114843637593631));
#5940=CARTESIAN_POINT('',(0.0525,-0.00751203329475544,-0.00147186192348069));
#5941=CARTESIAN_POINT('',(0.0525,-0.00840817461036959,-0.00147186192348069));
#5942=CARTESIAN_POINT('',(0.0525,-0.00840817461036959,-0.00147186192348069));
#5943=CARTESIAN_POINT('',(0.0525,-0.00896133820428051,-0.00147186192348069));
#5944=CARTESIAN_POINT('',(0.0525,-0.00951450179819142,-0.00147186192348069));
#5945=CARTESIAN_POINT('',(0.0525,-0.00951450179819142,-0.00278593096174034));
#5946=CARTESIAN_POINT('',(0.0525,-0.00951450179819142,-0.0041));
#5947=CARTESIAN_POINT('',(0.0525,-0.0104057550702659,-0.0041));
#5948=CARTESIAN_POINT('',(0.0525,-0.0112970083423403,-0.0041));
#5949=CARTESIAN_POINT('',(0.0525,-0.0112970083423403,-0.000439670062677843));
#5950=CARTESIAN_POINT('',(0.0525,-0.0112970083423403,0.00322065987464431));
#5951=CARTESIAN_POINT('',(0.0525,-0.00985259147635494,0.00322065987464431));
#5952=CARTESIAN_POINT('',(0.0525,-0.00840817461036959,0.00322065987464431));
#5953=CARTESIAN_POINT('',(0.0525,-0.00840817461036959,0.00322065987464431));
#5954=CARTESIAN_POINT('',(0.0525,-0.00753321481676087,0.00322065987464431));
#5955=CARTESIAN_POINT('',(0.0525,-0.00692791209175967,0.00291841584910536));
#5956=CARTESIAN_POINT('',(0.0525,-0.00692791209175967,0.00291841584910536));
#5957=CARTESIAN_POINT('',(0.0525,-0.00692791209175967,0.00291841584910536));
#5958=CARTESIAN_POINT('',(0.0525,-0.00632260936675848,0.0026161718235664));
#5959=CARTESIAN_POINT('',(0.0525,-0.00602036534121953,0.00208418975166092));
#5960=CARTESIAN_POINT('',(0.0525,0.00227545921959764,-0.0027598613961952));
#5961=CARTESIAN_POINT('',(0.0525,0.00193655486751084,-0.00207634997455859));
#5962=CARTESIAN_POINT('',(0.0525,0.00193655486751084,-0.00118020865894444));
#5963=CARTESIAN_POINT('',(0.0525,0.00227545921959764,-0.0027598613961952));
#5964=CARTESIAN_POINT('',(0.0525,0.00193655486751084,-0.00118020865894444));
#5965=CARTESIAN_POINT('',(0.0525,0.00193655486751084,-0.00118020865894444));
#5966=CARTESIAN_POINT('',(0.0525,0.00193655486751084,-0.000284067343330295));
#5967=CARTESIAN_POINT('',(0.0525,0.00227545921959764,0.000393741360843315));
#5968=CARTESIAN_POINT('',(0.0525,0.00227545921959764,0.000393741360843315));
#5969=CARTESIAN_POINT('',(0.0525,0.00227545921959764,0.000393741360843315));
#5970=CARTESIAN_POINT('',(0.0525,0.00261436357168445,0.00107155006501693));
#5971=CARTESIAN_POINT('',(0.0525,0.00319848477468022,0.00143652398264887));
#5972=CARTESIAN_POINT('',(0.0525,0.00319848477468022,0.00143652398264887));
#5973=CARTESIAN_POINT('',(0.0525,0.00319848477468022,0.00143652398264887));
#5974=CARTESIAN_POINT('',(0.0525,0.00378260597767598,0.00180149790028082));
#5975=CARTESIAN_POINT('',(0.0525,0.00450277772586045,0.00180149790028082));
#5976=CARTESIAN_POINT('',(0.0525,0.00450277772586045,0.00180149790028082));
#5977=CARTESIAN_POINT('',(0.0525,0.00450277772586045,0.00180149790028082));
#5978=CARTESIAN_POINT('',(0.0525,0.0050763081678535,0.00180149790028082));
#5979=CARTESIAN_POINT('',(0.0525,0.00555044839120571,0.00156198376683486));
#5980=CARTESIAN_POINT('',(0.0525,0.00555044839120571,0.00156198376683486));
#5981=CARTESIAN_POINT('',(0.0525,0.00555044839120571,0.00156198376683486));
#5982=CARTESIAN_POINT('',(0.0525,0.00602458861455793,0.00132246963338889));
#5983=CARTESIAN_POINT('',(0.0525,0.00629506035708875,0.000915132671746094));
#5984=CARTESIAN_POINT('',(0.0525,0.00629506035708875,0.000915132671746094));
#5985=CARTESIAN_POINT('',(0.0525,0.00629506035708875,0.0022658620365536));
#5986=CARTESIAN_POINT('',(0.0525,0.00629506035708875,0.00361659140136111));
#5987=CARTESIAN_POINT('',(0.0525,0.00718712830308647,0.00361659140136111));
#5988=CARTESIAN_POINT('',(0.0525,0.00807919624908419,0.00361659140136111));
#5989=CARTESIAN_POINT('',(0.0525,0.00807919624908419,-0.000241704299319445));
#5990=CARTESIAN_POINT('',(0.0525,0.00807919624908419,-0.0041));
#5991=CARTESIAN_POINT('',(0.0525,0.00718712830308647,-0.0041));
#5992=CARTESIAN_POINT('',(0.0525,0.00629506035708875,-0.0041));
#5993=CARTESIAN_POINT('',(0.0525,0.00629506035708875,-0.00368288695127778));
#5994=CARTESIAN_POINT('',(0.0525,0.00629506035708875,-0.00326577390255556));
#5995=CARTESIAN_POINT('',(0.0525,0.00629506035708875,-0.00326577390255556));
#5996=CARTESIAN_POINT('',(0.0525,0.00604577013656336,-0.00368288695127778));
#5997=CARTESIAN_POINT('',(0.0525,0.00558140600029057,-0.00393299184572646));
#5998=CARTESIAN_POINT('',(0.0525,0.00558140600029057,-0.00393299184572646));
#5999=CARTESIAN_POINT('',(0.0525,0.00558140600029057,-0.00393299184572646));
#6000=CARTESIAN_POINT('',(0.0525,0.00511704186401778,-0.00418309674017513));
#6001=CARTESIAN_POINT('',(0.0525,0.00450277772586045,-0.00418309674017513));
#6002=CARTESIAN_POINT('',(0.0525,0.00450277772586045,-0.00418309674017513));
#6003=CARTESIAN_POINT('',(0.0525,0.00450277772586045,-0.00418309674017513));
#6004=CARTESIAN_POINT('',(0.0525,0.00378260597767598,-0.00418309674017513));
#6005=CARTESIAN_POINT('',(0.0525,0.00319848477468022,-0.00381323477900347));
#6006=CARTESIAN_POINT('',(0.0525,0.00319848477468022,-0.00381323477900347));
#6007=CARTESIAN_POINT('',(0.0525,0.00319848477468022,-0.00381323477900347));
#6008=CARTESIAN_POINT('',(0.0525,0.00261436357168445,-0.00344337281783181));
#6009=CARTESIAN_POINT('',(0.0525,0.00227545921959764,-0.0027598613961952));
#6010=CARTESIAN_POINT('',(0.0525,0.0242798018875415,0.000436104404854167));
#6011=CARTESIAN_POINT('',(0.0525,0.0246496638487131,-0.000220522777314019));
#6012=CARTESIAN_POINT('',(0.0525,0.0246496638487131,-0.00109711191876931));
#6013=CARTESIAN_POINT('',(0.0525,0.0242798018875415,0.000436104404854167));
#6014=CARTESIAN_POINT('',(0.0525,0.0246496638487131,-0.00109711191876931));
#6015=CARTESIAN_POINT('',(0.0525,0.0200286216486414,-0.00108226233254861));
#6016=CARTESIAN_POINT('',(0.0525,0.0246185887939896,-0.00161850322967209));
#6017=CARTESIAN_POINT('',(0.0525,0.0226007589316498,-0.00161850322967209));
#6018=CARTESIAN_POINT('',(0.0525,0.0205828116236714,-0.00161850322967209));
#6019=CARTESIAN_POINT('',(0.0525,0.0205828116236714,-0.00161850322967209));
#6020=CARTESIAN_POINT('',(0.0525,0.0206251746676823,-0.00216107606258029));
#6021=CARTESIAN_POINT('',(0.0525,0.0209323067367609,-0.00244784128357682));
#6022=CARTESIAN_POINT('',(0.0525,0.0209323067367609,-0.00244784128357682));
#6023=CARTESIAN_POINT('',(0.0525,0.0209323067367609,-0.00244784128357682));
#6024=CARTESIAN_POINT('',(0.0525,0.0212394388058396,-0.00273460650457335));
#6025=CARTESIAN_POINT('',(0.0525,0.0216891388114933,-0.00273460650457335));
#6026=CARTESIAN_POINT('',(0.0525,0.0216891388114933,-0.00273460650457335));
#6027=CARTESIAN_POINT('',(0.0525,0.0216891388114933,-0.00273460650457335));
#6028=CARTESIAN_POINT('',(0.0525,0.0223555420807409,-0.00273460650457335));
#6029=CARTESIAN_POINT('',(0.0525,0.0226162377361923,-0.00217085214965972));
#6030=CARTESIAN_POINT('',(0.0525,0.0226162377361923,-0.00217085214965972));
#6031=CARTESIAN_POINT('',(0.0525,0.02356533285682,-0.00217085214965972));
#6032=CARTESIAN_POINT('',(0.0525,0.0245143701187651,-0.00217085214965972));
#6033=CARTESIAN_POINT('',(0.0525,0.0219853703225237,-0.0015296697015013));
#6034=CARTESIAN_POINT('',(0.0525,0.0239874591341923,-0.00320314908826991));
#6035=CARTESIAN_POINT('',(0.0525,0.0219677106607515,-0.00151202033643485));
#6036=CARTESIAN_POINT('',(0.0525,0.0230333507849145,-0.00392240108472374));
#6037=CARTESIAN_POINT('',(0.0525,0.0230333507849145,-0.00392240108472374));
#6038=CARTESIAN_POINT('',(0.0525,0.0224598203429215,-0.00418309674017513));
#6039=CARTESIAN_POINT('',(0.0525,0.0217510540296629,-0.00418309674017513));
#6040=CARTESIAN_POINT('',(0.0525,0.0217510540296629,-0.00418309674017513));
#6041=CARTESIAN_POINT('',(0.0525,0.0217510540296629,-0.00418309674017513));
#6042=CARTESIAN_POINT('',(0.0525,0.0208956464102131,-0.00418309674017513));
#6043=CARTESIAN_POINT('',(0.0525,0.0202284284670422,-0.00381812282254318));
#6044=CARTESIAN_POINT('',(0.0525,0.0202284272005013,-0.00381812515372778));
#6045=CARTESIAN_POINT('',(0.0525,0.0214668262153951,-0.00153873823408544));
#6046=CARTESIAN_POINT('',(0.0525,0.0191856458452367,-0.00277534020073763));
#6047=CARTESIAN_POINT('',(0.0525,0.0191856458452367,-0.00277534020073763));
#6048=CARTESIAN_POINT('',(0.0525,0.018810081166602,-0.00209753149656402));
#6049=CARTESIAN_POINT('',(0.0525,0.018810081166602,-0.00118998474602387));
#6050=CARTESIAN_POINT('',(0.0525,0.018810081166602,-0.00118998474602387));
#6051=CARTESIAN_POINT('',(0.0525,0.018810081166602,-0.00118998474602387));
#6052=CARTESIAN_POINT('',(0.0525,0.018810081166602,-0.000284067343330295));
#6053=CARTESIAN_POINT('',(0.0525,0.019180757801697,0.000393741360843315));
#6054=CARTESIAN_POINT('',(0.0525,0.019180757801697,0.000393741360843315));
#6055=CARTESIAN_POINT('',(0.0525,0.0214404317406646,-0.000815935097227271));
#6056=CARTESIAN_POINT('',(0.0525,0.0202186523799627,0.00143652398264887));
#6057=CARTESIAN_POINT('',(0.0525,0.0202186523799627,0.00143652398264887));
#6058=CARTESIAN_POINT('',(0.0525,0.0208858703231336,0.00180149790028082));
#6059=CARTESIAN_POINT('',(0.0525,0.0217510540296629,0.00180149790028082));
#6060=CARTESIAN_POINT('',(0.0525,0.0217510540296629,0.00180149790028082));
#6061=CARTESIAN_POINT('',(0.0525,0.0217510540296629,0.00180149790028082));
#6062=CARTESIAN_POINT('',(0.0525,0.0225950562141869,0.00180149790028082));
#6063=CARTESIAN_POINT('',(0.0525,0.0232524980702783,0.00144711474365158));
#6064=CARTESIAN_POINT('',(0.0525,0.0232524980702783,0.00144711474365158));
#6065=CARTESIAN_POINT('',(0.0525,0.022057761520359,-0.000793461036143365));
#6066=CARTESIAN_POINT('',(0.0525,0.,-0.0075));
#6067=CARTESIAN_POINT('',(0.0525,0.0475,-0.0075));
#6068=CARTESIAN_POINT('',(0.0525,-0.0475,-0.0075));
#6069=CARTESIAN_POINT('',(0.0525,0.0475,-0.0055));
#6070=CARTESIAN_POINT('',(0.0525,0.0475,0.0071));
#6071=CARTESIAN_POINT('',(0.0525,0.,0.0071));
#6072=CARTESIAN_POINT('',(0.0525,-0.0475,0.0071));
#6073=CARTESIAN_POINT('',(0.0525,-0.0475,-0.0055));
#6074=CARTESIAN_POINT('',(0.0525,0.0365577525853786,-0.0041));
#6075=CARTESIAN_POINT('',(0.0525,0.0376632650992771,-0.0041));
#6076=CARTESIAN_POINT('',(0.0525,0.0354522400714801,-0.0041));
#6077=CARTESIAN_POINT('',(0.0525,0.0345658748429453,-0.0028796184629182));
#6078=CARTESIAN_POINT('',(0.0525,0.0336795096144106,-0.00165923692583637));
#6079=CARTESIAN_POINT('',(0.0525,0.0336795096144106,-0.00287961846291818));
#6080=CARTESIAN_POINT('',(0.0525,0.0336795096144106,-0.0041));
#6081=CARTESIAN_POINT('',(0.0525,0.0327882563423361,-0.0041));
#6082=CARTESIAN_POINT('',(0.0525,0.0318970030702617,-0.0041));
#6083=CARTESIAN_POINT('',(0.0525,0.0318970030702617,-0.000241704299319445));
#6084=CARTESIAN_POINT('',(0.0525,0.0318970030702617,0.00361659140136111));
#6085=CARTESIAN_POINT('',(0.0525,0.0327882563423361,0.00361659140136111));
#6086=CARTESIAN_POINT('',(0.0525,0.0336795096144106,0.00361659140136111));
#6087=CARTESIAN_POINT('',(0.0525,0.0336795096144106,0.00148377507019944));
#6088=CARTESIAN_POINT('',(0.0525,0.0336795096144106,-0.00064904126096224));
#6089=CARTESIAN_POINT('',(0.0525,0.0345609867994056,0.000534679949571723));
#6090=CARTESIAN_POINT('',(0.0525,0.0354424639844006,0.00171840116010569));
#6091=CARTESIAN_POINT('',(0.0525,0.0365422737808362,0.00171840116010569));
#6092=CARTESIAN_POINT('',(0.0525,0.0376420835772717,0.00171840116010569));
#6093=CARTESIAN_POINT('',(0.0525,0.0364322928011926,0.000258505489577908));
#6094=CARTESIAN_POINT('',(0.0525,0.0352225020251135,-0.00120139018094987));
#6095=CARTESIAN_POINT('',(0.0525,0.0364428835621953,-0.00265069509047494));
#6096=CARTESIAN_POINT('',(0.0525,0.0256036470128806,-0.00277534020073763));
#6097=CARTESIAN_POINT('',(0.0525,0.0252329703777856,-0.00209753149656402));
#6098=CARTESIAN_POINT('',(0.0525,0.0252329703777856,-0.00118998474602387));
#6099=CARTESIAN_POINT('',(0.0525,0.0256036470128806,-0.00277534020073763));
#6100=CARTESIAN_POINT('',(0.0525,0.0252329703777856,-0.00118998474602387));
#6101=CARTESIAN_POINT('',(0.0525,0.0252329703777856,-0.00118998474602387));
#6102=CARTESIAN_POINT('',(0.0525,0.0252329703777856,-0.000284067343330295));
#6103=CARTESIAN_POINT('',(0.0525,0.0256036470128806,0.000393741360843315));
#6104=CARTESIAN_POINT('',(0.0525,0.0256036470128806,0.000393741360843315));
#6105=CARTESIAN_POINT('',(0.0525,0.0278732240857355,-0.000818424385157653));
#6106=CARTESIAN_POINT('',(0.0525,0.0266358388736833,0.00143652398264887));
#6107=CARTESIAN_POINT('',(0.0525,0.0266358388736833,0.00143652398264887));
#6108=CARTESIAN_POINT('',(0.0525,0.0272973540993912,0.00180149790028082));
#6109=CARTESIAN_POINT('',(0.0525,0.0281527617188412,0.00180149790028082));
#6110=CARTESIAN_POINT('',(0.0525,0.0281527617188412,0.00180149790028082));
#6111=CARTESIAN_POINT('',(0.0525,0.0281527617188412,0.00180149790028082));
#6112=CARTESIAN_POINT('',(0.0525,0.0292476834717369,0.00180149790028082));
#6113=CARTESIAN_POINT('',(0.0525,0.0299833340244639,0.00122796745828776));
#6114=CARTESIAN_POINT('',(0.0525,0.0299833340244639,0.00122796745828776));
#6115=CARTESIAN_POINT('',(0.0525,0.0299833340244639,0.00122796745828776));
#6116=CARTESIAN_POINT('',(0.0525,0.0307189845771908,0.000654437016294705));
#6117=CARTESIAN_POINT('',(0.0525,0.0309470932757107,-0.00038834560551085));
#6118=CARTESIAN_POINT('',(0.0525,0.0309470932757107,-0.00038834560551085));
#6119=CARTESIAN_POINT('',(0.0525,0.0299988128290063,-0.00038834560551085));
#6120=CARTESIAN_POINT('',(0.0525,0.0290505323823019,-0.00038834560551085));
#6121=CARTESIAN_POINT('',(0.0525,0.0290505323823019,-0.00038834560551085));
#6122=CARTESIAN_POINT('',(0.0525,0.0288093889010093,0.000279687011583333));
#6123=CARTESIAN_POINT('',(0.0525,0.0281218041097563,0.000279687011583333));
#6124=CARTESIAN_POINT('',(0.0525,0.0281218041097563,0.000279687011583333));
#6125=CARTESIAN_POINT('',(0.0525,0.0281218041097563,0.000279687011583333));
#6126=CARTESIAN_POINT('',(0.0525,0.0276313704079384,0.000279687011583333));
#6127=CARTESIAN_POINT('',(0.0525,0.0273397171434021,-0.000100765710591037));
#6128=CARTESIAN_POINT('',(0.0525,0.0273397171434021,-0.000100765710591037));
#6129=CARTESIAN_POINT('',(0.0525,0.0273397171434021,-0.000100765710591037));
#6130=CARTESIAN_POINT('',(0.0525,0.0270480638788659,-0.000481218432765408));
#6131=CARTESIAN_POINT('',(0.0525,0.0270480638788659,-0.00118998474602387));
#6132=CARTESIAN_POINT('',(0.0525,0.0270480638788659,-0.00118998474602387));
#6133=CARTESIAN_POINT('',(0.0525,0.0270480638788659,-0.00118998474602387));
#6134=CARTESIAN_POINT('',(0.0525,0.0270480638788659,-0.0019003804071289));
#6135=CARTESIAN_POINT('',(0.0525,0.0273397171434021,-0.00228083312930328));
#6136=CARTESIAN_POINT('',(0.0525,0.0273397171434021,-0.00228083312930328));
#6137=CARTESIAN_POINT('',(0.0525,0.0273397171434021,-0.00228083312930328));
#6138=CARTESIAN_POINT('',(0.0525,0.0276313704079384,-0.00266128585147765));
#6139=CARTESIAN_POINT('',(0.0525,0.0281218041097563,-0.00266128585147765));
#6140=CARTESIAN_POINT('',(0.0525,0.0281218041097563,-0.00266128585147765));
#6141=CARTESIAN_POINT('',(0.0525,0.0281218041097563,-0.00266128585147765));
#6142=CARTESIAN_POINT('',(0.0525,0.0288093889010093,-0.00266128585147765));
#6143=CARTESIAN_POINT('',(0.0525,0.0290505323823019,-0.00199325323438346));
#6144=CARTESIAN_POINT('',(0.0525,0.0290505323823019,-0.00199325323438346));
#6145=CARTESIAN_POINT('',(0.0525,0.0299988128290063,-0.00199325323438346));
#6146=CARTESIAN_POINT('',(0.0525,0.0309470932757107,-0.00199325323438346));
#6147=CARTESIAN_POINT('',(0.0525,0.0309470932757107,-0.00199325323438346));
#6148=CARTESIAN_POINT('',(0.0525,0.0307189845771908,-0.00301485433418359));
#6149=CARTESIAN_POINT('',(0.0525,0.0299784459809242,-0.00359897553717937));
#6150=CARTESIAN_POINT('',(0.0525,0.0299784459809242,-0.00359897553717937));
#6151=CARTESIAN_POINT('',(0.0525,0.0299784459809242,-0.00359897553717937));
#6152=CARTESIAN_POINT('',(0.0525,0.0292379073846575,-0.00418309674017513));
#6153=CARTESIAN_POINT('',(0.0525,0.0281527617188412,-0.00418309674017513));
#6154=CARTESIAN_POINT('',(0.0525,0.0281527617188412,-0.00418309674017513));
#6155=CARTESIAN_POINT('',(0.0525,0.0281527617188412,-0.00418309674017513));
#6156=CARTESIAN_POINT('',(0.0525,0.0272973540993912,-0.00418309674017513));
#6157=CARTESIAN_POINT('',(0.0525,0.0266358388736833,-0.00381812282254318));
#6158=CARTESIAN_POINT('',(0.0525,0.0266358388736833,-0.00381812282254318));
#6159=CARTESIAN_POINT('',(0.0525,0.0278732240857355,-0.00156317445473666));
#6160=CARTESIAN_POINT('',(0.0525,0.0129550196799484,0.00322065987464431));
#6161=CARTESIAN_POINT('',(0.0525,0.0115839234670588,0.00322065987464431));
#6162=CARTESIAN_POINT('',(0.0525,0.0143261158928381,0.00322065987464431));
#6163=CARTESIAN_POINT('',(0.0525,0.0143261158928381,0.00322065987464431));
#6164=CARTESIAN_POINT('',(0.0525,0.0154829528639036,0.00322065987464431));
#6165=CARTESIAN_POINT('',(0.0525,0.0163489512443562,0.00276199845583452));
#6166=CARTESIAN_POINT('',(0.0525,0.0163489512443562,0.00276199845583452));
#6167=CARTESIAN_POINT('',(0.0525,0.0163489512443562,0.00276199845583452));
#6168=CARTESIAN_POINT('',(0.0525,0.0172149496248088,0.00230333703702474));
#6169=CARTESIAN_POINT('',(0.0525,0.017689089848161,0.00147399898312001));
#6170=CARTESIAN_POINT('',(0.0525,0.017689089848161,0.00147399898312001));
#6171=CARTESIAN_POINT('',(0.0525,0.017689089848161,0.00147399898312001));
#6172=CARTESIAN_POINT('',(0.0525,0.0181632300715133,0.000644660929215278));
#6173=CARTESIAN_POINT('',(0.0525,0.0181632300715133,-0.000440484736601129));
#6174=CARTESIAN_POINT('',(0.0525,0.0181632300715133,-0.000440484736601129));
#6175=CARTESIAN_POINT('',(0.0525,0.0181632300715133,-0.000440484736601129));
#6176=CARTESIAN_POINT('',(0.0525,0.0181632300715133,-0.00151422496749154));
#6177=CARTESIAN_POINT('',(0.0525,0.017689089848161,-0.00234845106493598));
#6178=CARTESIAN_POINT('',(0.0525,0.017689089848161,-0.00234845106493598));
#6179=CARTESIAN_POINT('',(0.0525,0.017689089848161,-0.00234845106493598));
#6180=CARTESIAN_POINT('',(0.0525,0.0172149496248088,-0.00318267716238042));
#6181=CARTESIAN_POINT('',(0.0525,0.0163440632008165,-0.00364133858119021));
#6182=CARTESIAN_POINT('',(0.0525,0.0163440632008165,-0.00364133858119021));
#6183=CARTESIAN_POINT('',(0.0525,0.0163440632008165,-0.00364133858119021));
#6184=CARTESIAN_POINT('',(0.0525,0.0154731767768242,-0.0041));
#6185=CARTESIAN_POINT('',(0.0525,0.0143261158928381,-0.0041));
#6186=CARTESIAN_POINT('',(0.0525,0.0143261158928381,-0.0041));
#6187=CARTESIAN_POINT('',(0.0525,0.0129550196799484,-0.0041));
#6188=CARTESIAN_POINT('',(0.0525,0.0115839234670588,-0.0041));
#6189=CARTESIAN_POINT('',(0.0525,0.0115839234670588,-0.000439670062677843));
#6190=CARTESIAN_POINT('',(0.0525,-0.00480568652160071,-0.0027598613961952));
#6191=CARTESIAN_POINT('',(0.0525,-0.00514459087368752,-0.00207634997455859));
#6192=CARTESIAN_POINT('',(0.0525,-0.00514459087368752,-0.00118020865894444));
#6193=CARTESIAN_POINT('',(0.0525,-0.00480568652160071,-0.0027598613961952));
#6194=CARTESIAN_POINT('',(0.0525,-0.00514459087368752,-0.00118020865894444));
#6195=CARTESIAN_POINT('',(0.0525,-0.00514459087368752,-0.00118020865894444));
#6196=CARTESIAN_POINT('',(0.0525,-0.00514459087368752,-0.000284067343330295));
#6197=CARTESIAN_POINT('',(0.0525,-0.00480568652160071,0.000393741360843315));
#6198=CARTESIAN_POINT('',(0.0525,-0.00480568652160071,0.000393741360843315));
#6199=CARTESIAN_POINT('',(0.0525,-0.00480568652160071,0.000393741360843315));
#6200=CARTESIAN_POINT('',(0.0525,-0.00446678216951391,0.00107155006501693));
#6201=CARTESIAN_POINT('',(0.0525,-0.00388266096651814,0.00143652398264887));
#6202=CARTESIAN_POINT('',(0.0525,-0.00388266096651814,0.00143652398264887));
#6203=CARTESIAN_POINT('',(0.0525,-0.00388266096651814,0.00143652398264887));
#6204=CARTESIAN_POINT('',(0.0525,-0.00329853976352237,0.00180149790028082));
#6205=CARTESIAN_POINT('',(0.0525,-0.00257836801533791,0.00180149790028082));
#6206=CARTESIAN_POINT('',(0.0525,-0.00257836801533791,0.00180149790028082));
#6207=CARTESIAN_POINT('',(0.0525,-0.00257836801533791,0.00180149790028082));
#6208=CARTESIAN_POINT('',(0.0525,-0.00196410387718058,0.00180149790028082));
#6209=CARTESIAN_POINT('',(0.0525,-0.00149973974090779,0.00155139300583214));
#6210=CARTESIAN_POINT('',(0.0525,-0.00149973974090779,0.00155139300583214));
#6211=CARTESIAN_POINT('',(0.0525,-0.00149973974090779,0.00155139300583214));
#6212=CARTESIAN_POINT('',(0.0525,-0.001035375604635,0.00130128811138346));
#6213=CARTESIAN_POINT('',(0.0525,-0.000786085384109605,0.00089558049758724));
#6214=CARTESIAN_POINT('',(0.0525,-0.000786085384109605,0.00089558049758724));
#6215=CARTESIAN_POINT('',(0.0525,-0.000786085384109605,0.00130699082884646));
#6216=CARTESIAN_POINT('',(0.0525,-0.000786085384109605,0.00171840116010569));
#6217=CARTESIAN_POINT('',(0.0525,0.000105982561888116,0.00171840116010569));
#6218=CARTESIAN_POINT('',(0.0525,0.000998050507885837,0.00171840116010569));
#6219=CARTESIAN_POINT('',(0.0525,0.000998050507885837,-0.00119079941994716));
#6220=CARTESIAN_POINT('',(0.0525,0.000998050507885837,-0.0041));
#6221=CARTESIAN_POINT('',(0.0525,0.000105982561888116,-0.0041));
#6222=CARTESIAN_POINT('',(0.0525,-0.000786085384109605,-0.0041));
#6223=CARTESIAN_POINT('',(0.0525,-0.000786085384109605,-0.00368777499481749));
#6224=CARTESIAN_POINT('',(0.0525,-0.000786085384109605,-0.00327554998963499));
#6225=CARTESIAN_POINT('',(0.0525,-0.000786085384109605,-0.00327554998963499));
#6226=CARTESIAN_POINT('',(0.0525,-0.001046781039561,-0.00368288695127778));
#6227=CARTESIAN_POINT('',(0.0525,-0.00151033050191049,-0.00393299184572646));
#6228=CARTESIAN_POINT('',(0.0525,-0.00151033050191049,-0.00393299184572646));
#6229=CARTESIAN_POINT('',(0.0525,-0.00151033050191049,-0.00393299184572646));
#6230=CARTESIAN_POINT('',(0.0525,-0.00197387996426,-0.00418309674017513));
#6231=CARTESIAN_POINT('',(0.0525,-0.0025897734502639,-0.00418309674017513));
#6232=CARTESIAN_POINT('',(0.0525,-0.0025897734502639,-0.00418309674017513));
#6233=CARTESIAN_POINT('',(0.0525,-0.00261401566095242,-0.00181761873868275));
#6234=CARTESIAN_POINT('',(0.0525,-0.00388266096651814,-0.00381323477900347));
#6235=CARTESIAN_POINT('',(0.0525,-0.00388266096651814,-0.00381323477900347));
#6236=CARTESIAN_POINT('',(0.0525,-0.00446678216951391,-0.00344337281783181));
#6237=CARTESIAN_POINT('',(0.0525,-0.00480568652160071,-0.0027598613961952));
#6238=CARTESIAN_POINT('',(0.0525,-0.031147353157117,-0.0027598613961952));
#6239=CARTESIAN_POINT('',(0.0525,-0.0314862575092038,-0.00207634997455859));
#6240=CARTESIAN_POINT('',(0.0525,-0.0314862575092038,-0.00118020865894444));
#6241=CARTESIAN_POINT('',(0.0525,-0.031147353157117,-0.0027598613961952));
#6242=CARTESIAN_POINT('',(0.0525,-0.0314862575092038,-0.00118020865894444));
#6243=CARTESIAN_POINT('',(0.0525,-0.0314862575092038,-0.00118020865894444));
#6244=CARTESIAN_POINT('',(0.0525,-0.0314862575092038,-0.000284067343330295));
#6245=CARTESIAN_POINT('',(0.0525,-0.031147353157117,0.000393741360843315));
#6246=CARTESIAN_POINT('',(0.0525,-0.031147353157117,0.000393741360843315));
#6247=CARTESIAN_POINT('',(0.0525,-0.031147353157117,0.000393741360843315));
#6248=CARTESIAN_POINT('',(0.0525,-0.0308084488050302,0.00107155006501693));
#6249=CARTESIAN_POINT('',(0.0525,-0.0302243276020344,0.00143652398264887));
#6250=CARTESIAN_POINT('',(0.0525,-0.0302243276020344,0.00143652398264887));
#6251=CARTESIAN_POINT('',(0.0525,-0.0302243276020344,0.00143652398264887));
#6252=CARTESIAN_POINT('',(0.0525,-0.0296402063990386,0.00180149790028082));
#6253=CARTESIAN_POINT('',(0.0525,-0.0289200346508542,0.00180149790028082));
#6254=CARTESIAN_POINT('',(0.0525,-0.0289200346508542,0.00180149790028082));
#6255=CARTESIAN_POINT('',(0.0525,-0.0289200346508542,0.00180149790028082));
#6256=CARTESIAN_POINT('',(0.0525,-0.0283057705126969,0.00180149790028082));
#6257=CARTESIAN_POINT('',(0.0525,-0.0278414063764241,0.00155139300583214));
#6258=CARTESIAN_POINT('',(0.0525,-0.0278414063764241,0.00155139300583214));
#6259=CARTESIAN_POINT('',(0.0525,-0.0278414063764241,0.00155139300583214));
#6260=CARTESIAN_POINT('',(0.0525,-0.0273770422401513,0.00130128811138346));
#6261=CARTESIAN_POINT('',(0.0525,-0.0271277520196259,0.00089558049758724));
#6262=CARTESIAN_POINT('',(0.0525,-0.0271277520196259,0.00089558049758724));
#6263=CARTESIAN_POINT('',(0.0525,-0.0271277520196259,0.00130699082884646));
#6264=CARTESIAN_POINT('',(0.0525,-0.0271277520196259,0.00171840116010569));
#6265=CARTESIAN_POINT('',(0.0525,-0.0262356840736281,0.00171840116010569));
#6266=CARTESIAN_POINT('',(0.0525,-0.0253436161276305,0.00171840116010569));
#6267=CARTESIAN_POINT('',(0.0525,-0.0253436161276305,-0.00119079941994716));
#6268=CARTESIAN_POINT('',(0.0525,-0.0253436161276305,-0.0041));
#6269=CARTESIAN_POINT('',(0.0525,-0.0262356840736281,-0.0041));
#6270=CARTESIAN_POINT('',(0.0525,-0.0271277520196259,-0.0041));
#6271=CARTESIAN_POINT('',(0.0525,-0.0271277520196259,-0.00368777499481749));
#6272=CARTESIAN_POINT('',(0.0525,-0.0271277520196259,-0.00327554998963499));
#6273=CARTESIAN_POINT('',(0.0525,-0.0271277520196259,-0.00327554998963499));
#6274=CARTESIAN_POINT('',(0.0525,-0.0273884476750773,-0.00368288695127778));
#6275=CARTESIAN_POINT('',(0.0525,-0.0278519971374268,-0.00393299184572646));
#6276=CARTESIAN_POINT('',(0.0525,-0.0278519971374268,-0.00393299184572646));
#6277=CARTESIAN_POINT('',(0.0525,-0.0278519971374268,-0.00393299184572646));
#6278=CARTESIAN_POINT('',(0.0525,-0.0283155465997763,-0.00418309674017513));
#6279=CARTESIAN_POINT('',(0.0525,-0.0289314400857802,-0.00418309674017513));
#6280=CARTESIAN_POINT('',(0.0525,-0.0289314400857802,-0.00418309674017513));
#6281=CARTESIAN_POINT('',(0.0525,-0.0289556822964687,-0.00181761873868283));
#6282=CARTESIAN_POINT('',(0.0525,-0.0302243276020344,-0.00381323477900347));
#6283=CARTESIAN_POINT('',(0.0525,-0.0302243276020344,-0.00381323477900347));
#6284=CARTESIAN_POINT('',(0.0525,-0.0308084488050302,-0.00344337281783181));
#6285=CARTESIAN_POINT('',(0.0525,-0.031147353157117,-0.0027598613961952));
#6286=CARTESIAN_POINT('',(0.0525,-0.0333046097059773,0.00322065987464431));
#6287=CARTESIAN_POINT('',(0.0525,-0.0341958629780516,0.00322065987464431));
#6288=CARTESIAN_POINT('',(0.0525,-0.0324133564339028,0.00322065987464431));
#6289=CARTESIAN_POINT('',(0.0525,-0.0324133564339028,-0.000439670062677843));
#6290=CARTESIAN_POINT('',(0.0525,-0.0324133564339028,-0.0041));
#6291=CARTESIAN_POINT('',(0.0525,-0.0333046097059773,-0.0041));
#6292=CARTESIAN_POINT('',(0.0525,-0.0341958629780516,-0.0041));
#6293=CARTESIAN_POINT('',(0.0525,-0.0341958629780516,-0.00259285324192166));
#6294=CARTESIAN_POINT('',(0.0525,-0.0341958629780516,-0.00108570648384332));
#6295=CARTESIAN_POINT('',(0.0525,-0.035583252669407,-0.00108570648384332));
#6296=CARTESIAN_POINT('',(0.0525,-0.0369706423607624,-0.00108570648384332));
#6297=CARTESIAN_POINT('',(0.0525,-0.0369706423607624,-0.00259285324192166));
#6298=CARTESIAN_POINT('',(0.0525,-0.0369706423607624,-0.0041));
#6299=CARTESIAN_POINT('',(0.0525,-0.0378618956328369,-0.0041));
#6300=CARTESIAN_POINT('',(0.0525,-0.0387531489049113,-0.0041));
#6301=CARTESIAN_POINT('',(0.0525,-0.0387531489049113,-0.000439670062677843));
#6302=CARTESIAN_POINT('',(0.0525,-0.0387531489049113,0.00322065987464431));
#6303=CARTESIAN_POINT('',(0.0525,-0.0378618956328369,0.00322065987464431));
#6304=CARTESIAN_POINT('',(0.0525,-0.0369706423607624,0.00322065987464431));
#6305=CARTESIAN_POINT('',(0.0525,-0.0369706423607624,0.00178683376966167));
#6306=CARTESIAN_POINT('',(0.0525,-0.0369706423607624,0.000353007664679037));
#6307=CARTESIAN_POINT('',(0.0525,-0.035583252669407,0.000353007664679037));
#6308=CARTESIAN_POINT('',(0.0525,-0.0341958629780516,0.000353007664679037));
#6309=CARTESIAN_POINT('',(0.0525,-0.0341958629780516,0.00178683376966167));
#6310=CARTESIAN_POINT('',(0.,0.,0.0071));
#6311=CARTESIAN_POINT('',(-0.0208204348764539,0.0524,0.0071));
#6312=CARTESIAN_POINT('',(-0.0208204348764539,0.0525,0.0071));
#6313=CARTESIAN_POINT('',(0.0477,0.04345,0.0071));
#6314=CARTESIAN_POINT('',(0.0477,-0.0477,0.0071));
#6315=CARTESIAN_POINT('',(0.04345,-0.0477,0.0071));
#6316=CARTESIAN_POINT('',(-0.0477,-0.0477,0.0071));
#6317=CARTESIAN_POINT('',(-0.0477,-0.04345,0.0071));
#6318=CARTESIAN_POINT('',(-0.0346338302725478,0.0524,0.0071));
#6319=CARTESIAN_POINT('',(-0.0346338302725478,0.0525,0.0071));
#6320=CARTESIAN_POINT('',(0.,0.0525,0.0071));
#6321=CARTESIAN_POINT('',(-0.0475,0.0525,0.0071));
#6322=CARTESIAN_POINT('',(-0.0475,0.0475,0.0071));
#6323=CARTESIAN_POINT('',(-0.0525,0.0475,0.0071));
#6324=CARTESIAN_POINT('',(-0.0525,0.,0.0071));
#6325=CARTESIAN_POINT('',(-0.0525,-0.0475,0.0071));
#6326=CARTESIAN_POINT('',(-0.0475,-0.0475,0.0071));
#6327=CARTESIAN_POINT('',(-0.0475,-0.0525,0.0071));
#6328=CARTESIAN_POINT('',(-6.93889390390723E-18,-0.0525,0.0071));
#6329=CARTESIAN_POINT('',(0.0475,-0.0525,0.0071));
#6330=CARTESIAN_POINT('',(0.0475,-0.0475,0.0071));
#6331=CARTESIAN_POINT('',(0.0475,0.0475,0.0071));
#6332=CARTESIAN_POINT('',(0.0475,0.0525,0.0071));
#6333=CARTESIAN_POINT('',(0.,0.0525,0.0071));
#6334=CARTESIAN_POINT('',(0.0477,0.04345,0.0071));
#6335=CARTESIAN_POINT('',(0.0477,0.04345,-0.0015));
#6336=CARTESIAN_POINT('',(0.0477,0.0392,-0.0015));
#6337=CARTESIAN_POINT('',(0.0477,0.0392,-0.0015));
#6338=CARTESIAN_POINT('',(0.0477,-0.0392,-0.0015));
#6339=CARTESIAN_POINT('',(0.0477,-0.0392,-0.0015));
#6340=CARTESIAN_POINT('',(0.0477,-0.04345,-0.0015));
#6341=CARTESIAN_POINT('',(0.0477,-0.0477,-0.0015));
#6342=CARTESIAN_POINT('',(0.0477,-0.0477,0.0071));
#6343=CARTESIAN_POINT('',(0.0475,0.0475,-0.0055));
#6344=CARTESIAN_POINT('',(0.0475,0.0475,-0.0075));
#6345=CARTESIAN_POINT('',(0.0475,0.0525,-0.0075));
#6346=CARTESIAN_POINT('',(0.0475,0.0525,-0.0055));
#6347=CARTESIAN_POINT('',(0.,0.0525,-0.0055));
#6348=CARTESIAN_POINT('',(-0.0208204348764539,0.0525,0.00409922943554218));
#6349=CARTESIAN_POINT('',(-0.0208204348764539,0.0525,0.00109845887108435));
#6350=CARTESIAN_POINT('',(0.,0.0525,-0.0075));
#6351=CARTESIAN_POINT('',(-0.0475,0.0525,-0.0075));
#6352=CARTESIAN_POINT('',(-0.0475,0.0525,-0.0055));
#6353=CARTESIAN_POINT('',(-0.0346338302725478,0.0525,0.00409922943554218));
#6354=CARTESIAN_POINT('',(-0.0346338302725478,0.0525,0.00109845887108435));
#6355=CARTESIAN_POINT('',(-0.0277271325745009,0.0525,0.00109845887108435));
#6356=CARTESIAN_POINT('',(-0.0475,0.0475,-0.0055));
#6357=CARTESIAN_POINT('',(-0.0475,0.0475,-0.0075));
#6358=CARTESIAN_POINT('',(-0.0525,0.0475,-0.0075));
#6359=CARTESIAN_POINT('',(-0.0525,0.0475,-0.0055));
#6360=CARTESIAN_POINT('',(-0.0525,0.,-0.0055));
#6361=CARTESIAN_POINT('',(-0.0525,0.,-0.0075));
#6362=CARTESIAN_POINT('',(-0.0525,-0.0475,-0.0075));
#6363=CARTESIAN_POINT('',(-0.0525,-0.0475,-0.0055));
#6364=CARTESIAN_POINT('',(-0.0475,-0.0475,-0.0055));
#6365=CARTESIAN_POINT('',(-0.0475,-0.0475,-0.0075));
#6366=CARTESIAN_POINT('',(-0.0475,-0.0525,-0.0075));
#6367=CARTESIAN_POINT('',(-0.0475,-0.0525,-0.0055));
#6368=CARTESIAN_POINT('',(-6.93889390390723E-18,-0.0525,-0.0055));
#6369=CARTESIAN_POINT('',(-6.93889390390723E-18,-0.0525,-0.0075));
#6370=CARTESIAN_POINT('',(0.0475,-0.0525,-0.0075));
#6371=CARTESIAN_POINT('',(0.0475,-0.0525,-0.0055));
#6372=CARTESIAN_POINT('',(0.0475,-0.0475,-0.0055));
#6373=CARTESIAN_POINT('',(0.0475,-0.0475,-0.0075));
#6374=CARTESIAN_POINT('',(0.,0.,-0.0075));
#6375=CARTESIAN_POINT('',(0.04345,-0.0477,0.0071));
#6376=CARTESIAN_POINT('',(-0.0392,-0.0477,-0.0015));
#6377=CARTESIAN_POINT('',(-0.0392,-0.0477,-0.0015));
#6378=CARTESIAN_POINT('',(-0.04345,-0.0477,-0.0015));
#6379=CARTESIAN_POINT('',(-0.0477,-0.0477,-0.0015));
#6380=CARTESIAN_POINT('',(-0.0477,-0.0477,0.0071));
#6381=CARTESIAN_POINT('',(0.04345,-0.0477,-0.0015));
#6382=CARTESIAN_POINT('',(0.0392,-0.0477,-0.0015));
#6383=CARTESIAN_POINT('',(0.0392,-0.0477,-0.0015));
#6384=CARTESIAN_POINT('',(-0.0477,-0.04345,0.0071));
#6385=CARTESIAN_POINT('',(-0.0477,-0.04345,-0.0015));
#6386=CARTESIAN_POINT('',(-0.0477,-0.0392,-0.0015));
#6387=CARTESIAN_POINT('',(-0.0477,-0.0392,-0.0015));
#6388=CARTESIAN_POINT('',(-0.0477,0.0392,-0.0015));
#6389=CARTESIAN_POINT('',(-0.0477,0.0392,-0.0015));
#6390=CARTESIAN_POINT('',(-0.0477,0.04345,-0.0015));
#6391=CARTESIAN_POINT('',(-0.04345,0.0392,-0.0015));
#6392=CARTESIAN_POINT('',(-0.0392,0.0392,-0.0015));
#6393=CARTESIAN_POINT('',(-0.0392,0.0392,-0.0015));
#6394=CARTESIAN_POINT('',(-0.04345,0.0392,-0.0015));
#6395=CARTESIAN_POINT('',(-0.043005034327507,0.0429663881659508,-0.0015));
#6396=CARTESIAN_POINT('',(-0.043005034327507,0.0429663881659508,-0.0055));
#6397=CARTESIAN_POINT('',(-0.040655034327507,0.0429663881659508,-0.0055));
#6398=CARTESIAN_POINT('',(-0.043005034327507,0.0429663881659508,-0.0015));
#6399=CARTESIAN_POINT('',(-0.040655034327507,0.0429663881659508,-0.0015));
#6400=CARTESIAN_POINT('',(-0.0392,0.04345,-0.0015));
#6401=CARTESIAN_POINT('',(-0.0392,0.0457,-0.0015));
#6402=CARTESIAN_POINT('',(-0.0392,0.0457,-0.00392063287379481));
#6403=CARTESIAN_POINT('',(-0.0392,0.0457,-0.00392063287379481));
#6404=CARTESIAN_POINT('',(-0.0392,0.04345,-0.0015));
#6405=CARTESIAN_POINT('',(0.,0.,-0.0015));
#6406=CARTESIAN_POINT('',(0.,0.,-0.0055));
#6407=CARTESIAN_POINT('',(0.0392,-0.04345,-0.0015));
#6408=CARTESIAN_POINT('',(0.0392,-0.0392,-0.0015));
#6409=CARTESIAN_POINT('',(0.0392,-0.0392,-0.0015));
#6410=CARTESIAN_POINT('',(0.0392,-0.04345,-0.0015));
#6411=CARTESIAN_POINT('',(0.0429988577961921,-0.043019812554121,-0.0015));
#6412=CARTESIAN_POINT('',(0.0429988577961921,-0.043019812554121,-0.0055));
#6413=CARTESIAN_POINT('',(0.0453488577961921,-0.043019812554121,-0.0055));
#6414=CARTESIAN_POINT('',(0.0429988577961921,-0.043019812554121,-0.0015));
#6415=CARTESIAN_POINT('',(0.0453488577961921,-0.043019812554121,-0.0015));
#6416=CARTESIAN_POINT('',(0.04345,-0.0392,-0.0015));
#6417=CARTESIAN_POINT('',(0.04345,-0.0392,-0.0015));
#6418=CARTESIAN_POINT('',(0.,0.,-0.0015));
#6419=CARTESIAN_POINT('',(0.,0.,-0.0055));
#6420=CARTESIAN_POINT('',(-0.04345,-0.0392,-0.0015));
#6421=CARTESIAN_POINT('',(-0.0392,-0.0392,-0.0015));
#6422=CARTESIAN_POINT('',(-0.0392,-0.0392,-0.0015));
#6423=CARTESIAN_POINT('',(-0.04345,-0.0392,-0.0015));
#6424=CARTESIAN_POINT('',(-0.043005034327507,-0.043019812554121,-0.0015));
#6425=CARTESIAN_POINT('',(-0.043005034327507,-0.043019812554121,-0.0055));
#6426=CARTESIAN_POINT('',(-0.040655034327507,-0.043019812554121,-0.0055));
#6427=CARTESIAN_POINT('',(-0.043005034327507,-0.043019812554121,-0.0015));
#6428=CARTESIAN_POINT('',(-0.040655034327507,-0.043019812554121,-0.0015));
#6429=CARTESIAN_POINT('',(-0.0392,-0.04345,-0.0015));
#6430=CARTESIAN_POINT('',(-0.0392,-0.04345,-0.0015));
#6431=CARTESIAN_POINT('',(0.,0.,-0.0015));
#6432=CARTESIAN_POINT('',(0.,0.,-0.0055));
#6433=CARTESIAN_POINT('',(0.04345,0.0392,-0.0015));
#6434=CARTESIAN_POINT('',(0.04345,0.0392,-0.0015));
#6435=CARTESIAN_POINT('',(0.0430428050458432,0.0429663881659508,-0.0015));
#6436=CARTESIAN_POINT('',(0.0430428050458432,0.0429663881659508,-0.0055));
#6437=CARTESIAN_POINT('',(0.0453928050458432,0.0429663881659508,-0.0055));
#6438=CARTESIAN_POINT('',(0.0430428050458432,0.0429663881659508,-0.0015));
#6439=CARTESIAN_POINT('',(0.0453928050458432,0.0429663881659508,-0.0015));
#6440=CARTESIAN_POINT('',(0.,0.,-0.0015));
#6441=CARTESIAN_POINT('',(0.,0.,-0.0055));
#6442=CARTESIAN_POINT('',(-0.0208204348764539,0.0524,0.00409922943554218));
#6443=CARTESIAN_POINT('',(-0.0208204348764539,0.0524,0.00109845887108435));
#6444=CARTESIAN_POINT('',(-0.0277271325745009,0.0524,0.00109845887108435));
#6445=CARTESIAN_POINT('',(-0.0346338302725478,0.0524,0.00109845887108435));
#6446=CARTESIAN_POINT('',(-0.0346338302725478,0.0524,0.00409922943554218));
#6447=CARTESIAN_POINT('',(0.0545,0.0345658748429453,-0.0028796184629182));
#6448=CARTESIAN_POINT('',(0.0545,0.0354522400714801,-0.0041));
#6449=CARTESIAN_POINT('',(0.0545,0.0354522400714801,-0.0041));
#6450=CARTESIAN_POINT('',(0.0545,0.0345658748429453,-0.0028796184629182));
#6451=CARTESIAN_POINT('',(0.0545,0.0336795096144106,-0.00165923692583637));
#6452=CARTESIAN_POINT('',(0.0545,0.0336795096144106,-0.00165923692583637));
#6453=CARTESIAN_POINT('',(0.0545,0.0365577525853786,-0.0041));
#6454=CARTESIAN_POINT('',(0.0545,0.0376632650992771,-0.0041));
#6455=CARTESIAN_POINT('',(0.0545,0.0376632650992771,-0.0041));
#6456=CARTESIAN_POINT('',(0.0545,0.0365577525853786,-0.0041));
#6457=CARTESIAN_POINT('',(0.0545,0.0364428835621953,-0.00265069509047494));
#6458=CARTESIAN_POINT('',(0.0545,0.0352225020251135,-0.00120139018094987));
#6459=CARTESIAN_POINT('',(0.0545,0.0352225020251135,-0.00120139018094987));
#6460=CARTESIAN_POINT('',(0.0545,0.0364428835621953,-0.00265069509047494));
#6461=CARTESIAN_POINT('',(0.0545,0.0364322928011926,0.000258505489577908));
#6462=CARTESIAN_POINT('',(0.0545,0.0376420835772717,0.00171840116010569));
#6463=CARTESIAN_POINT('',(0.0545,0.0376420835772717,0.00171840116010569));
#6464=CARTESIAN_POINT('',(0.0545,0.0364322928011926,0.000258505489577908));
#6465=CARTESIAN_POINT('',(0.0545,0.0365422737808362,0.00171840116010569));
#6466=CARTESIAN_POINT('',(0.0545,0.0354424639844006,0.00171840116010569));
#6467=CARTESIAN_POINT('',(0.0545,0.0354424639844006,0.00171840116010569));
#6468=CARTESIAN_POINT('',(0.0545,0.0365422737808362,0.00171840116010569));
#6469=CARTESIAN_POINT('',(0.0545,0.0345609867994056,0.000534679949571723));
#6470=CARTESIAN_POINT('',(0.0545,0.0336795096144106,-0.00064904126096224));
#6471=CARTESIAN_POINT('',(0.0545,0.0336795096144106,-0.00064904126096224));
#6472=CARTESIAN_POINT('',(0.0545,0.0345609867994056,0.000534679949571723));
#6473=CARTESIAN_POINT('',(0.0545,0.0336795096144106,0.00148377507019944));
#6474=CARTESIAN_POINT('',(0.0545,0.0336795096144106,0.00361659140136111));
#6475=CARTESIAN_POINT('',(0.0545,0.0336795096144106,0.00361659140136111));
#6476=CARTESIAN_POINT('',(0.0545,0.0336795096144106,0.00148377507019944));
#6477=CARTESIAN_POINT('',(0.0545,0.0327882563423361,0.00361659140136111));
#6478=CARTESIAN_POINT('',(0.0545,0.0318970030702617,0.00361659140136111));
#6479=CARTESIAN_POINT('',(0.0545,0.0318970030702617,0.00361659140136111));
#6480=CARTESIAN_POINT('',(0.0545,0.0327882563423361,0.00361659140136111));
#6481=CARTESIAN_POINT('',(0.0545,0.0318970030702617,-0.000241704299319445));
#6482=CARTESIAN_POINT('',(0.0545,0.0318970030702617,-0.0041));
#6483=CARTESIAN_POINT('',(0.0545,0.0318970030702617,-0.0041));
#6484=CARTESIAN_POINT('',(0.0545,0.0318970030702617,-0.000241704299319445));
#6485=CARTESIAN_POINT('',(0.0545,0.0327882563423361,-0.0041));
#6486=CARTESIAN_POINT('',(0.0545,0.0336795096144106,-0.0041));
#6487=CARTESIAN_POINT('',(0.0545,0.0336795096144106,-0.0041));
#6488=CARTESIAN_POINT('',(0.0545,0.0327882563423361,-0.0041));
#6489=CARTESIAN_POINT('',(0.0545,0.0336795096144106,-0.00287961846291818));
#6490=CARTESIAN_POINT('',(0.0545,0.0336795096144106,-0.00287961846291818));
#6491=CARTESIAN_POINT('',(0.0545,-1.02257383847054E-18,-0.0002));
#6492=CARTESIAN_POINT('',(0.0545,0.0252329703777856,-0.00118998474602387));
#6493=CARTESIAN_POINT('',(0.0525,0.0252329703777856,-0.00118998474602387));
#6494=CARTESIAN_POINT('',(0.0545,0.0252329703777856,-0.000586039810894821));
#6495=CARTESIAN_POINT('',(0.0525,0.0252329703777856,-0.000586039810894821));
#6496=CARTESIAN_POINT('',(0.0545,0.0253565292561506,-5.81311086057582E-5));
#6497=CARTESIAN_POINT('',(0.0525,0.0253565292561506,-5.81311086057582E-5));
#6498=CARTESIAN_POINT('',(0.0545,0.0256036470128806,0.000393741360843315));
#6499=CARTESIAN_POINT('',(0.0525,0.0256036470128806,0.000393741360843315));
#6500=CARTESIAN_POINT('',(0.0545,0.0252329703777856,-0.00118998474602387));
#6501=CARTESIAN_POINT('',(0.0545,0.0252329703777856,-0.00118998474602387));
#6502=CARTESIAN_POINT('',(0.0545,0.0252329703777856,-0.00118998474602387));
#6503=CARTESIAN_POINT('',(0.0545,0.0252329703777856,-0.000284067343330295));
#6504=CARTESIAN_POINT('',(0.0545,0.0256036470128806,0.000393741360843315));
#6505=CARTESIAN_POINT('',(0.0545,0.0256036470128806,0.000393741360843315));
#6506=CARTESIAN_POINT('',(0.0545,0.0256036470128806,0.000393741360843315));
#6507=CARTESIAN_POINT('',(0.0545,0.0256036470128806,-0.00277534020073763));
#6508=CARTESIAN_POINT('',(0.0525,0.0256036470128806,-0.00277534020073763));
#6509=CARTESIAN_POINT('',(0.0545,0.0253565292561506,-0.00232346773128856));
#6510=CARTESIAN_POINT('',(0.0525,0.0253565292561506,-0.00232346773128856));
#6511=CARTESIAN_POINT('',(0.0545,0.0252329703777856,-0.00179501591305064));
#6512=CARTESIAN_POINT('',(0.0525,0.0252329703777856,-0.00179501591305064));
#6513=CARTESIAN_POINT('',(0.0545,0.0252329703777856,-0.00118998474602387));
#6514=CARTESIAN_POINT('',(0.0525,0.0252329703777856,-0.00118998474602387));
#6515=CARTESIAN_POINT('',(0.0545,0.0256036470128806,-0.00277534020073763));
#6516=CARTESIAN_POINT('',(0.0545,0.0256036470128806,-0.00277534020073763));
#6517=CARTESIAN_POINT('',(0.0545,0.0256036470128806,-0.00277534020073763));
#6518=CARTESIAN_POINT('',(0.0545,0.0252329703777856,-0.00209753149656402));
#6519=CARTESIAN_POINT('',(0.0545,0.0252329703777856,-0.00118998474602387));
#6520=CARTESIAN_POINT('',(0.0545,0.0278732240857355,-0.00156317445473666));
#6521=CARTESIAN_POINT('',(0.0545,0.0266358388736833,-0.00381812282254318));
#6522=CARTESIAN_POINT('',(0.0545,0.0266358388736833,-0.00381812282254318));
#6523=CARTESIAN_POINT('',(0.0545,0.0278732240857355,-0.00156317445473666));
#6524=CARTESIAN_POINT('',(0.0545,0.0281527617188412,-0.00418309674017513));
#6525=CARTESIAN_POINT('',(0.0525,0.0281527617188412,-0.00418309674017513));
#6526=CARTESIAN_POINT('',(0.0545,0.0275824899725412,-0.00418309674017513));
#6527=CARTESIAN_POINT('',(0.0525,0.0275824899725412,-0.00418309674017513));
#6528=CARTESIAN_POINT('',(0.0545,0.0270768490241553,-0.00406143876763115));
#6529=CARTESIAN_POINT('',(0.0525,0.0270768490241553,-0.00406143876763115));
#6530=CARTESIAN_POINT('',(0.0545,0.0266358388736833,-0.00381812282254318));
#6531=CARTESIAN_POINT('',(0.0525,0.0266358388736833,-0.00381812282254318));
#6532=CARTESIAN_POINT('',(0.0545,0.0281527617188412,-0.00418309674017513));
#6533=CARTESIAN_POINT('',(0.0545,0.0281527617188412,-0.00418309674017513));
#6534=CARTESIAN_POINT('',(0.0545,0.0281527617188412,-0.00418309674017513));
#6535=CARTESIAN_POINT('',(0.0545,0.0272973540993912,-0.00418309674017513));
#6536=CARTESIAN_POINT('',(0.0545,0.0266358388736833,-0.00381812282254318));
#6537=CARTESIAN_POINT('',(0.0545,0.0299784459809242,-0.00359897553717937));
#6538=CARTESIAN_POINT('',(0.0525,0.0299784459809242,-0.00359897553717937));
#6539=CARTESIAN_POINT('',(0.0545,0.0294847535834131,-0.00398838967250988));
#6540=CARTESIAN_POINT('',(0.0525,0.0294847535834131,-0.00398838967250988));
#6541=CARTESIAN_POINT('',(0.0545,0.0288761921627188,-0.00418309674017513));
#6542=CARTESIAN_POINT('',(0.0525,0.0288761921627188,-0.00418309674017513));
#6543=CARTESIAN_POINT('',(0.0545,0.0281527617188412,-0.00418309674017513));
#6544=CARTESIAN_POINT('',(0.0525,0.0281527617188412,-0.00418309674017513));
#6545=CARTESIAN_POINT('',(0.0545,0.0299784459809242,-0.00359897553717937));
#6546=CARTESIAN_POINT('',(0.0545,0.0299784459809242,-0.00359897553717937));
#6547=CARTESIAN_POINT('',(0.0545,0.0299784459809242,-0.00359897553717937));
#6548=CARTESIAN_POINT('',(0.0545,0.0292379073846575,-0.00418309674017513));
#6549=CARTESIAN_POINT('',(0.0545,0.0281527617188412,-0.00418309674017513));
#6550=CARTESIAN_POINT('',(0.0545,0.0309470932757107,-0.00199325323438346));
#6551=CARTESIAN_POINT('',(0.0525,0.0309470932757107,-0.00199325323438346));
#6552=CARTESIAN_POINT('',(0.0545,0.0307950208100307,-0.00267432063425022));
#6553=CARTESIAN_POINT('',(0.0525,0.0307950208100307,-0.00267432063425022));
#6554=CARTESIAN_POINT('',(0.0545,0.0304721383784352,-0.00320956140184885));
#6555=CARTESIAN_POINT('',(0.0525,0.0304721383784352,-0.00320956140184885));
#6556=CARTESIAN_POINT('',(0.0545,0.0299784459809242,-0.00359897553717937));
#6557=CARTESIAN_POINT('',(0.0525,0.0299784459809242,-0.00359897553717937));
#6558=CARTESIAN_POINT('',(0.0545,0.0309470932757107,-0.00199325323438346));
#6559=CARTESIAN_POINT('',(0.0545,0.0309470932757107,-0.00199325323438346));
#6560=CARTESIAN_POINT('',(0.0545,0.0309470932757107,-0.00199325323438346));
#6561=CARTESIAN_POINT('',(0.0545,0.0307189845771908,-0.00301485433418359));
#6562=CARTESIAN_POINT('',(0.0545,0.0299784459809242,-0.00359897553717937));
#6563=CARTESIAN_POINT('',(0.0545,0.0299988128290063,-0.00199325323438346));
#6564=CARTESIAN_POINT('',(0.0545,0.0290505323823019,-0.00199325323438346));
#6565=CARTESIAN_POINT('',(0.0545,0.0290505323823019,-0.00199325323438346));
#6566=CARTESIAN_POINT('',(0.0545,0.0299988128290063,-0.00199325323438346));
#6567=CARTESIAN_POINT('',(0.0545,0.0281218041097563,-0.00266128585147765));
#6568=CARTESIAN_POINT('',(0.0525,0.0281218041097563,-0.00266128585147765));
#6569=CARTESIAN_POINT('',(0.0545,0.0285801939705916,-0.00266128585147765));
#6570=CARTESIAN_POINT('',(0.0525,0.0285801939705916,-0.00266128585147765));
#6571=CARTESIAN_POINT('',(0.0545,0.0288897700614402,-0.00243860831244626));
#6572=CARTESIAN_POINT('',(0.0525,0.0288897700614402,-0.00243860831244626));
#6573=CARTESIAN_POINT('',(0.0545,0.0290505323823019,-0.00199325323438346));
#6574=CARTESIAN_POINT('',(0.0525,0.0290505323823019,-0.00199325323438346));
#6575=CARTESIAN_POINT('',(0.0545,0.0281218041097563,-0.00266128585147765));
#6576=CARTESIAN_POINT('',(0.0545,0.0281218041097563,-0.00266128585147765));
#6577=CARTESIAN_POINT('',(0.0545,0.0281218041097563,-0.00266128585147765));
#6578=CARTESIAN_POINT('',(0.0545,0.0288093889010093,-0.00266128585147765));
#6579=CARTESIAN_POINT('',(0.0545,0.0290505323823019,-0.00199325323438346));
#6580=CARTESIAN_POINT('',(0.0545,0.0273397171434021,-0.00228083312930328));
#6581=CARTESIAN_POINT('',(0.0525,0.0273397171434021,-0.00228083312930328));
#6582=CARTESIAN_POINT('',(0.0545,0.0275341526530929,-0.00253446827741953));
#6583=CARTESIAN_POINT('',(0.0525,0.0275341526530929,-0.00253446827741953));
#6584=CARTESIAN_POINT('',(0.0545,0.0277948483085443,-0.00266128585147765));
#6585=CARTESIAN_POINT('',(0.0525,0.0277948483085443,-0.00266128585147765));
#6586=CARTESIAN_POINT('',(0.0545,0.0281218041097563,-0.00266128585147765));
#6587=CARTESIAN_POINT('',(0.0525,0.0281218041097563,-0.00266128585147765));
#6588=CARTESIAN_POINT('',(0.0545,0.0273397171434021,-0.00228083312930328));
#6589=CARTESIAN_POINT('',(0.0545,0.0273397171434021,-0.00228083312930328));
#6590=CARTESIAN_POINT('',(0.0545,0.0273397171434021,-0.00228083312930328));
#6591=CARTESIAN_POINT('',(0.0545,0.0276313704079384,-0.00266128585147765));
#6592=CARTESIAN_POINT('',(0.0545,0.0281218041097563,-0.00266128585147765));
#6593=CARTESIAN_POINT('',(0.0545,0.0270480638788659,-0.00118998474602387));
#6594=CARTESIAN_POINT('',(0.0525,0.0270480638788659,-0.00118998474602387));
#6595=CARTESIAN_POINT('',(0.0545,0.0270480638788659,-0.00166358185342723));
#6596=CARTESIAN_POINT('',(0.0525,0.0270480638788659,-0.00166358185342723));
#6597=CARTESIAN_POINT('',(0.0545,0.0271452816337113,-0.00202719798118703));
#6598=CARTESIAN_POINT('',(0.0525,0.0271452816337113,-0.00202719798118703));
#6599=CARTESIAN_POINT('',(0.0545,0.0273397171434021,-0.00228083312930328));
#6600=CARTESIAN_POINT('',(0.0525,0.0273397171434021,-0.00228083312930328));
#6601=CARTESIAN_POINT('',(0.0545,0.0270480638788659,-0.00118998474602387));
#6602=CARTESIAN_POINT('',(0.0545,0.0270480638788659,-0.00118998474602387));
#6603=CARTESIAN_POINT('',(0.0545,0.0270480638788659,-0.00118998474602387));
#6604=CARTESIAN_POINT('',(0.0545,0.0270480638788659,-0.0019003804071289));
#6605=CARTESIAN_POINT('',(0.0545,0.0273397171434021,-0.00228083312930328));
#6606=CARTESIAN_POINT('',(0.0545,0.0273397171434021,-0.000100765710591037));
#6607=CARTESIAN_POINT('',(0.0525,0.0273397171434021,-0.000100765710591037));
#6608=CARTESIAN_POINT('',(0.0545,0.0271452816337113,-0.000354400858707284));
#6609=CARTESIAN_POINT('',(0.0525,0.0271452816337113,-0.000354400858707284));
#6610=CARTESIAN_POINT('',(0.0545,0.0270480638788659,-0.000717473870518229));
#6611=CARTESIAN_POINT('',(0.0525,0.0270480638788659,-0.000717473870518229));
#6612=CARTESIAN_POINT('',(0.0545,0.0270480638788659,-0.00118998474602387));
#6613=CARTESIAN_POINT('',(0.0525,0.0270480638788659,-0.00118998474602387));
#6614=CARTESIAN_POINT('',(0.0545,0.0273397171434021,-0.000100765710591037));
#6615=CARTESIAN_POINT('',(0.0545,0.0273397171434021,-0.000100765710591037));
#6616=CARTESIAN_POINT('',(0.0545,0.0273397171434021,-0.000100765710591037));
#6617=CARTESIAN_POINT('',(0.0545,0.0270480638788659,-0.000481218432765408));
#6618=CARTESIAN_POINT('',(0.0545,0.0270480638788659,-0.00118998474602387));
#6619=CARTESIAN_POINT('',(0.0545,0.0281218041097563,0.000279687011583333));
#6620=CARTESIAN_POINT('',(0.0525,0.0281218041097563,0.000279687011583333));
#6621=CARTESIAN_POINT('',(0.0545,0.0277948483085443,0.000279687011583333));
#6622=CARTESIAN_POINT('',(0.0525,0.0277948483085443,0.000279687011583333));
#6623=CARTESIAN_POINT('',(0.0545,0.0275341526530929,0.00015286943752521));
#6624=CARTESIAN_POINT('',(0.0525,0.0275341526530929,0.00015286943752521));
#6625=CARTESIAN_POINT('',(0.0545,0.0273397171434021,-0.000100765710591037));
#6626=CARTESIAN_POINT('',(0.0525,0.0273397171434021,-0.000100765710591037));
#6627=CARTESIAN_POINT('',(0.0545,0.0281218041097563,0.000279687011583333));
#6628=CARTESIAN_POINT('',(0.0545,0.0281218041097563,0.000279687011583333));
#6629=CARTESIAN_POINT('',(0.0545,0.0281218041097563,0.000279687011583333));
#6630=CARTESIAN_POINT('',(0.0545,0.0276313704079384,0.000279687011583333));
#6631=CARTESIAN_POINT('',(0.0545,0.0273397171434021,-0.000100765710591037));
#6632=CARTESIAN_POINT('',(0.0545,0.0290505323823019,-0.00038834560551085));
#6633=CARTESIAN_POINT('',(0.0525,0.0290505323823019,-0.00038834560551085));
#6634=CARTESIAN_POINT('',(0.0545,0.0288897700614402,5.70094725519386E-5));
#6635=CARTESIAN_POINT('',(0.0525,0.0288897700614402,5.70094725519386E-5));
#6636=CARTESIAN_POINT('',(0.0545,0.0285801939705916,0.000279687011583333));
#6637=CARTESIAN_POINT('',(0.0525,0.0285801939705916,0.000279687011583333));
#6638=CARTESIAN_POINT('',(0.0545,0.0281218041097563,0.000279687011583333));
#6639=CARTESIAN_POINT('',(0.0525,0.0281218041097563,0.000279687011583333));
#6640=CARTESIAN_POINT('',(0.0545,0.0290505323823019,-0.00038834560551085));
#6641=CARTESIAN_POINT('',(0.0545,0.0290505323823019,-0.00038834560551085));
#6642=CARTESIAN_POINT('',(0.0545,0.0290505323823019,-0.00038834560551085));
#6643=CARTESIAN_POINT('',(0.0545,0.0288093889010093,0.000279687011583333));
#6644=CARTESIAN_POINT('',(0.0545,0.0281218041097563,0.000279687011583333));
#6645=CARTESIAN_POINT('',(0.0545,0.0299988128290063,-0.00038834560551085));
#6646=CARTESIAN_POINT('',(0.0545,0.0309470932757107,-0.00038834560551085));
#6647=CARTESIAN_POINT('',(0.0545,0.0309470932757107,-0.00038834560551085));
#6648=CARTESIAN_POINT('',(0.0545,0.0299988128290063,-0.00038834560551085));
#6649=CARTESIAN_POINT('',(0.0545,0.0299833340244639,0.00122796745828776));
#6650=CARTESIAN_POINT('',(0.0525,0.0299833340244639,0.00122796745828776));
#6651=CARTESIAN_POINT('',(0.0545,0.0304737677262818,0.00084561383029239));
#6652=CARTESIAN_POINT('',(0.0525,0.0304737677262818,0.00084561383029239));
#6653=CARTESIAN_POINT('',(0.0545,0.0307950208100307,0.000306842809026187));
#6654=CARTESIAN_POINT('',(0.0525,0.0307950208100307,0.000306842809026187));
#6655=CARTESIAN_POINT('',(0.0545,0.0309470932757107,-0.00038834560551085));
#6656=CARTESIAN_POINT('',(0.0525,0.0309470932757107,-0.00038834560551085));
#6657=CARTESIAN_POINT('',(0.0545,0.0299833340244639,0.00122796745828776));
#6658=CARTESIAN_POINT('',(0.0545,0.0299833340244639,0.00122796745828776));
#6659=CARTESIAN_POINT('',(0.0545,0.0299833340244639,0.00122796745828776));
#6660=CARTESIAN_POINT('',(0.0545,0.0307189845771908,0.000654437016294705));
#6661=CARTESIAN_POINT('',(0.0545,0.0309470932757107,-0.00038834560551085));
#6662=CARTESIAN_POINT('',(0.0545,0.0281527617188412,0.00180149790028082));
#6663=CARTESIAN_POINT('',(0.0525,0.0281527617188412,0.00180149790028082));
#6664=CARTESIAN_POINT('',(0.0545,0.028882709554105,0.00180149790028082));
#6665=CARTESIAN_POINT('',(0.0525,0.028882709554105,0.00180149790028082));
#6666=CARTESIAN_POINT('',(0.0545,0.0294929003226459,0.00161032108628313));
#6667=CARTESIAN_POINT('',(0.0525,0.0294929003226459,0.00161032108628313));
#6668=CARTESIAN_POINT('',(0.0545,0.0299833340244639,0.00122796745828776));
#6669=CARTESIAN_POINT('',(0.0525,0.0299833340244639,0.00122796745828776));
#6670=CARTESIAN_POINT('',(0.0545,0.0281527617188412,0.00180149790028082));
#6671=CARTESIAN_POINT('',(0.0545,0.0281527617188412,0.00180149790028082));
#6672=CARTESIAN_POINT('',(0.0545,0.0281527617188412,0.00180149790028082));
#6673=CARTESIAN_POINT('',(0.0545,0.0292476834717369,0.00180149790028082));
#6674=CARTESIAN_POINT('',(0.0545,0.0299833340244639,0.00122796745828776));
#6675=CARTESIAN_POINT('',(0.0545,0.0266358388736833,0.00143652398264887));
#6676=CARTESIAN_POINT('',(0.0525,0.0266358388736833,0.00143652398264887));
#6677=CARTESIAN_POINT('',(0.0545,0.0270768490241553,0.00167983992773683));
#6678=CARTESIAN_POINT('',(0.0525,0.0270768490241553,0.00167983992773683));
#6679=CARTESIAN_POINT('',(0.0545,0.0275824899725412,0.00180149790028082));
#6680=CARTESIAN_POINT('',(0.0525,0.0275824899725412,0.00180149790028082));
#6681=CARTESIAN_POINT('',(0.0545,0.0281527617188412,0.00180149790028082));
#6682=CARTESIAN_POINT('',(0.0525,0.0281527617188412,0.00180149790028082));
#6683=CARTESIAN_POINT('',(0.0545,0.0266358388736833,0.00143652398264887));
#6684=CARTESIAN_POINT('',(0.0545,0.0266358388736833,0.00143652398264887));
#6685=CARTESIAN_POINT('',(0.0545,0.0266358388736833,0.00143652398264887));
#6686=CARTESIAN_POINT('',(0.0545,0.0272973540993912,0.00180149790028082));
#6687=CARTESIAN_POINT('',(0.0545,0.0281527617188412,0.00180149790028082));
#6688=CARTESIAN_POINT('',(0.0545,0.0278732240857355,-0.000818424385157653));
#6689=CARTESIAN_POINT('',(0.0545,0.0278732240857355,-0.000818424385157653));
#6690=CARTESIAN_POINT('',(0.0545,-1.02257383847054E-18,-0.0002));
#6691=CARTESIAN_POINT('',(0.0545,0.0228247942605534,-0.000627859738956814));
#6692=CARTESIAN_POINT('',(0.0525,0.0228247942605534,-0.000627859738956814));
#6693=CARTESIAN_POINT('',(0.0545,0.0228247942605534,-0.000321542343801432));
#6694=CARTESIAN_POINT('',(0.0525,0.0228247942605534,-0.000321542343801432));
#6695=CARTESIAN_POINT('',(0.0545,0.0227205159983728,-7.79548407390408E-5));
#6696=CARTESIAN_POINT('',(0.0525,0.0227205159983728,-7.79548407390408E-5));
#6697=CARTESIAN_POINT('',(0.0545,0.0225119594740117,0.000102902770230361));
#6698=CARTESIAN_POINT('',(0.0525,0.0225119594740117,0.000102902770230361));
#6699=CARTESIAN_POINT('',(0.0525,0.0228247942605534,-0.000627859738956814));
#6700=CARTESIAN_POINT('',(0.0525,0.0228247942605534,-0.000168383646223742));
#6701=CARTESIAN_POINT('',(0.0525,0.0225119594740117,0.000102902770230361));
#6702=CARTESIAN_POINT('',(0.0525,0.0228247942605534,-0.000627859738956814));
#6703=CARTESIAN_POINT('',(0.0525,0.0225119594740117,0.000102902770230361));
#6704=CARTESIAN_POINT('',(0.0545,0.0228247942605534,-0.000627859738956814));
#6705=CARTESIAN_POINT('',(0.0545,0.0228247942605534,-0.000627859738956814));
#6706=CARTESIAN_POINT('',(0.0545,0.0228247942605534,-0.000627859738956814));
#6707=CARTESIAN_POINT('',(0.0545,0.0228247942605534,-0.000168383646223742));
#6708=CARTESIAN_POINT('',(0.0545,0.0225119594740117,0.000102902770230361));
#6709=CARTESIAN_POINT('',(0.0545,0.0225119594740117,0.000102902770230361));
#6710=CARTESIAN_POINT('',(0.0545,0.0225119594740117,0.000102902770230361));
#6711=CARTESIAN_POINT('',(0.0545,0.0217095056595754,-0.000627859738956814));
#6712=CARTESIAN_POINT('',(0.0525,0.0217095056595754,-0.000627859738956814));
#6713=CARTESIAN_POINT('',(0.0525,0.0205942170585974,-0.000627859738956814));
#6714=CARTESIAN_POINT('',(0.0545,0.0205942170585974,-0.000627859738956814));
#6715=CARTESIAN_POINT('',(0.0545,0.0205942170585974,-0.000627859738956814));
#6716=CARTESIAN_POINT('',(0.0545,0.0217095056595754,-0.000627859738956814));
#6717=CARTESIAN_POINT('',(0.0545,0.0209738551068485,0.000113493531233073));
#6718=CARTESIAN_POINT('',(0.0525,0.0209738551068485,0.000113493531233073));
#6719=CARTESIAN_POINT('',(0.0545,0.0207685572781805,-6.03035724011863E-5));
#6720=CARTESIAN_POINT('',(0.0525,0.0207685572781805,-6.03035724011863E-5));
#6721=CARTESIAN_POINT('',(0.0545,0.0206420112620968,-0.000307421329131149));
#6722=CARTESIAN_POINT('',(0.0525,0.0206420112620968,-0.000307421329131149));
#6723=CARTESIAN_POINT('',(0.0545,0.0205942170585974,-0.000627859738956814));
#6724=CARTESIAN_POINT('',(0.0525,0.0205942170585974,-0.000627859738956814));
#6725=CARTESIAN_POINT('',(0.0525,0.0209738551068485,0.000113493531233073));
#6726=CARTESIAN_POINT('',(0.0525,0.0206659083638466,-0.000147202124218316));
#6727=CARTESIAN_POINT('',(0.0525,0.0205942170585974,-0.000627859738956814));
#6728=CARTESIAN_POINT('',(0.0525,0.0209738551068485,0.000113493531233073));
#6729=CARTESIAN_POINT('',(0.0545,0.0209738551068485,0.000113493531233073));
#6730=CARTESIAN_POINT('',(0.0545,0.0209738551068485,0.000113493531233073));
#6731=CARTESIAN_POINT('',(0.0545,0.0209738551068485,0.000113493531233073));
#6732=CARTESIAN_POINT('',(0.0545,0.0206659083638466,-0.000147202124218316));
#6733=CARTESIAN_POINT('',(0.0545,0.0205942170585974,-0.000627859738956814));
#6734=CARTESIAN_POINT('',(0.0545,0.0217298725076576,0.000374189186684462));
#6735=CARTESIAN_POINT('',(0.0525,0.0217298725076576,0.000374189186684462));
#6736=CARTESIAN_POINT('',(0.0545,0.0214311587357861,0.000374189186684462));
#6737=CARTESIAN_POINT('',(0.0525,0.0214311587357861,0.000374189186684462));
#6738=CARTESIAN_POINT('',(0.0545,0.0211791529355165,0.000287290634867332));
#6739=CARTESIAN_POINT('',(0.0525,0.0211791529355165,0.000287290634867332));
#6740=CARTESIAN_POINT('',(0.0545,0.0209738551068485,0.000113493531233073));
#6741=CARTESIAN_POINT('',(0.0525,0.0209738551068485,0.000113493531233073));
#6742=CARTESIAN_POINT('',(0.0525,0.0217298725076576,0.000374189186684462));
#6743=CARTESIAN_POINT('',(0.0525,0.0212818018498504,0.000374189186684462));
#6744=CARTESIAN_POINT('',(0.0525,0.0209738551068485,0.000113493531233073));
#6745=CARTESIAN_POINT('',(0.0525,0.0217298725076576,0.000374189186684462));
#6746=CARTESIAN_POINT('',(0.0545,0.0217298725076576,0.000374189186684462));
#6747=CARTESIAN_POINT('',(0.0545,0.0217298725076576,0.000374189186684462));
#6748=CARTESIAN_POINT('',(0.0545,0.0217298725076576,0.000374189186684462));
#6749=CARTESIAN_POINT('',(0.0545,0.0212818018498504,0.000374189186684462));
#6750=CARTESIAN_POINT('',(0.0545,0.0209738551068485,0.000113493531233073));
#6751=CARTESIAN_POINT('',(0.054500000000001,0.0200286216486414,-0.00108226233254861));
#6752=CARTESIAN_POINT('',(0.0545,0.0246496638487131,-0.00109711191876931));
#6753=CARTESIAN_POINT('',(0.0545,0.0246496638487131,-0.00109711191876931));
#6754=CARTESIAN_POINT('',(0.0545,0.0200286216486414,-0.00108226233254861));
#6755=CARTESIAN_POINT('',(0.0545,0.0246185887939896,-0.00161850322967209));
#6756=CARTESIAN_POINT('',(0.0545,0.0246185887939896,-0.00161850322967209));
#6757=CARTESIAN_POINT('',(0.0545,0.0242798018875415,0.000436104404854167));
#6758=CARTESIAN_POINT('',(0.0525,0.0242798018875415,0.000436104404854167));
#6759=CARTESIAN_POINT('',(0.0545,0.0245263765283226,-1.64704992462384E-6));
#6760=CARTESIAN_POINT('',(0.0525,0.0245263765283226,-1.64704992462384E-6));
#6761=CARTESIAN_POINT('',(0.0545,0.0246496638487131,-0.000512719157799117));
#6762=CARTESIAN_POINT('',(0.0525,0.0246496638487131,-0.000512719157799117));
#6763=CARTESIAN_POINT('',(0.0545,0.0246496638487131,-0.00109711191876931));
#6764=CARTESIAN_POINT('',(0.0525,0.0246496638487131,-0.00109711191876931));
#6765=CARTESIAN_POINT('',(0.0545,0.0242798018875415,0.000436104404854167));
#6766=CARTESIAN_POINT('',(0.0545,0.0242798018875415,0.000436104404854167));
#6767=CARTESIAN_POINT('',(0.0545,0.0242798018875415,0.000436104404854167));
#6768=CARTESIAN_POINT('',(0.0545,0.0246496638487131,-0.000220522777314019));
#6769=CARTESIAN_POINT('',(0.0545,0.0246496638487131,-0.00109711191876931));
#6770=CARTESIAN_POINT('',(0.0545,0.022057761520359,-0.000793461036143365));
#6771=CARTESIAN_POINT('',(0.0545,0.0232524980702783,0.00144711474365158));
#6772=CARTESIAN_POINT('',(0.0545,0.0232524980702783,0.00144711474365158));
#6773=CARTESIAN_POINT('',(0.0545,0.022057761520359,-0.000793461036143365));
#6774=CARTESIAN_POINT('',(0.0545,0.0217510540296629,0.00180149790028082));
#6775=CARTESIAN_POINT('',(0.0525,0.0217510540296629,0.00180149790028082));
#6776=CARTESIAN_POINT('',(0.0545,0.0223137221526789,0.00180149790028082));
#6777=CARTESIAN_POINT('',(0.0525,0.0223137221526789,0.00180149790028082));
#6778=CARTESIAN_POINT('',(0.0545,0.0228142034995507,0.0016833701814044));
#6779=CARTESIAN_POINT('',(0.0525,0.0228142034995507,0.0016833701814044));
#6780=CARTESIAN_POINT('',(0.0545,0.0232524980702783,0.00144711474365158));
#6781=CARTESIAN_POINT('',(0.0525,0.0232524980702783,0.00144711474365158));
#6782=CARTESIAN_POINT('',(0.0545,0.0217510540296629,0.00180149790028082));
#6783=CARTESIAN_POINT('',(0.0545,0.0217510540296629,0.00180149790028082));
#6784=CARTESIAN_POINT('',(0.0545,0.0217510540296629,0.00180149790028082));
#6785=CARTESIAN_POINT('',(0.0545,0.0225950562141869,0.00180149790028082));
#6786=CARTESIAN_POINT('',(0.0545,0.0232524980702783,0.00144711474365158));
#6787=CARTESIAN_POINT('',(0.0545,0.0202186523799627,0.00143652398264887));
#6788=CARTESIAN_POINT('',(0.0525,0.0202186523799627,0.00143652398264887));
#6789=CARTESIAN_POINT('',(0.0545,0.0206634643420767,0.00167983992773683));
#6790=CARTESIAN_POINT('',(0.0525,0.0206634643420767,0.00167983992773683));
#6791=CARTESIAN_POINT('',(0.0545,0.0211742648919768,0.00180149790028082));
#6792=CARTESIAN_POINT('',(0.0525,0.0211742648919768,0.00180149790028082));
#6793=CARTESIAN_POINT('',(0.0545,0.0217510540296629,0.00180149790028082));
#6794=CARTESIAN_POINT('',(0.0525,0.0217510540296629,0.00180149790028082));
#6795=CARTESIAN_POINT('',(0.0545,0.0202186523799627,0.00143652398264887));
#6796=CARTESIAN_POINT('',(0.0545,0.0202186523799627,0.00143652398264887));
#6797=CARTESIAN_POINT('',(0.0545,0.0202186523799627,0.00143652398264887));
#6798=CARTESIAN_POINT('',(0.0545,0.0208858703231336,0.00180149790028082));
#6799=CARTESIAN_POINT('',(0.0545,0.0217510540296629,0.00180149790028082));
#6800=CARTESIAN_POINT('',(0.0545,0.0214404317406646,-0.000815935097227271));
#6801=CARTESIAN_POINT('',(0.0545,0.019180757801697,0.000393741360843315));
#6802=CARTESIAN_POINT('',(0.0545,0.019180757801697,0.000393741360843315));
#6803=CARTESIAN_POINT('',(0.0545,0.0214404317406646,-0.000815935097227271));
#6804=CARTESIAN_POINT('',(0.0545,0.018810081166602,-0.00118998474602387));
#6805=CARTESIAN_POINT('',(0.0525,0.018810081166602,-0.00118998474602387));
#6806=CARTESIAN_POINT('',(0.0545,0.018810081166602,-0.000586039810894821));
#6807=CARTESIAN_POINT('',(0.0525,0.018810081166602,-0.000586039810894821));
#6808=CARTESIAN_POINT('',(0.0545,0.018933640044967,-5.81311086057582E-5));
#6809=CARTESIAN_POINT('',(0.0525,0.018933640044967,-5.81311086057582E-5));
#6810=CARTESIAN_POINT('',(0.0545,0.019180757801697,0.000393741360843315));
#6811=CARTESIAN_POINT('',(0.0525,0.019180757801697,0.000393741360843315));
#6812=CARTESIAN_POINT('',(0.0545,0.018810081166602,-0.00118998474602387));
#6813=CARTESIAN_POINT('',(0.0545,0.018810081166602,-0.00118998474602387));
#6814=CARTESIAN_POINT('',(0.0545,0.018810081166602,-0.00118998474602387));
#6815=CARTESIAN_POINT('',(0.0545,0.018810081166602,-0.000284067343330295));
#6816=CARTESIAN_POINT('',(0.0545,0.019180757801697,0.000393741360843315));
#6817=CARTESIAN_POINT('',(0.0545,0.0191856458452367,-0.00277534020073763));
#6818=CARTESIAN_POINT('',(0.0525,0.0191856458452367,-0.00277534020073763));
#6819=CARTESIAN_POINT('',(0.0545,0.0189352693928136,-0.00232346773128856));
#6820=CARTESIAN_POINT('',(0.0525,0.0189352693928136,-0.00232346773128856));
#6821=CARTESIAN_POINT('',(0.0545,0.018810081166602,-0.00179501591305064));
#6822=CARTESIAN_POINT('',(0.0525,0.018810081166602,-0.00179501591305064));
#6823=CARTESIAN_POINT('',(0.0545,0.018810081166602,-0.00118998474602387));
#6824=CARTESIAN_POINT('',(0.0525,0.018810081166602,-0.00118998474602387));
#6825=CARTESIAN_POINT('',(0.0545,0.0191856458452367,-0.00277534020073763));
#6826=CARTESIAN_POINT('',(0.0545,0.0191856458452367,-0.00277534020073763));
#6827=CARTESIAN_POINT('',(0.0545,0.0191856458452367,-0.00277534020073763));
#6828=CARTESIAN_POINT('',(0.0545,0.018810081166602,-0.00209753149656402));
#6829=CARTESIAN_POINT('',(0.0545,0.018810081166602,-0.00118998474602387));
#6830=CARTESIAN_POINT('',(0.0545,0.0214668262153951,-0.00153873823408544));
#6831=CARTESIAN_POINT('',(0.0545,0.0202284284670422,-0.00381812282254318));
#6832=CARTESIAN_POINT('',(0.0545,0.0202284272005013,-0.00381812515372778));
#6833=CARTESIAN_POINT('',(0.0545,0.0214668262153951,-0.00153873823408544));
#6834=CARTESIAN_POINT('',(0.0545,0.0217510540296629,-0.00418309674017513));
#6835=CARTESIAN_POINT('',(0.0525,0.0217510540296629,-0.00418309674017513));
#6836=CARTESIAN_POINT('',(0.0545,0.0211807822833631,-0.00418309674017513));
#6837=CARTESIAN_POINT('',(0.0525,0.0211807822833631,-0.00418309674017513));
#6838=CARTESIAN_POINT('',(0.0545,0.0206732404291561,-0.00406143876763115));
#6839=CARTESIAN_POINT('',(0.0525,0.0206732404291561,-0.00406143876763115));
#6840=CARTESIAN_POINT('',(0.0545,0.0202284284670422,-0.00381812282254318));
#6841=CARTESIAN_POINT('',(0.0525,0.0202284284670422,-0.00381812282254318));
#6842=CARTESIAN_POINT('',(0.0545,0.0217510540296629,-0.00418309674017513));
#6843=CARTESIAN_POINT('',(0.0545,0.0217510540296629,-0.00418309674017513));
#6844=CARTESIAN_POINT('',(0.0545,0.0217510540296629,-0.00418309674017513));
#6845=CARTESIAN_POINT('',(0.0545,0.0208956464102131,-0.00418309674017513));
#6846=CARTESIAN_POINT('',(0.0545,0.0202284284670422,-0.00381812282254318));
#6847=CARTESIAN_POINT('',(0.0545,0.0230333507849145,-0.00392240108472374));
#6848=CARTESIAN_POINT('',(0.0525,0.0230333507849145,-0.00392240108472374));
#6849=CARTESIAN_POINT('',(0.0545,0.0226509971569191,-0.004096198188358));
#6850=CARTESIAN_POINT('',(0.0525,0.0226509971569191,-0.004096198188358));
#6851=CARTESIAN_POINT('',(0.0545,0.0222235649051686,-0.00418309674017513));
#6852=CARTESIAN_POINT('',(0.0525,0.0222235649051686,-0.00418309674017513));
#6853=CARTESIAN_POINT('',(0.0545,0.0217510540296629,-0.00418309674017513));
#6854=CARTESIAN_POINT('',(0.0525,0.0217510540296629,-0.00418309674017513));
#6855=CARTESIAN_POINT('',(0.0545,0.0230333507849145,-0.00392240108472374));
#6856=CARTESIAN_POINT('',(0.0545,0.0230333507849145,-0.00392240108472374));
#6857=CARTESIAN_POINT('',(0.0545,0.0230333507849145,-0.00392240108472374));
#6858=CARTESIAN_POINT('',(0.0545,0.0224598203429215,-0.00418309674017513));
#6859=CARTESIAN_POINT('',(0.0545,0.0217510540296629,-0.00418309674017513));
#6860=CARTESIAN_POINT('',(0.0545000000000001,0.0219677106607515,-0.00151202033643485));
#6861=CARTESIAN_POINT('',(0.0545,0.0239873339490819,-0.00320304401046256));
#6862=CARTESIAN_POINT('',(0.0545,0.0239874591341923,-0.00320314908826991));
#6863=CARTESIAN_POINT('',(0.0545,0.0219677106607515,-0.00151202033643485));
#6864=CARTESIAN_POINT('',(0.0545000000000001,0.0219853703225237,-0.0015296697015013));
#6865=CARTESIAN_POINT('',(0.0545,0.0245143701187651,-0.00217085214965972));
#6866=CARTESIAN_POINT('',(0.0545,0.0245143701187651,-0.00217085214965972));
#6867=CARTESIAN_POINT('',(0.0545,0.0219853703225237,-0.0015296697015013));
#6868=CARTESIAN_POINT('',(0.0545,0.02356533285682,-0.00217085214965972));
#6869=CARTESIAN_POINT('',(0.0545,0.0226162377361923,-0.00217085214965972));
#6870=CARTESIAN_POINT('',(0.0545,0.0226162377361923,-0.00217085214965972));
#6871=CARTESIAN_POINT('',(0.0545,0.02356533285682,-0.00217085214965972));
#6872=CARTESIAN_POINT('',(0.0545,0.0216891388114933,-0.00273460650457335));
#6873=CARTESIAN_POINT('',(0.0525,0.0216891388114933,-0.00273460650457335));
#6874=CARTESIAN_POINT('',(0.0545,0.0221334076576583,-0.00273460650457335));
#6875=CARTESIAN_POINT('',(0.0525,0.0221334076576583,-0.00273460650457335));
#6876=CARTESIAN_POINT('',(0.0545,0.022442440632558,-0.00254668838626881));
#6877=CARTESIAN_POINT('',(0.0525,0.022442440632558,-0.00254668838626881));
#6878=CARTESIAN_POINT('',(0.0545,0.0226162377361923,-0.00217085214965972));
#6879=CARTESIAN_POINT('',(0.0525,0.0226162377361923,-0.00217085214965972));
#6880=CARTESIAN_POINT('',(0.0545,0.0216891388114933,-0.00273460650457335));
#6881=CARTESIAN_POINT('',(0.0545,0.0216891388114933,-0.00273460650457335));
#6882=CARTESIAN_POINT('',(0.0545,0.0216891388114933,-0.00273460650457335));
#6883=CARTESIAN_POINT('',(0.0545,0.0223555420807409,-0.00273460650457335));
#6884=CARTESIAN_POINT('',(0.0545,0.0226162377361923,-0.00217085214965972));
#6885=CARTESIAN_POINT('',(0.0545,0.0209323067367609,-0.00244784128357682));
#6886=CARTESIAN_POINT('',(0.0525,0.0209323067367609,-0.00244784128357682));
#6887=CARTESIAN_POINT('',(0.0545,0.02113706144948,-0.00263901809757451));
#6888=CARTESIAN_POINT('',(0.0525,0.02113706144948,-0.00263901809757451));
#6889=CARTESIAN_POINT('',(0.0545,0.0213893388077241,-0.00273460650457335));
#6890=CARTESIAN_POINT('',(0.0525,0.0213893388077241,-0.00273460650457335));
#6891=CARTESIAN_POINT('',(0.0545,0.0216891388114933,-0.00273460650457335));
#6892=CARTESIAN_POINT('',(0.0525,0.0216891388114933,-0.00273460650457335));
#6893=CARTESIAN_POINT('',(0.0545,0.0209323067367609,-0.00244784128357682));
#6894=CARTESIAN_POINT('',(0.0545,0.0209323067367609,-0.00244784128357682));
#6895=CARTESIAN_POINT('',(0.0545,0.0209323067367609,-0.00244784128357682));
#6896=CARTESIAN_POINT('',(0.0545,0.0212394388058396,-0.00273460650457335));
#6897=CARTESIAN_POINT('',(0.0545,0.0216891388114933,-0.00273460650457335));
#6898=CARTESIAN_POINT('',(0.0545,0.0205828116236714,-0.00161850322967209));
#6899=CARTESIAN_POINT('',(0.0525,0.0205828116236714,-0.00161850322967209));
#6900=CARTESIAN_POINT('',(0.0545,0.020611053653012,-0.00198021845161089));
#6901=CARTESIAN_POINT('',(0.0525,0.020611053653012,-0.00198021845161089));
#6902=CARTESIAN_POINT('',(0.0545,0.0207275520240419,-0.00225666446957914));
#6903=CARTESIAN_POINT('',(0.0525,0.0207275520240419,-0.00225666446957914));
#6904=CARTESIAN_POINT('',(0.0545,0.0209323067367609,-0.00244784128357682));
#6905=CARTESIAN_POINT('',(0.0525,0.0209323067367609,-0.00244784128357682));
#6906=CARTESIAN_POINT('',(0.0545,0.0205828116236714,-0.00161850322967209));
#6907=CARTESIAN_POINT('',(0.0545,0.0205828116236714,-0.00161850322967209));
#6908=CARTESIAN_POINT('',(0.0545,0.0205828116236714,-0.00161850322967209));
#6909=CARTESIAN_POINT('',(0.0545,0.0206251746676823,-0.00216107606258029));
#6910=CARTESIAN_POINT('',(0.0545,0.0209323067367609,-0.00244784128357682));
#6911=CARTESIAN_POINT('',(0.0545,0.0226007589316498,-0.00161850322967209));
#6912=CARTESIAN_POINT('',(0.0545,0.0226007589316498,-0.00161850322967209));
#6913=CARTESIAN_POINT('',(0.0545,0.0225119594740117,0.000102902770230361));
#6914=CARTESIAN_POINT('',(0.0525,0.0225119594740117,0.000102902770230361));
#6915=CARTESIAN_POINT('',(0.0545,0.0223034029496506,0.000283760381199762));
#6916=CARTESIAN_POINT('',(0.0525,0.0223034029496506,0.000283760381199762));
#6917=CARTESIAN_POINT('',(0.0545,0.0220427072941992,0.000374189186684462));
#6918=CARTESIAN_POINT('',(0.0525,0.0220427072941992,0.000374189186684462));
#6919=CARTESIAN_POINT('',(0.0545,0.0217298725076576,0.000374189186684462));
#6920=CARTESIAN_POINT('',(0.0525,0.0217298725076576,0.000374189186684462));
#6921=CARTESIAN_POINT('',(0.0525,0.0225119594740117,0.000102902770230361));
#6922=CARTESIAN_POINT('',(0.0525,0.0221991246874701,0.000374189186684462));
#6923=CARTESIAN_POINT('',(0.0525,0.0217298725076576,0.000374189186684462));
#6924=CARTESIAN_POINT('',(0.0545,0.0225119594740117,0.000102902770230361));
#6925=CARTESIAN_POINT('',(0.0545,0.0221991246874701,0.000374189186684462));
#6926=CARTESIAN_POINT('',(0.0545,0.0217298725076576,0.000374189186684462));
#6927=CARTESIAN_POINT('',(0.0545,-1.02257383847054E-18,-0.0002));
#6928=CARTESIAN_POINT('',(0.0545,0.0142120615435781,-0.00255700758929709));
#6929=CARTESIAN_POINT('',(0.0525,0.0142120615435781,-0.00255700758929709));
#6930=CARTESIAN_POINT('',(0.0545,0.0148855253201609,-0.00255700758929709));
#6931=CARTESIAN_POINT('',(0.0525,0.0148855253201609,-0.00255700758929709));
#6932=CARTESIAN_POINT('',(0.0545,0.0154101753267568,-0.00237261972466012));
#6933=CARTESIAN_POINT('',(0.0525,0.0154101753267568,-0.00237261972466012));
#6934=CARTESIAN_POINT('',(0.0545,0.0157860115633658,-0.00200384399538617));
#6935=CARTESIAN_POINT('',(0.0525,0.0157860115633658,-0.00200384399538617));
#6936=CARTESIAN_POINT('',(0.0525,0.0142120615435781,-0.00255700758929709));
#6937=CARTESIAN_POINT('',(0.0525,0.0152222572084522,-0.00255700758929709));
#6938=CARTESIAN_POINT('',(0.0525,0.0157860115633658,-0.00200384399538617));
#6939=CARTESIAN_POINT('',(0.0525,0.0142120615435781,-0.00255700758929709));
#6940=CARTESIAN_POINT('',(0.0525,0.0157860115633658,-0.00200384399538617));
#6941=CARTESIAN_POINT('',(0.0545,0.0142120615435781,-0.00255700758929709));
#6942=CARTESIAN_POINT('',(0.0545,0.0142120615435781,-0.00255700758929709));
#6943=CARTESIAN_POINT('',(0.0545,0.0142120615435781,-0.00255700758929709));
#6944=CARTESIAN_POINT('',(0.0545,0.0152222572084522,-0.00255700758929709));
#6945=CARTESIAN_POINT('',(0.0545,0.0157860115633658,-0.00200384399538617));
#6946=CARTESIAN_POINT('',(0.0545,0.0157860115633658,-0.00200384399538617));
#6947=CARTESIAN_POINT('',(0.0545,0.0157860115633658,-0.00200384399538617));
#6948=CARTESIAN_POINT('',(0.0545,0.0137892457773929,-0.00255700758929709));
#6949=CARTESIAN_POINT('',(0.0525,0.0137892457773929,-0.00255700758929709));
#6950=CARTESIAN_POINT('',(0.0525,0.0133664300112077,-0.00255700758929709));
#6951=CARTESIAN_POINT('',(0.0545,0.0133664300112077,-0.00255700758929709));
#6952=CARTESIAN_POINT('',(0.0545,0.0133664300112077,-0.00255700758929709));
#6953=CARTESIAN_POINT('',(0.0545,0.0137892457773929,-0.00255700758929709));
#6954=CARTESIAN_POINT('',(0.0545,0.0133664300112077,-0.000429893975598416));
#6955=CARTESIAN_POINT('',(0.0525,0.0133664300112077,-0.000429893975598416));
#6956=CARTESIAN_POINT('',(0.0525,0.0133664300112077,0.00169721963810026));
#6957=CARTESIAN_POINT('',(0.0545,0.0133664300112077,0.00169721963810026));
#6958=CARTESIAN_POINT('',(0.0545,0.0133664300112077,0.00169721963810026));
#6959=CARTESIAN_POINT('',(0.0545,0.0133664300112077,-0.000429893975598416));
#6960=CARTESIAN_POINT('',(0.0545,0.0137892457773929,0.00169721963810026));
#6961=CARTESIAN_POINT('',(0.0525,0.0137892457773929,0.00169721963810026));
#6962=CARTESIAN_POINT('',(0.0525,0.0142120615435781,0.00169721963810026));
#6963=CARTESIAN_POINT('',(0.0545,0.0142120615435781,0.00169721963810026));
#6964=CARTESIAN_POINT('',(0.0545,0.0142120615435781,0.00169721963810026));
#6965=CARTESIAN_POINT('',(0.0545,0.0137892457773929,0.00169721963810026));
#6966=CARTESIAN_POINT('',(0.0545,0.0157860115633658,0.00113427995710992));
#6967=CARTESIAN_POINT('',(0.0525,0.0157860115633658,0.00113427995710992));
#6968=CARTESIAN_POINT('',(0.0545,0.0154101753267568,0.00150957307777015));
#6969=CARTESIAN_POINT('',(0.0525,0.0154101753267568,0.00150957307777015));
#6970=CARTESIAN_POINT('',(0.0545,0.0148855253201609,0.00169721963810026));
#6971=CARTESIAN_POINT('',(0.0525,0.0148855253201609,0.00169721963810026));
#6972=CARTESIAN_POINT('',(0.0545,0.0142120615435781,0.00169721963810026));
#6973=CARTESIAN_POINT('',(0.0525,0.0142120615435781,0.00169721963810026));
#6974=CARTESIAN_POINT('',(0.0525,0.0157860115633658,0.00113427995710992));
#6975=CARTESIAN_POINT('',(0.0525,0.0152222572084522,0.00169721963810026));
#6976=CARTESIAN_POINT('',(0.0525,0.0142120615435781,0.00169721963810026));
#6977=CARTESIAN_POINT('',(0.0525,0.0157860115633658,0.00113427995710992));
#6978=CARTESIAN_POINT('',(0.0545,0.0157860115633658,0.00113427995710992));
#6979=CARTESIAN_POINT('',(0.0545,0.0157860115633658,0.00113427995710992));
#6980=CARTESIAN_POINT('',(0.0545,0.0157860115633658,0.00113427995710992));
#6981=CARTESIAN_POINT('',(0.0545,0.0152222572084522,0.00169721963810026));
#6982=CARTESIAN_POINT('',(0.0545,0.0142120615435781,0.00169721963810026));
#6983=CARTESIAN_POINT('',(0.0545,0.0163497659182795,-0.000440484736601129));
#6984=CARTESIAN_POINT('',(0.0525,0.0163497659182795,-0.000440484736601129));
#6985=CARTESIAN_POINT('',(0.0545,0.0163497659182795,0.00023406527187934));
#6986=CARTESIAN_POINT('',(0.0525,0.0163497659182795,0.00023406527187934));
#6987=CARTESIAN_POINT('',(0.0545,0.016161847799975,0.000758986836449689));
#6988=CARTESIAN_POINT('',(0.0525,0.016161847799975,0.000758986836449689));
#6989=CARTESIAN_POINT('',(0.0545,0.0157860115633658,0.00113427995710992));
#6990=CARTESIAN_POINT('',(0.0525,0.0157860115633658,0.00113427995710992));
#6991=CARTESIAN_POINT('',(0.0525,0.0163497659182795,-0.000440484736601129));
#6992=CARTESIAN_POINT('',(0.0525,0.0163497659182795,0.000571340276119575));
#6993=CARTESIAN_POINT('',(0.0525,0.0157860115633658,0.00113427995710992));
#6994=CARTESIAN_POINT('',(0.0525,0.0163497659182795,-0.000440484736601129));
#6995=CARTESIAN_POINT('',(0.0545,0.0163497659182795,-0.000440484736601129));
#6996=CARTESIAN_POINT('',(0.0545,0.0163497659182795,-0.000440484736601129));
#6997=CARTESIAN_POINT('',(0.0545,0.0163497659182795,-0.000440484736601129));
#6998=CARTESIAN_POINT('',(0.0545,0.0163497659182795,0.000571340276119575));
#6999=CARTESIAN_POINT('',(0.0545,0.0157860115633658,0.00113427995710992));
#7000=CARTESIAN_POINT('',(0.0545,0.0143261158928381,0.00322065987464431));
#7001=CARTESIAN_POINT('',(0.0525,0.0143261158928381,0.00322065987464431));
#7002=CARTESIAN_POINT('',(0.0545,0.0150973405402151,0.00322065987464431));
#7003=CARTESIAN_POINT('',(0.0525,0.0150973405402151,0.00322065987464431));
#7004=CARTESIAN_POINT('',(0.0545,0.0157716189907212,0.00306777273504105));
#7005=CARTESIAN_POINT('',(0.0525,0.0157716189907212,0.00306777273504105));
#7006=CARTESIAN_POINT('',(0.0545,0.0163489512443562,0.00276199845583452));
#7007=CARTESIAN_POINT('',(0.0525,0.0163489512443562,0.00276199845583452));
#7008=CARTESIAN_POINT('',(0.0545,0.0143261158928381,0.00322065987464431));
#7009=CARTESIAN_POINT('',(0.0545,0.0143261158928381,0.00322065987464431));
#7010=CARTESIAN_POINT('',(0.0545,0.0143261158928381,0.00322065987464431));
#7011=CARTESIAN_POINT('',(0.0545,0.0154829528639036,0.00322065987464431));
#7012=CARTESIAN_POINT('',(0.0545,0.0163489512443562,0.00276199845583452));
#7013=CARTESIAN_POINT('',(0.0545,0.0163489512443562,0.00276199845583452));
#7014=CARTESIAN_POINT('',(0.0545,0.0163489512443562,0.00276199845583452));
#7015=CARTESIAN_POINT('',(0.0545,0.0129550196799484,0.00322065987464431));
#7016=CARTESIAN_POINT('',(0.0545,0.0115839234670588,0.00322065987464431));
#7017=CARTESIAN_POINT('',(0.0545,0.0115839234670588,0.00322065987464431));
#7018=CARTESIAN_POINT('',(0.0545,0.0129550196799484,0.00322065987464431));
#7019=CARTESIAN_POINT('',(0.0545,0.0115839234670588,-0.000439670062677843));
#7020=CARTESIAN_POINT('',(0.0545,0.0115839234670588,-0.0041));
#7021=CARTESIAN_POINT('',(0.0545,0.0115839234670588,-0.0041));
#7022=CARTESIAN_POINT('',(0.0545,0.0115839234670588,-0.000439670062677843));
#7023=CARTESIAN_POINT('',(0.0545,0.0129550196799484,-0.0041));
#7024=CARTESIAN_POINT('',(0.0545,0.0143261158928381,-0.0041));
#7025=CARTESIAN_POINT('',(0.0545,0.0143261158928381,-0.0041));
#7026=CARTESIAN_POINT('',(0.0545,0.0129550196799484,-0.0041));
#7027=CARTESIAN_POINT('',(0.0545,0.0163440632008165,-0.00364133858119021));
#7028=CARTESIAN_POINT('',(0.0525,0.0163440632008165,-0.00364133858119021));
#7029=CARTESIAN_POINT('',(0.0545,0.0157634722514883,-0.00394711286039674));
#7030=CARTESIAN_POINT('',(0.0525,0.0157634722514883,-0.00394711286039674));
#7031=CARTESIAN_POINT('',(0.0545,0.0150908231488288,-0.0041));
#7032=CARTESIAN_POINT('',(0.0525,0.0150908231488288,-0.0041));
#7033=CARTESIAN_POINT('',(0.0545,0.0143261158928381,-0.0041));
#7034=CARTESIAN_POINT('',(0.0525,0.0143261158928381,-0.0041));
#7035=CARTESIAN_POINT('',(0.0545,0.0163440632008165,-0.00364133858119021));
#7036=CARTESIAN_POINT('',(0.0545,0.0163440632008165,-0.00364133858119021));
#7037=CARTESIAN_POINT('',(0.0545,0.0163440632008165,-0.00364133858119021));
#7038=CARTESIAN_POINT('',(0.0545,0.0154731767768242,-0.0041));
#7039=CARTESIAN_POINT('',(0.0545,0.0143261158928381,-0.0041));
#7040=CARTESIAN_POINT('',(0.0545,0.017689089848161,-0.00234845106493598));
#7041=CARTESIAN_POINT('',(0.0525,0.017689089848161,-0.00234845106493598));
#7042=CARTESIAN_POINT('',(0.0545,0.0173729963659262,-0.00290460179656561));
#7043=CARTESIAN_POINT('',(0.0525,0.0173729963659262,-0.00290460179656561));
#7044=CARTESIAN_POINT('',(0.0545,0.0169246541501447,-0.00333556430198369));
#7045=CARTESIAN_POINT('',(0.0525,0.0169246541501447,-0.00333556430198369));
#7046=CARTESIAN_POINT('',(0.0545,0.0163440632008165,-0.00364133858119021));
#7047=CARTESIAN_POINT('',(0.0525,0.0163440632008165,-0.00364133858119021));
#7048=CARTESIAN_POINT('',(0.0545,0.017689089848161,-0.00234845106493598));
#7049=CARTESIAN_POINT('',(0.0545,0.017689089848161,-0.00234845106493598));
#7050=CARTESIAN_POINT('',(0.0545,0.017689089848161,-0.00234845106493598));
#7051=CARTESIAN_POINT('',(0.0545,0.0172149496248088,-0.00318267716238042));
#7052=CARTESIAN_POINT('',(0.0545,0.0163440632008165,-0.00364133858119021));
#7053=CARTESIAN_POINT('',(0.0545,0.0181632300715133,-0.000440484736601129));
#7054=CARTESIAN_POINT('',(0.0525,0.0181632300715133,-0.000440484736601129));
#7055=CARTESIAN_POINT('',(0.0545,0.0181632300715133,-0.00115631155719473));
#7056=CARTESIAN_POINT('',(0.0525,0.0181632300715133,-0.00115631155719473));
#7057=CARTESIAN_POINT('',(0.0545,0.0180051833303958,-0.00179230033330635));
#7058=CARTESIAN_POINT('',(0.0525,0.0180051833303958,-0.00179230033330635));
#7059=CARTESIAN_POINT('',(0.0545,0.017689089848161,-0.00234845106493598));
#7060=CARTESIAN_POINT('',(0.0525,0.017689089848161,-0.00234845106493598));
#7061=CARTESIAN_POINT('',(0.0545,0.0181632300715133,-0.000440484736601129));
#7062=CARTESIAN_POINT('',(0.0545,0.0181632300715133,-0.000440484736601129));
#7063=CARTESIAN_POINT('',(0.0545,0.0181632300715133,-0.000440484736601129));
#7064=CARTESIAN_POINT('',(0.0545,0.0181632300715133,-0.00151422496749154));
#7065=CARTESIAN_POINT('',(0.0545,0.017689089848161,-0.00234845106493598));
#7066=CARTESIAN_POINT('',(0.0545,0.017689089848161,0.00147399898312001));
#7067=CARTESIAN_POINT('',(0.0525,0.017689089848161,0.00147399898312001));
#7068=CARTESIAN_POINT('',(0.0545,0.0180051833303958,0.000921106947183522));
#7069=CARTESIAN_POINT('',(0.0525,0.0180051833303958,0.000921106947183522));
#7070=CARTESIAN_POINT('',(0.0545,0.0181632300715133,0.000282945707276476));
#7071=CARTESIAN_POINT('',(0.0525,0.0181632300715133,0.000282945707276476));
#7072=CARTESIAN_POINT('',(0.0545,0.0181632300715133,-0.000440484736601129));
#7073=CARTESIAN_POINT('',(0.0525,0.0181632300715133,-0.000440484736601129));
#7074=CARTESIAN_POINT('',(0.0545,0.017689089848161,0.00147399898312001));
#7075=CARTESIAN_POINT('',(0.0545,0.017689089848161,0.00147399898312001));
#7076=CARTESIAN_POINT('',(0.0545,0.017689089848161,0.00147399898312001));
#7077=CARTESIAN_POINT('',(0.0545,0.0181632300715133,0.000644660929215278));
#7078=CARTESIAN_POINT('',(0.0545,0.0181632300715133,-0.000440484736601129));
#7079=CARTESIAN_POINT('',(0.0545,0.0163489512443562,0.00276199845583452));
#7080=CARTESIAN_POINT('',(0.0525,0.0163489512443562,0.00276199845583452));
#7081=CARTESIAN_POINT('',(0.0545,0.0169262834979913,0.002456224176628));
#7082=CARTESIAN_POINT('',(0.0525,0.0169262834979913,0.002456224176628));
#7083=CARTESIAN_POINT('',(0.0545,0.0173729963659262,0.0020268910190565));
#7084=CARTESIAN_POINT('',(0.0525,0.0173729963659262,0.0020268910190565));
#7085=CARTESIAN_POINT('',(0.0545,0.017689089848161,0.00147399898312001));
#7086=CARTESIAN_POINT('',(0.0525,0.017689089848161,0.00147399898312001));
#7087=CARTESIAN_POINT('',(0.0545,0.0163489512443562,0.00276199845583452));
#7088=CARTESIAN_POINT('',(0.0545,0.0172149496248088,0.00230333703702474));
#7089=CARTESIAN_POINT('',(0.0545,0.017689089848161,0.00147399898312001));
#7090=CARTESIAN_POINT('',(0.0545,0.0157860115633658,-0.00200384399538617));
#7091=CARTESIAN_POINT('',(0.0525,0.0157860115633658,-0.00200384399538617));
#7092=CARTESIAN_POINT('',(0.0545,0.016161847799975,-0.00163506826611223));
#7093=CARTESIAN_POINT('',(0.0525,0.016161847799975,-0.00163506826611223));
#7094=CARTESIAN_POINT('',(0.0545,0.0163497659182795,-0.00111394851318388));
#7095=CARTESIAN_POINT('',(0.0525,0.0163497659182795,-0.00111394851318388));
#7096=CARTESIAN_POINT('',(0.0545,0.0163497659182795,-0.000440484736601129));
#7097=CARTESIAN_POINT('',(0.0525,0.0163497659182795,-0.000440484736601129));
#7098=CARTESIAN_POINT('',(0.0525,0.0157860115633658,-0.00200384399538617));
#7099=CARTESIAN_POINT('',(0.0525,0.0163497659182795,-0.00145068040147526));
#7100=CARTESIAN_POINT('',(0.0525,0.0163497659182795,-0.000440484736601129));
#7101=CARTESIAN_POINT('',(0.0545,0.0157860115633658,-0.00200384399538617));
#7102=CARTESIAN_POINT('',(0.0545,0.0163497659182795,-0.00145068040147526));
#7103=CARTESIAN_POINT('',(0.0545,0.0163497659182795,-0.000440484736601129));
#7104=CARTESIAN_POINT('',(0.0545,-1.02257383847054E-18,-0.0002));
#7105=CARTESIAN_POINT('',(0.0545,0.00629506035708875,-0.00118998474602387));
#7106=CARTESIAN_POINT('',(0.0525,0.00629506035708875,-0.00118998474602387));
#7107=CARTESIAN_POINT('',(0.0545,0.00629506035708875,-0.000745715899858797));
#7108=CARTESIAN_POINT('',(0.0525,0.00629506035708875,-0.000745715899858797));
#7109=CARTESIAN_POINT('',(0.0545,0.00617177303669819,-0.000394862996897136));
#7110=CARTESIAN_POINT('',(0.0525,0.00617177303669819,-0.000394862996897136));
#7111=CARTESIAN_POINT('',(0.0545,0.00592519839591708,-0.000137426037138889));
#7112=CARTESIAN_POINT('',(0.0525,0.00592519839591708,-0.000137426037138889));
#7113=CARTESIAN_POINT('',(0.0525,0.00629506035708875,-0.00118998474602387));
#7114=CARTESIAN_POINT('',(0.0525,0.00629506035708875,-0.000523581476776259));
#7115=CARTESIAN_POINT('',(0.0525,0.00592519839591708,-0.000137426037138889));
#7116=CARTESIAN_POINT('',(0.0525,0.00629506035708875,-0.00118998474602387));
#7117=CARTESIAN_POINT('',(0.0525,0.00592519839591708,-0.000137426037138889));
#7118=CARTESIAN_POINT('',(0.0545,0.00629506035708875,-0.00118998474602387));
#7119=CARTESIAN_POINT('',(0.0545,0.00629506035708875,-0.00118998474602387));
#7120=CARTESIAN_POINT('',(0.0545,0.00629506035708875,-0.00118998474602387));
#7121=CARTESIAN_POINT('',(0.0545,0.00629506035708875,-0.000523581476776259));
#7122=CARTESIAN_POINT('',(0.0545,0.00592519839591708,-0.000137426037138889));
#7123=CARTESIAN_POINT('',(0.0545,0.00592519839591708,-0.000137426037138889));
#7124=CARTESIAN_POINT('',(0.0545,0.00592519839591708,-0.000137426037138889));
#7125=CARTESIAN_POINT('',(0.0545,0.00592519839591708,-0.00224417280275542));
#7126=CARTESIAN_POINT('',(0.0525,0.00592519839591708,-0.00224417280275542));
#7127=CARTESIAN_POINT('',(0.0545,0.00617177303669819,-0.00198673584299718));
#7128=CARTESIAN_POINT('',(0.0525,0.00617177303669819,-0.00198673584299718));
#7129=CARTESIAN_POINT('',(0.0545,0.00629506035708875,-0.00163533982408666));
#7130=CARTESIAN_POINT('',(0.0525,0.00629506035708875,-0.00163533982408666));
#7131=CARTESIAN_POINT('',(0.0545,0.00629506035708875,-0.00118998474602387));
#7132=CARTESIAN_POINT('',(0.0525,0.00629506035708875,-0.00118998474602387));
#7133=CARTESIAN_POINT('',(0.0525,0.00592519839591708,-0.00224417280275542));
#7134=CARTESIAN_POINT('',(0.0525,0.00629506035708875,-0.00185801736311806));
#7135=CARTESIAN_POINT('',(0.0525,0.00629506035708875,-0.00118998474602387));
#7136=CARTESIAN_POINT('',(0.0525,0.00592519839591708,-0.00224417280275542));
#7137=CARTESIAN_POINT('',(0.0545,0.00592519839591708,-0.00224417280275542));
#7138=CARTESIAN_POINT('',(0.0545,0.00592519839591708,-0.00224417280275542));
#7139=CARTESIAN_POINT('',(0.0545,0.00592519839591708,-0.00224417280275542));
#7140=CARTESIAN_POINT('',(0.0545,0.00629506035708875,-0.00185801736311806));
#7141=CARTESIAN_POINT('',(0.0545,0.00629506035708875,-0.00118998474602387));
#7142=CARTESIAN_POINT('',(0.0545,0.00504387990068806,-0.00143287094546608));
#7143=CARTESIAN_POINT('',(0.0525,0.00504387990068806,-0.00143287094546608));
#7144=CARTESIAN_POINT('',(0.0525,0.00502417328037158,-0.00263002675769022));
#7145=CARTESIAN_POINT('',(0.0545,0.00502416903676323,-0.00263032824239279));
#7146=CARTESIAN_POINT('',(0.0545,0.00502417328037158,-0.00263002675769022));
#7147=CARTESIAN_POINT('',(0.0545,0.00504387990068806,-0.00143287094546608));
#7148=CARTESIAN_POINT('',(0.0545,0.00500511871943844,-0.00143822945460782));
#7149=CARTESIAN_POINT('',(0.0525,0.00500511871943844,-0.00143822945460782));
#7150=CARTESIAN_POINT('',(0.0525,0.00412151032976279,-0.00223928475921571));
#7151=CARTESIAN_POINT('',(0.0545,0.00412151032976279,-0.00223928475921571));
#7152=CARTESIAN_POINT('',(0.0545,0.00412151032976279,-0.00223928475921571));
#7153=CARTESIAN_POINT('',(0.0545,0.00500511871943844,-0.00143822945460782));
#7154=CARTESIAN_POINT('',(0.0545,0.00375164836859113,-0.00118020865894444));
#7155=CARTESIAN_POINT('',(0.0525,0.00375164836859113,-0.00118020865894444));
#7156=CARTESIAN_POINT('',(0.0545,0.00375164836859113,-0.00162556373700723));
#7157=CARTESIAN_POINT('',(0.0525,0.00375164836859113,-0.00162556373700723));
#7158=CARTESIAN_POINT('',(0.0545,0.00387493568898168,-0.00197858910376432));
#7159=CARTESIAN_POINT('',(0.0525,0.00387493568898168,-0.00197858910376432));
#7160=CARTESIAN_POINT('',(0.0545,0.00412151032976279,-0.00223928475921571));
#7161=CARTESIAN_POINT('',(0.0525,0.00412151032976279,-0.00223928475921571));
#7162=CARTESIAN_POINT('',(0.0525,0.00375164836859113,-0.00118020865894444));
#7163=CARTESIAN_POINT('',(0.0525,0.00375164836859113,-0.00184824127603863));
#7164=CARTESIAN_POINT('',(0.0525,0.00412151032976279,-0.00223928475921571));
#7165=CARTESIAN_POINT('',(0.0525,0.00375164836859113,-0.00118020865894444));
#7166=CARTESIAN_POINT('',(0.0545,0.00375164836859113,-0.00118020865894444));
#7167=CARTESIAN_POINT('',(0.0545,0.00375164836859113,-0.00118020865894444));
#7168=CARTESIAN_POINT('',(0.0545,0.00375164836859113,-0.00118020865894444));
#7169=CARTESIAN_POINT('',(0.0545,0.00375164836859113,-0.00184824127603863));
#7170=CARTESIAN_POINT('',(0.0545,0.00412151032976279,-0.00223928475921571));
#7171=CARTESIAN_POINT('',(0.0545,0.00412151032976279,-0.000131723319675889));
#7172=CARTESIAN_POINT('',(0.0525,0.00412151032976279,-0.000131723319675889));
#7173=CARTESIAN_POINT('',(0.0545,0.00387493568898168,-0.000385358467792136));
#7174=CARTESIAN_POINT('',(0.0525,0.00387493568898168,-0.000385358467792136));
#7175=CARTESIAN_POINT('',(0.0545,0.00375164836859113,-0.000734853580881655));
#7176=CARTESIAN_POINT('',(0.0525,0.00375164836859113,-0.000734853580881655));
#7177=CARTESIAN_POINT('',(0.0545,0.00375164836859113,-0.00118020865894444));
#7178=CARTESIAN_POINT('',(0.0525,0.00375164836859113,-0.00118020865894444));
#7179=CARTESIAN_POINT('',(0.0525,0.00412151032976279,-0.000131723319675889));
#7180=CARTESIAN_POINT('',(0.0525,0.00375164836859113,-0.00051217604185026));
#7181=CARTESIAN_POINT('',(0.0525,0.00375164836859113,-0.00118020865894444));
#7182=CARTESIAN_POINT('',(0.0525,0.00412151032976279,-0.000131723319675889));
#7183=CARTESIAN_POINT('',(0.0545,0.00412151032976279,-0.000131723319675889));
#7184=CARTESIAN_POINT('',(0.0545,0.00412151032976279,-0.000131723319675889));
#7185=CARTESIAN_POINT('',(0.0545,0.00412151032976279,-0.000131723319675889));
#7186=CARTESIAN_POINT('',(0.0545,0.00375164836859113,-0.00051217604185026));
#7187=CARTESIAN_POINT('',(0.0545,0.00375164836859113,-0.00118020865894444));
#7188=CARTESIAN_POINT('',(0.0545,0.00500164216129527,-0.000959389431768762));
#7189=CARTESIAN_POINT('',(0.0525,0.00500164216129527,-0.000959389431768762));
#7190=CARTESIAN_POINT('',(0.0525,0.00502416119122066,0.00024833128880899));
#7191=CARTESIAN_POINT('',(0.0545,0.00502416903676323,0.000248729402498481));
#7192=CARTESIAN_POINT('',(0.0545,0.00502416119122066,0.00024833128880899));
#7193=CARTESIAN_POINT('',(0.0545,0.00500164216129527,-0.000959389431768762));
#7194=CARTESIAN_POINT('',(0.0545,0.00193655486751084,-0.00118020865894444));
#7195=CARTESIAN_POINT('',(0.0525,0.00193655486751084,-0.00118020865894444));
#7196=CARTESIAN_POINT('',(0.0545,0.00193655486751084,-0.000582781115201678));
#7197=CARTESIAN_POINT('',(0.0525,0.00193655486751084,-0.000582781115201678));
#7198=CARTESIAN_POINT('',(0.0545,0.0020495229848731,-5.81311086057582E-5));
#7199=CARTESIAN_POINT('',(0.0525,0.0020495229848731,-5.81311086057582E-5));
#7200=CARTESIAN_POINT('',(0.0545,0.00227545921959764,0.000393741360843315));
#7201=CARTESIAN_POINT('',(0.0525,0.00227545921959764,0.000393741360843315));
#7202=CARTESIAN_POINT('',(0.0545,0.00193655486751084,-0.00118020865894444));
#7203=CARTESIAN_POINT('',(0.0545,0.00193655486751084,-0.00118020865894444));
#7204=CARTESIAN_POINT('',(0.0545,0.00193655486751084,-0.00118020865894444));
#7205=CARTESIAN_POINT('',(0.0545,0.00193655486751084,-0.000284067343330295));
#7206=CARTESIAN_POINT('',(0.0545,0.00227545921959764,0.000393741360843315));
#7207=CARTESIAN_POINT('',(0.0545,0.00227545921959764,0.000393741360843315));
#7208=CARTESIAN_POINT('',(0.0545,0.00227545921959764,0.000393741360843315));
#7209=CARTESIAN_POINT('',(0.0545,0.00227545921959764,-0.0027598613961952));
#7210=CARTESIAN_POINT('',(0.0525,0.00227545921959764,-0.0027598613961952));
#7211=CARTESIAN_POINT('',(0.0545,0.0020495229848731,-0.00230418711510413));
#7212=CARTESIAN_POINT('',(0.0525,0.0020495229848731,-0.00230418711510413));
#7213=CARTESIAN_POINT('',(0.0545,0.00193655486751084,-0.00177763620268721));
#7214=CARTESIAN_POINT('',(0.0525,0.00193655486751084,-0.00177763620268721));
#7215=CARTESIAN_POINT('',(0.0545,0.00193655486751084,-0.00118020865894444));
#7216=CARTESIAN_POINT('',(0.0525,0.00193655486751084,-0.00118020865894444));
#7217=CARTESIAN_POINT('',(0.0545,0.00227545921959764,-0.0027598613961952));
#7218=CARTESIAN_POINT('',(0.0545,0.00227545921959764,-0.0027598613961952));
#7219=CARTESIAN_POINT('',(0.0545,0.00227545921959764,-0.0027598613961952));
#7220=CARTESIAN_POINT('',(0.0545,0.00193655486751084,-0.00207634997455859));
#7221=CARTESIAN_POINT('',(0.0545,0.00193655486751084,-0.00118020865894444));
#7222=CARTESIAN_POINT('',(0.0545,0.00319848477468022,-0.00381323477900347));
#7223=CARTESIAN_POINT('',(0.0525,0.00319848477468022,-0.00381323477900347));
#7224=CARTESIAN_POINT('',(0.0545,0.0028090706393497,-0.00356666013822237));
#7225=CARTESIAN_POINT('',(0.0525,0.0028090706393497,-0.00356666013822237));
#7226=CARTESIAN_POINT('',(0.0545,0.00250139545432218,-0.00321553567728628));
#7227=CARTESIAN_POINT('',(0.0525,0.00250139545432218,-0.00321553567728628));
#7228=CARTESIAN_POINT('',(0.0545,0.00227545921959764,-0.0027598613961952));
#7229=CARTESIAN_POINT('',(0.0525,0.00227545921959764,-0.0027598613961952));
#7230=CARTESIAN_POINT('',(0.0545,0.00319848477468022,-0.00381323477900347));
#7231=CARTESIAN_POINT('',(0.0545,0.00319848477468022,-0.00381323477900347));
#7232=CARTESIAN_POINT('',(0.0545,0.00319848477468022,-0.00381323477900347));
#7233=CARTESIAN_POINT('',(0.0545,0.00261436357168445,-0.00344337281783181));
#7234=CARTESIAN_POINT('',(0.0545,0.00227545921959764,-0.0027598613961952));
#7235=CARTESIAN_POINT('',(0.0545,0.00450277772586045,-0.00418309674017513));
#7236=CARTESIAN_POINT('',(0.0525,0.00450277772586045,-0.00418309674017513));
#7237=CARTESIAN_POINT('',(0.0545,0.0040226632270708,-0.00418309674017513));
#7238=CARTESIAN_POINT('',(0.0525,0.0040226632270708,-0.00418309674017513));
#7239=CARTESIAN_POINT('',(0.0545,0.00358789891001073,-0.00405980941978458));
#7240=CARTESIAN_POINT('',(0.0525,0.00358789891001073,-0.00405980941978458));
#7241=CARTESIAN_POINT('',(0.0545,0.00319848477468022,-0.00381323477900347));
#7242=CARTESIAN_POINT('',(0.0525,0.00319848477468022,-0.00381323477900347));
#7243=CARTESIAN_POINT('',(0.0545,0.00450277772586045,-0.00418309674017513));
#7244=CARTESIAN_POINT('',(0.0545,0.00450277772586045,-0.00418309674017513));
#7245=CARTESIAN_POINT('',(0.0545,0.00450277772586045,-0.00418309674017513));
#7246=CARTESIAN_POINT('',(0.0545,0.00378260597767598,-0.00418309674017513));
#7247=CARTESIAN_POINT('',(0.0545,0.00319848477468022,-0.00381323477900347));
#7248=CARTESIAN_POINT('',(0.0545,0.00558140600029057,-0.00393299184572646));
#7249=CARTESIAN_POINT('',(0.0525,0.00558140600029057,-0.00393299184572646));
#7250=CARTESIAN_POINT('',(0.0545,0.00527182990944204,-0.00409972844202557));
#7251=CARTESIAN_POINT('',(0.0525,0.00527182990944204,-0.00409972844202557));
#7252=CARTESIAN_POINT('',(0.0545,0.00491228715129867,-0.00418309674017513));
#7253=CARTESIAN_POINT('',(0.0525,0.00491228715129867,-0.00418309674017513));
#7254=CARTESIAN_POINT('',(0.0545,0.00450277772586045,-0.00418309674017513));
#7255=CARTESIAN_POINT('',(0.0525,0.00450277772586045,-0.00418309674017513));
#7256=CARTESIAN_POINT('',(0.0545,0.00558140600029057,-0.00393299184572646));
#7257=CARTESIAN_POINT('',(0.0545,0.00558140600029057,-0.00393299184572646));
#7258=CARTESIAN_POINT('',(0.0545,0.00558140600029057,-0.00393299184572646));
#7259=CARTESIAN_POINT('',(0.0545,0.00511704186401778,-0.00418309674017513));
#7260=CARTESIAN_POINT('',(0.0545,0.00450277772586045,-0.00418309674017513));
#7261=CARTESIAN_POINT('',(0.0545,0.00629506035708875,-0.00326577390255556));
#7262=CARTESIAN_POINT('',(0.0525,0.00629506035708875,-0.00326577390255556));
#7263=CARTESIAN_POINT('',(0.0545,0.00612886687673849,-0.00354384926837037));
#7264=CARTESIAN_POINT('',(0.0525,0.00612886687673849,-0.00354384926837037));
#7265=CARTESIAN_POINT('',(0.0545,0.0058909820911391,-0.00376625524942734));
#7266=CARTESIAN_POINT('',(0.0525,0.0058909820911391,-0.00376625524942734));
#7267=CARTESIAN_POINT('',(0.0545,0.00558140600029057,-0.00393299184572646));
#7268=CARTESIAN_POINT('',(0.0525,0.00558140600029057,-0.00393299184572646));
#7269=CARTESIAN_POINT('',(0.0545,0.00629506035708875,-0.00326577390255556));
#7270=CARTESIAN_POINT('',(0.0545,0.00629506035708875,-0.00326577390255556));
#7271=CARTESIAN_POINT('',(0.0545,0.00629506035708875,-0.00326577390255556));
#7272=CARTESIAN_POINT('',(0.0545,0.00604577013656336,-0.00368288695127778));
#7273=CARTESIAN_POINT('',(0.0545,0.00558140600029057,-0.00393299184572646));
#7274=CARTESIAN_POINT('',(0.0545,0.00629506035708875,-0.00368288695127778));
#7275=CARTESIAN_POINT('',(0.0545,0.00629506035708875,-0.0041));
#7276=CARTESIAN_POINT('',(0.0545,0.00629506035708875,-0.0041));
#7277=CARTESIAN_POINT('',(0.0545,0.00629506035708875,-0.00368288695127778));
#7278=CARTESIAN_POINT('',(0.0545,0.00718712830308647,-0.0041));
#7279=CARTESIAN_POINT('',(0.0545,0.00807919624908419,-0.0041));
#7280=CARTESIAN_POINT('',(0.0545,0.00807919624908419,-0.0041));
#7281=CARTESIAN_POINT('',(0.0545,0.00718712830308647,-0.0041));
#7282=CARTESIAN_POINT('',(0.0545,0.00807919624908419,-0.000241704299319445));
#7283=CARTESIAN_POINT('',(0.0545,0.00807919624908419,0.00361659140136111));
#7284=CARTESIAN_POINT('',(0.0545,0.00807919624908419,0.00361659140136111));
#7285=CARTESIAN_POINT('',(0.0545,0.00807919624908419,-0.000241704299319445));
#7286=CARTESIAN_POINT('',(0.0545,0.00718712830308647,0.00361659140136111));
#7287=CARTESIAN_POINT('',(0.0545,0.00629506035708875,0.00361659140136111));
#7288=CARTESIAN_POINT('',(0.0545,0.00629506035708875,0.00361659140136111));
#7289=CARTESIAN_POINT('',(0.0545,0.00718712830308647,0.00361659140136111));
#7290=CARTESIAN_POINT('',(0.0545,0.00629506035708875,0.0022658620365536));
#7291=CARTESIAN_POINT('',(0.0545,0.00629506035708875,0.000915132671746094));
#7292=CARTESIAN_POINT('',(0.0545,0.00629506035708875,0.000915132671746094));
#7293=CARTESIAN_POINT('',(0.0545,0.00629506035708875,0.0022658620365536));
#7294=CARTESIAN_POINT('',(0.0545,0.00555044839120571,0.00156198376683486));
#7295=CARTESIAN_POINT('',(0.0525,0.00555044839120571,0.00156198376683486));
#7296=CARTESIAN_POINT('',(0.0545,0.00586654187344052,0.00140230767787088));
#7297=CARTESIAN_POINT('',(0.0525,0.00586654187344052,0.00140230767787088));
#7298=CARTESIAN_POINT('',(0.0545,0.0061147458620682,0.00118669064617462));
#7299=CARTESIAN_POINT('',(0.0525,0.0061147458620682,0.00118669064617462));
#7300=CARTESIAN_POINT('',(0.0545,0.00629506035708875,0.000915132671746094));
#7301=CARTESIAN_POINT('',(0.0525,0.00629506035708875,0.000915132671746094));
#7302=CARTESIAN_POINT('',(0.0545,0.00555044839120571,0.00156198376683486));
#7303=CARTESIAN_POINT('',(0.0545,0.00555044839120571,0.00156198376683486));
#7304=CARTESIAN_POINT('',(0.0545,0.00555044839120571,0.00156198376683486));
#7305=CARTESIAN_POINT('',(0.0545,0.00602458861455793,0.00132246963338889));
#7306=CARTESIAN_POINT('',(0.0545,0.00629506035708875,0.000915132671746094));
#7307=CARTESIAN_POINT('',(0.0545,0.00450277772586045,0.00180149790028082));
#7308=CARTESIAN_POINT('',(0.0525,0.00450277772586045,0.00180149790028082));
#7309=CARTESIAN_POINT('',(0.0545,0.00488513135385582,0.00180149790028082));
#7310=CARTESIAN_POINT('',(0.0525,0.00488513135385582,0.00180149790028082));
#7311=CARTESIAN_POINT('',(0.0545,0.0052343549089709,0.00172165985579883));
#7312=CARTESIAN_POINT('',(0.0525,0.0052343549089709,0.00172165985579883));
#7313=CARTESIAN_POINT('',(0.0545,0.00555044839120571,0.00156198376683486));
#7314=CARTESIAN_POINT('',(0.0525,0.00555044839120571,0.00156198376683486));
#7315=CARTESIAN_POINT('',(0.0545,0.00450277772586045,0.00180149790028082));
#7316=CARTESIAN_POINT('',(0.0545,0.00450277772586045,0.00180149790028082));
#7317=CARTESIAN_POINT('',(0.0545,0.00450277772586045,0.00180149790028082));
#7318=CARTESIAN_POINT('',(0.0545,0.0050763081678535,0.00180149790028082));
#7319=CARTESIAN_POINT('',(0.0545,0.00555044839120571,0.00156198376683486));
#7320=CARTESIAN_POINT('',(0.0545,0.00319848477468022,0.00143652398264887));
#7321=CARTESIAN_POINT('',(0.0525,0.00319848477468022,0.00143652398264887));
#7322=CARTESIAN_POINT('',(0.0545,0.00358789891001073,0.00167983992773683));
#7323=CARTESIAN_POINT('',(0.0525,0.00358789891001073,0.00167983992773683));
#7324=CARTESIAN_POINT('',(0.0545,0.0040226632270708,0.00180149790028082));
#7325=CARTESIAN_POINT('',(0.0525,0.0040226632270708,0.00180149790028082));
#7326=CARTESIAN_POINT('',(0.0545,0.00450277772586045,0.00180149790028082));
#7327=CARTESIAN_POINT('',(0.0525,0.00450277772586045,0.00180149790028082));
#7328=CARTESIAN_POINT('',(0.0545,0.00319848477468022,0.00143652398264887));
#7329=CARTESIAN_POINT('',(0.0545,0.00319848477468022,0.00143652398264887));
#7330=CARTESIAN_POINT('',(0.0545,0.00319848477468022,0.00143652398264887));
#7331=CARTESIAN_POINT('',(0.0545,0.00378260597767598,0.00180149790028082));
#7332=CARTESIAN_POINT('',(0.0545,0.00450277772586045,0.00180149790028082));
#7333=CARTESIAN_POINT('',(0.0545,0.00227545921959764,0.000393741360843315));
#7334=CARTESIAN_POINT('',(0.0525,0.00227545921959764,0.000393741360843315));
#7335=CARTESIAN_POINT('',(0.0545,0.00250139545432218,0.000845613830292389));
#7336=CARTESIAN_POINT('',(0.0525,0.00250139545432218,0.000845613830292389));
#7337=CARTESIAN_POINT('',(0.0545,0.0028090706393497,0.00119320803756091));
#7338=CARTESIAN_POINT('',(0.0525,0.0028090706393497,0.00119320803756091));
#7339=CARTESIAN_POINT('',(0.0545,0.00319848477468022,0.00143652398264887));
#7340=CARTESIAN_POINT('',(0.0525,0.00319848477468022,0.00143652398264887));
#7341=CARTESIAN_POINT('',(0.0545,0.00227545921959764,0.000393741360843315));
#7342=CARTESIAN_POINT('',(0.0545,0.00261436357168445,0.00107155006501693));
#7343=CARTESIAN_POINT('',(0.0545,0.00319848477468022,0.00143652398264887));
#7344=CARTESIAN_POINT('',(0.0545,0.00504387990068834,-0.000948727894428568));
#7345=CARTESIAN_POINT('',(0.0525,0.00504387990068834,-0.000948727894428568));
#7346=CARTESIAN_POINT('',(0.0545,0.00504387990068834,-0.000948727894428568));
#7347=CARTESIAN_POINT('',(0.0545,-1.02257383847054E-18,-0.0002));
#7348=CARTESIAN_POINT('',(0.0545,-0.000786085384109605,-0.00118998474602387));
#7349=CARTESIAN_POINT('',(0.0525,-0.000786085384109605,-0.00118998474602387));
#7350=CARTESIAN_POINT('',(0.0545,-0.000786085384109605,-0.000745715899858797));
#7351=CARTESIAN_POINT('',(0.0525,-0.000786085384109605,-0.000745715899858797));
#7352=CARTESIAN_POINT('',(0.0545,-0.000909372704500159,-0.000394862996897136));
#7353=CARTESIAN_POINT('',(0.0525,-0.000909372704500158,-0.000394862996897136));
#7354=CARTESIAN_POINT('',(0.0545,-0.00115594734528127,-0.000137426037138889));
#7355=CARTESIAN_POINT('',(0.0525,-0.00115594734528127,-0.000137426037138889));
#7356=CARTESIAN_POINT('',(0.0525,-0.000786085384109605,-0.00118998474602387));
#7357=CARTESIAN_POINT('',(0.0525,-0.000786085384109605,-0.000523581476776259));
#7358=CARTESIAN_POINT('',(0.0525,-0.00115594734528127,-0.000137426037138889));
#7359=CARTESIAN_POINT('',(0.0525,-0.000786085384109605,-0.00118998474602387));
#7360=CARTESIAN_POINT('',(0.0525,-0.00115594734528127,-0.000137426037138889));
#7361=CARTESIAN_POINT('',(0.0545,-0.000786085384109605,-0.00118998474602387));
#7362=CARTESIAN_POINT('',(0.0545,-0.000786085384109605,-0.00118998474602387));
#7363=CARTESIAN_POINT('',(0.0545,-0.000786085384109605,-0.00118998474602387));
#7364=CARTESIAN_POINT('',(0.0545,-0.000786085384109605,-0.000523581476776259));
#7365=CARTESIAN_POINT('',(0.0545,-0.00115594734528127,-0.000137426037138889));
#7366=CARTESIAN_POINT('',(0.0545,-0.00115594734528127,-0.000137426037138889));
#7367=CARTESIAN_POINT('',(0.0545,-0.00115594734528127,-0.000137426037138889));
#7368=CARTESIAN_POINT('',(0.0545,-0.00115594734528127,-0.00224417280275542));
#7369=CARTESIAN_POINT('',(0.0525,-0.00115594734528127,-0.00224417280275542));
#7370=CARTESIAN_POINT('',(0.0545,-0.000909372704500159,-0.00198673584299718));
#7371=CARTESIAN_POINT('',(0.0525,-0.000909372704500158,-0.00198673584299718));
#7372=CARTESIAN_POINT('',(0.0545,-0.000786085384109605,-0.00163533982408666));
#7373=CARTESIAN_POINT('',(0.0525,-0.000786085384109605,-0.00163533982408666));
#7374=CARTESIAN_POINT('',(0.0545,-0.000786085384109605,-0.00118998474602387));
#7375=CARTESIAN_POINT('',(0.0525,-0.000786085384109605,-0.00118998474602387));
#7376=CARTESIAN_POINT('',(0.0525,-0.00115594734528127,-0.00224417280275542));
#7377=CARTESIAN_POINT('',(0.0525,-0.000786085384109605,-0.00185801736311806));
#7378=CARTESIAN_POINT('',(0.0525,-0.000786085384109605,-0.00118998474602387));
#7379=CARTESIAN_POINT('',(0.0525,-0.00115594734528127,-0.00224417280275542));
#7380=CARTESIAN_POINT('',(0.0545,-0.00115594734528127,-0.00224417280275542));
#7381=CARTESIAN_POINT('',(0.0545,-0.00115594734528127,-0.00224417280275542));
#7382=CARTESIAN_POINT('',(0.0545,-0.00115594734528127,-0.00224417280275542));
#7383=CARTESIAN_POINT('',(0.0545,-0.000786085384109605,-0.00185801736311806));
#7384=CARTESIAN_POINT('',(0.0545,-0.000786085384109605,-0.00118998474602387));
#7385=CARTESIAN_POINT('',(0.0545,-0.00203726584052095,-0.00143287094543984));
#7386=CARTESIAN_POINT('',(0.0525,-0.00203726584052095,-0.00143287094543984));
#7387=CARTESIAN_POINT('',(0.0525,-0.0020569724608268,-0.0026300267576909));
#7388=CARTESIAN_POINT('',(0.0545,-0.00205697670443513,-0.00263032824239279));
#7389=CARTESIAN_POINT('',(0.0545,-0.0020569724608268,-0.0026300267576909));
#7390=CARTESIAN_POINT('',(0.0545,-0.00203726584052095,-0.00143287094543984));
#7391=CARTESIAN_POINT('',(0.0545,-0.00207602702175992,-0.00143822945460783));
#7392=CARTESIAN_POINT('',(0.0525,-0.00207602702175992,-0.00143822945460783));
#7393=CARTESIAN_POINT('',(0.0525,-0.00295963541143556,-0.00223928475921571));
#7394=CARTESIAN_POINT('',(0.0545,-0.00295963541143557,-0.00223928475921571));
#7395=CARTESIAN_POINT('',(0.0545,-0.00295963541143557,-0.00223928475921571));
#7396=CARTESIAN_POINT('',(0.0545,-0.00207602702175992,-0.00143822945460783));
#7397=CARTESIAN_POINT('',(0.0545,-0.00332949737260722,-0.00118020865894444));
#7398=CARTESIAN_POINT('',(0.0525,-0.00332949737260722,-0.00118020865894444));
#7399=CARTESIAN_POINT('',(0.0545,-0.00332949737260722,-0.00162556373700723));
#7400=CARTESIAN_POINT('',(0.0525,-0.00332949737260722,-0.00162556373700723));
#7401=CARTESIAN_POINT('',(0.0545,-0.00320621005221667,-0.00197858910376432));
#7402=CARTESIAN_POINT('',(0.0525,-0.00320621005221667,-0.00197858910376432));
#7403=CARTESIAN_POINT('',(0.0545,-0.00295963541143557,-0.00223928475921571));
#7404=CARTESIAN_POINT('',(0.0525,-0.00295963541143556,-0.00223928475921571));
#7405=CARTESIAN_POINT('',(0.0525,-0.00332949737260722,-0.00118020865894444));
#7406=CARTESIAN_POINT('',(0.0525,-0.00332949737260722,-0.00184824127603863));
#7407=CARTESIAN_POINT('',(0.0525,-0.00295963541143556,-0.00223928475921571));
#7408=CARTESIAN_POINT('',(0.0525,-0.00332949737260722,-0.00118020865894444));
#7409=CARTESIAN_POINT('',(0.0545,-0.00332949737260722,-0.00118020865894444));
#7410=CARTESIAN_POINT('',(0.0545,-0.00332949737260722,-0.00118020865894444));
#7411=CARTESIAN_POINT('',(0.0545,-0.00332949737260722,-0.00118020865894444));
#7412=CARTESIAN_POINT('',(0.0545,-0.00332949737260722,-0.00184824127603863));
#7413=CARTESIAN_POINT('',(0.0545,-0.00295963541143557,-0.00223928475921571));
#7414=CARTESIAN_POINT('',(0.0545,-0.00295963541143557,-0.000131723319675889));
#7415=CARTESIAN_POINT('',(0.0525,-0.00295963541143556,-0.000131723319675889));
#7416=CARTESIAN_POINT('',(0.0545,-0.00320621005221667,-0.000385358467792136));
#7417=CARTESIAN_POINT('',(0.0525,-0.00320621005221667,-0.000385358467792136));
#7418=CARTESIAN_POINT('',(0.0545,-0.00332949737260722,-0.000734853580881655));
#7419=CARTESIAN_POINT('',(0.0525,-0.00332949737260722,-0.000734853580881655));
#7420=CARTESIAN_POINT('',(0.0545,-0.00332949737260722,-0.00118020865894444));
#7421=CARTESIAN_POINT('',(0.0525,-0.00332949737260722,-0.00118020865894444));
#7422=CARTESIAN_POINT('',(0.0525,-0.00295963541143556,-0.000131723319675889));
#7423=CARTESIAN_POINT('',(0.0525,-0.00332949737260722,-0.00051217604185026));
#7424=CARTESIAN_POINT('',(0.0525,-0.00332949737260722,-0.00118020865894444));
#7425=CARTESIAN_POINT('',(0.0525,-0.00295963541143556,-0.000131723319675889));
#7426=CARTESIAN_POINT('',(0.0545,-0.00295963541143557,-0.000131723319675889));
#7427=CARTESIAN_POINT('',(0.0545,-0.00295963541143557,-0.000131723319675889));
#7428=CARTESIAN_POINT('',(0.0545,-0.00295963541143557,-0.000131723319675889));
#7429=CARTESIAN_POINT('',(0.0545,-0.00332949737260722,-0.00051217604185026));
#7430=CARTESIAN_POINT('',(0.0545,-0.00332949737260722,-0.00118020865894444));
#7431=CARTESIAN_POINT('',(0.0545,-0.00207950357990184,-0.000959389431770993));
#7432=CARTESIAN_POINT('',(0.0525,-0.00207950357990184,-0.000959389431770993));
#7433=CARTESIAN_POINT('',(0.0525,-0.0020569845499777,0.000248331288809118));
#7434=CARTESIAN_POINT('',(0.0545,-0.00205697670443513,0.000248729402498481));
#7435=CARTESIAN_POINT('',(0.0545,-0.0020569845499777,0.000248331288809118));
#7436=CARTESIAN_POINT('',(0.0545,-0.00207950357990184,-0.000959389431770993));
#7437=CARTESIAN_POINT('',(0.0545,-0.00514459087368752,-0.00118020865894444));
#7438=CARTESIAN_POINT('',(0.0525,-0.00514459087368752,-0.00118020865894444));
#7439=CARTESIAN_POINT('',(0.0545,-0.00514459087368752,-0.000582781115201678));
#7440=CARTESIAN_POINT('',(0.0525,-0.00514459087368752,-0.000582781115201678));
#7441=CARTESIAN_POINT('',(0.0545,-0.00503162275632525,-5.81311086057582E-5));
#7442=CARTESIAN_POINT('',(0.0525,-0.00503162275632525,-5.81311086057582E-5));
#7443=CARTESIAN_POINT('',(0.0545,-0.00480568652160071,0.000393741360843315));
#7444=CARTESIAN_POINT('',(0.0525,-0.00480568652160071,0.000393741360843315));
#7445=CARTESIAN_POINT('',(0.0545,-0.00514459087368752,-0.00118020865894444));
#7446=CARTESIAN_POINT('',(0.0545,-0.00514459087368752,-0.00118020865894444));
#7447=CARTESIAN_POINT('',(0.0545,-0.00514459087368752,-0.00118020865894444));
#7448=CARTESIAN_POINT('',(0.0545,-0.00514459087368752,-0.000284067343330295));
#7449=CARTESIAN_POINT('',(0.0545,-0.00480568652160071,0.000393741360843315));
#7450=CARTESIAN_POINT('',(0.0545,-0.00480568652160071,0.000393741360843315));
#7451=CARTESIAN_POINT('',(0.0545,-0.00480568652160071,0.000393741360843315));
#7452=CARTESIAN_POINT('',(0.0545,-0.00480568652160071,-0.0027598613961952));
#7453=CARTESIAN_POINT('',(0.0525,-0.00480568652160071,-0.0027598613961952));
#7454=CARTESIAN_POINT('',(0.0545,-0.00503162275632525,-0.00230418711510413));
#7455=CARTESIAN_POINT('',(0.0525,-0.00503162275632525,-0.00230418711510413));
#7456=CARTESIAN_POINT('',(0.0545,-0.00514459087368752,-0.00177763620268721));
#7457=CARTESIAN_POINT('',(0.0525,-0.00514459087368752,-0.00177763620268721));
#7458=CARTESIAN_POINT('',(0.0545,-0.00514459087368752,-0.00118020865894444));
#7459=CARTESIAN_POINT('',(0.0525,-0.00514459087368752,-0.00118020865894444));
#7460=CARTESIAN_POINT('',(0.0545,-0.00480568652160071,-0.0027598613961952));
#7461=CARTESIAN_POINT('',(0.0545,-0.00480568652160071,-0.0027598613961952));
#7462=CARTESIAN_POINT('',(0.0545,-0.00480568652160071,-0.0027598613961952));
#7463=CARTESIAN_POINT('',(0.0545,-0.00514459087368752,-0.00207634997455859));
#7464=CARTESIAN_POINT('',(0.0545,-0.00514459087368752,-0.00118020865894444));
#7465=CARTESIAN_POINT('',(0.0545,-0.00388266096651814,-0.00381323477900347));
#7466=CARTESIAN_POINT('',(0.0525,-0.00388266096651813,-0.00381323477900347));
#7467=CARTESIAN_POINT('',(0.0545,-0.00427207510184865,-0.00356666013822237));
#7468=CARTESIAN_POINT('',(0.0525,-0.00427207510184865,-0.00356666013822237));
#7469=CARTESIAN_POINT('',(0.0545,-0.00457975028687617,-0.00321553567728628));
#7470=CARTESIAN_POINT('',(0.0525,-0.00457975028687617,-0.00321553567728628));
#7471=CARTESIAN_POINT('',(0.0545,-0.00480568652160071,-0.0027598613961952));
#7472=CARTESIAN_POINT('',(0.0525,-0.00480568652160071,-0.0027598613961952));
#7473=CARTESIAN_POINT('',(0.0545,-0.00388266096651814,-0.00381323477900347));
#7474=CARTESIAN_POINT('',(0.0545,-0.00388266096651814,-0.00381323477900347));
#7475=CARTESIAN_POINT('',(0.0545,-0.00388266096651814,-0.00381323477900347));
#7476=CARTESIAN_POINT('',(0.0545,-0.00446678216951391,-0.00344337281783181));
#7477=CARTESIAN_POINT('',(0.0545,-0.00480568652160071,-0.0027598613961952));
#7478=CARTESIAN_POINT('',(0.0545,-0.00261401566095242,-0.00181761873868275));
#7479=CARTESIAN_POINT('',(0.0545,-0.00258977345026391,-0.00418309674017513));
#7480=CARTESIAN_POINT('',(0.0545,-0.00258977345026391,-0.00418309674017513));
#7481=CARTESIAN_POINT('',(0.0545,-0.00261401566095242,-0.00181761873868275));
#7482=CARTESIAN_POINT('',(0.0545,-0.00151033050191049,-0.00393299184572646));
#7483=CARTESIAN_POINT('',(0.0525,-0.00151033050191049,-0.00393299184572646));
#7484=CARTESIAN_POINT('',(0.0545,-0.00181936347681016,-0.00409972844202557));
#7485=CARTESIAN_POINT('',(0.0525,-0.00181936347681016,-0.00409972844202557));
#7486=CARTESIAN_POINT('',(0.0545,-0.00217917779292797,-0.00418309674017513));
#7487=CARTESIAN_POINT('',(0.0525,-0.00217917779292797,-0.00418309674017513));
#7488=CARTESIAN_POINT('',(0.0545,-0.00258977345026391,-0.00418309674017513));
#7489=CARTESIAN_POINT('',(0.0525,-0.00258977345026391,-0.00418309674017513));
#7490=CARTESIAN_POINT('',(0.0545,-0.00151033050191049,-0.00393299184572646));
#7491=CARTESIAN_POINT('',(0.0545,-0.00151033050191049,-0.00393299184572646));
#7492=CARTESIAN_POINT('',(0.0545,-0.00151033050191049,-0.00393299184572646));
#7493=CARTESIAN_POINT('',(0.0545,-0.00197387996426,-0.00418309674017513));
#7494=CARTESIAN_POINT('',(0.0545,-0.00258977345026391,-0.00418309674017513));
#7495=CARTESIAN_POINT('',(0.0545,-0.000786085384109605,-0.00327554998963499));
#7496=CARTESIAN_POINT('',(0.0525,-0.000786085384109605,-0.00327554998963499));
#7497=CARTESIAN_POINT('',(0.0545,-0.000959882487743867,-0.00354710796406352));
#7498=CARTESIAN_POINT('',(0.0525,-0.000959882487743867,-0.00354710796406352));
#7499=CARTESIAN_POINT('',(0.0545,-0.00120129752701083,-0.00376625524942734));
#7500=CARTESIAN_POINT('',(0.0525,-0.00120129752701083,-0.00376625524942734));
#7501=CARTESIAN_POINT('',(0.0545,-0.00151033050191049,-0.00393299184572646));
#7502=CARTESIAN_POINT('',(0.0525,-0.00151033050191049,-0.00393299184572646));
#7503=CARTESIAN_POINT('',(0.0545,-0.000786085384109605,-0.00327554998963499));
#7504=CARTESIAN_POINT('',(0.0545,-0.000786085384109605,-0.00327554998963499));
#7505=CARTESIAN_POINT('',(0.0545,-0.000786085384109605,-0.00327554998963499));
#7506=CARTESIAN_POINT('',(0.0545,-0.001046781039561,-0.00368288695127778));
#7507=CARTESIAN_POINT('',(0.0545,-0.00151033050191049,-0.00393299184572646));
#7508=CARTESIAN_POINT('',(0.0545,-0.000786085384109605,-0.00368777499481749));
#7509=CARTESIAN_POINT('',(0.0545,-0.000786085384109605,-0.0041));
#7510=CARTESIAN_POINT('',(0.0545,-0.000786085384109605,-0.0041));
#7511=CARTESIAN_POINT('',(0.0545,-0.000786085384109605,-0.00368777499481749));
#7512=CARTESIAN_POINT('',(0.0545,0.000105982561888116,-0.0041));
#7513=CARTESIAN_POINT('',(0.0545,0.000998050507885837,-0.0041));
#7514=CARTESIAN_POINT('',(0.0545,0.000998050507885837,-0.0041));
#7515=CARTESIAN_POINT('',(0.0545,0.000105982561888116,-0.0041));
#7516=CARTESIAN_POINT('',(0.0545,0.000998050507885837,-0.00119079941994716));
#7517=CARTESIAN_POINT('',(0.0545,0.000998050507885837,0.00171840116010569));
#7518=CARTESIAN_POINT('',(0.0545,0.000998050507885837,0.00171840116010569));
#7519=CARTESIAN_POINT('',(0.0545,0.000998050507885837,-0.00119079941994716));
#7520=CARTESIAN_POINT('',(0.0545,0.000105982561888116,0.00171840116010569));
#7521=CARTESIAN_POINT('',(0.0545,-0.000786085384109605,0.00171840116010569));
#7522=CARTESIAN_POINT('',(0.0545,-0.000786085384109605,0.00171840116010569));
#7523=CARTESIAN_POINT('',(0.0545,0.000105982561888116,0.00171840116010569));
#7524=CARTESIAN_POINT('',(0.0545,-0.000786085384109605,0.00130699082884646));
#7525=CARTESIAN_POINT('',(0.0545,-0.000786085384109605,0.00089558049758724));
#7526=CARTESIAN_POINT('',(0.0545,-0.000786085384109605,0.00089558049758724));
#7527=CARTESIAN_POINT('',(0.0545,-0.000786085384109605,0.00130699082884646));
#7528=CARTESIAN_POINT('',(0.0545,-0.00149973974090779,0.00155139300583214));
#7529=CARTESIAN_POINT('',(0.0525,-0.00149973974090779,0.00155139300583214));
#7530=CARTESIAN_POINT('',(0.0545,-0.00119016365005926,0.00138465640953302));
#7531=CARTESIAN_POINT('',(0.0525,-0.00119016365005926,0.00138465640953302));
#7532=CARTESIAN_POINT('',(0.0545,-0.000952278864459869,0.00116605224011806));
#7533=CARTESIAN_POINT('',(0.0525,-0.000952278864459868,0.00116605224011806));
#7534=CARTESIAN_POINT('',(0.0545,-0.000786085384109605,0.00089558049758724));
#7535=CARTESIAN_POINT('',(0.0525,-0.000786085384109605,0.00089558049758724));
#7536=CARTESIAN_POINT('',(0.0545,-0.00149973974090779,0.00155139300583214));
#7537=CARTESIAN_POINT('',(0.0545,-0.00149973974090779,0.00155139300583214));
#7538=CARTESIAN_POINT('',(0.0545,-0.00149973974090779,0.00155139300583214));
#7539=CARTESIAN_POINT('',(0.0545,-0.001035375604635,0.00130128811138346));
#7540=CARTESIAN_POINT('',(0.0545,-0.000786085384109605,0.00089558049758724));
#7541=CARTESIAN_POINT('',(0.0545,-0.00257836801533791,0.00180149790028082));
#7542=CARTESIAN_POINT('',(0.0525,-0.0025783680153379,0.00180149790028082));
#7543=CARTESIAN_POINT('',(0.0545,-0.00216885858989969,0.00180149790028082));
#7544=CARTESIAN_POINT('',(0.0525,-0.00216885858989968,0.00180149790028082));
#7545=CARTESIAN_POINT('',(0.0545,-0.00180931583175631,0.00171812960213126));
#7546=CARTESIAN_POINT('',(0.0525,-0.00180931583175631,0.00171812960213126));
#7547=CARTESIAN_POINT('',(0.0545,-0.00149973974090779,0.00155139300583214));
#7548=CARTESIAN_POINT('',(0.0525,-0.00149973974090779,0.00155139300583214));
#7549=CARTESIAN_POINT('',(0.0545,-0.00257836801533791,0.00180149790028082));
#7550=CARTESIAN_POINT('',(0.0545,-0.00257836801533791,0.00180149790028082));
#7551=CARTESIAN_POINT('',(0.0545,-0.00257836801533791,0.00180149790028082));
#7552=CARTESIAN_POINT('',(0.0545,-0.00196410387718058,0.00180149790028082));
#7553=CARTESIAN_POINT('',(0.0545,-0.00149973974090779,0.00155139300583214));
#7554=CARTESIAN_POINT('',(0.0545,-0.00388266096651814,0.00143652398264887));
#7555=CARTESIAN_POINT('',(0.0525,-0.00388266096651813,0.00143652398264887));
#7556=CARTESIAN_POINT('',(0.0545,-0.00349324683118762,0.00167983992773683));
#7557=CARTESIAN_POINT('',(0.0525,-0.00349324683118762,0.00167983992773683));
#7558=CARTESIAN_POINT('',(0.0545,-0.00305848251412755,0.00180149790028082));
#7559=CARTESIAN_POINT('',(0.0525,-0.00305848251412755,0.00180149790028082));
#7560=CARTESIAN_POINT('',(0.0545,-0.00257836801533791,0.00180149790028082));
#7561=CARTESIAN_POINT('',(0.0525,-0.0025783680153379,0.00180149790028082));
#7562=CARTESIAN_POINT('',(0.0545,-0.00388266096651814,0.00143652398264887));
#7563=CARTESIAN_POINT('',(0.0545,-0.00388266096651814,0.00143652398264887));
#7564=CARTESIAN_POINT('',(0.0545,-0.00388266096651814,0.00143652398264887));
#7565=CARTESIAN_POINT('',(0.0545,-0.00329853976352237,0.00180149790028082));
#7566=CARTESIAN_POINT('',(0.0545,-0.00257836801533791,0.00180149790028082));
#7567=CARTESIAN_POINT('',(0.0545,-0.00480568652160071,0.000393741360843315));
#7568=CARTESIAN_POINT('',(0.0525,-0.00480568652160071,0.000393741360843315));
#7569=CARTESIAN_POINT('',(0.0545,-0.00457975028687617,0.000845613830292389));
#7570=CARTESIAN_POINT('',(0.0525,-0.00457975028687617,0.000845613830292389));
#7571=CARTESIAN_POINT('',(0.0545,-0.00427207510184865,0.00119320803756091));
#7572=CARTESIAN_POINT('',(0.0525,-0.00427207510184865,0.00119320803756091));
#7573=CARTESIAN_POINT('',(0.0545,-0.00388266096651814,0.00143652398264887));
#7574=CARTESIAN_POINT('',(0.0525,-0.00388266096651813,0.00143652398264887));
#7575=CARTESIAN_POINT('',(0.0545,-0.00480568652160071,0.000393741360843315));
#7576=CARTESIAN_POINT('',(0.0545,-0.00446678216951391,0.00107155006501693));
#7577=CARTESIAN_POINT('',(0.0545,-0.00388266096651814,0.00143652398264887));
#7578=CARTESIAN_POINT('',(0.0545,-0.0020372658405103,-0.000948727894428271));
#7579=CARTESIAN_POINT('',(0.0525,-0.0020372658405103,-0.000948727894428271));
#7580=CARTESIAN_POINT('',(0.0545,-0.0020372658405103,-0.000948727894428271));
#7581=CARTESIAN_POINT('',(0.0545,-1.02257383847054E-18,-0.0002));
#7582=CARTESIAN_POINT('',(0.0545,-0.00854503982948157,-5.43292969637588E-5));
#7583=CARTESIAN_POINT('',(0.0525,-0.00854503982948157,-5.43292969637588E-5));
#7584=CARTESIAN_POINT('',(0.0545,-0.00820396301359934,-5.43292969637588E-5));
#7585=CARTESIAN_POINT('',(0.0525,-0.00820396301359934,-5.43292969637588E-5));
#7586=CARTESIAN_POINT('',(0.0545,-0.00795005630750866,2.57803054926576E-5));
#7587=CARTESIAN_POINT('',(0.0525,-0.00795005630750866,2.57803054926576E-5));
#7588=CARTESIAN_POINT('',(0.0545,-0.00778331971120954,0.000185999510405491));
#7589=CARTESIAN_POINT('',(0.0525,-0.00778331971120954,0.000185999510405491));
#7590=CARTESIAN_POINT('',(0.0525,-0.00854503982948157,-5.43292969637588E-5));
#7591=CARTESIAN_POINT('',(0.0525,-0.00803342460565822,-5.43292969637588E-5));
#7592=CARTESIAN_POINT('',(0.0525,-0.00778331971120954,0.000185999510405491));
#7593=CARTESIAN_POINT('',(0.0525,-0.00854503982948157,-5.43292969637588E-5));
#7594=CARTESIAN_POINT('',(0.0525,-0.00778331971120954,0.000185999510405491));
#7595=CARTESIAN_POINT('',(0.0545,-0.00854503982948157,-5.43292969637588E-5));
#7596=CARTESIAN_POINT('',(0.0545,-0.00854503982948157,-5.43292969637588E-5));
#7597=CARTESIAN_POINT('',(0.0545,-0.00854503982948157,-5.43292969637588E-5));
#7598=CARTESIAN_POINT('',(0.0545,-0.00803342460565822,-5.43292969637588E-5));
#7599=CARTESIAN_POINT('',(0.0545,-0.00778331971120954,0.000185999510405491));
#7600=CARTESIAN_POINT('',(0.0545,-0.00778331971120954,0.000185999510405491));
#7601=CARTESIAN_POINT('',(0.0545,-0.00778331971120954,0.000185999510405491));
#7602=CARTESIAN_POINT('',(0.0545,-0.00902977081383649,-5.43292969637588E-5));
#7603=CARTESIAN_POINT('',(0.0525,-0.00902977081383649,-5.43292969637588E-5));
#7604=CARTESIAN_POINT('',(0.0525,-0.00951450179819142,-5.43292969637588E-5));
#7605=CARTESIAN_POINT('',(0.0545,-0.00951450179819142,-5.43292969637588E-5));
#7606=CARTESIAN_POINT('',(0.0545,-0.00951450179819142,-5.43292969637588E-5));
#7607=CARTESIAN_POINT('',(0.0545,-0.00902977081383649,-5.43292969637588E-5));
#7608=CARTESIAN_POINT('',(0.0545,-0.00951450179819142,0.000863808214579102));
#7609=CARTESIAN_POINT('',(0.0525,-0.00951450179819142,0.000863808214579102));
#7610=CARTESIAN_POINT('',(0.0525,-0.00951450179819142,0.00178194572612196));
#7611=CARTESIAN_POINT('',(0.0545,-0.00951450179819142,0.00178194572612196));
#7612=CARTESIAN_POINT('',(0.0545,-0.00951450179819142,0.00178194572612196));
#7613=CARTESIAN_POINT('',(0.0545,-0.00951450179819142,0.000863808214579102));
#7614=CARTESIAN_POINT('',(0.0545,-0.00902977081383649,0.00178194572612196));
#7615=CARTESIAN_POINT('',(0.0525,-0.00902977081383649,0.00178194572612196));
#7616=CARTESIAN_POINT('',(0.0525,-0.00854503982948157,0.00178194572612196));
#7617=CARTESIAN_POINT('',(0.0545,-0.00854503982948157,0.00178194572612196));
#7618=CARTESIAN_POINT('',(0.0545,-0.00854503982948157,0.00178194572612196));
#7619=CARTESIAN_POINT('',(0.0545,-0.00902977081383649,0.00178194572612196));
#7620=CARTESIAN_POINT('',(0.0545,-0.00778331971120954,0.00154161691875271));
#7621=CARTESIAN_POINT('',(0.0525,-0.00778331971120954,0.00154161691875271));
#7622=CARTESIAN_POINT('',(0.0545,-0.00795005630750866,0.00170183612366554));
#7623=CARTESIAN_POINT('',(0.0525,-0.00795005630750866,0.00170183612366554));
#7624=CARTESIAN_POINT('',(0.0545,-0.00820396301359934,0.00178194572612196));
#7625=CARTESIAN_POINT('',(0.0525,-0.00820396301359934,0.00178194572612196));
#7626=CARTESIAN_POINT('',(0.0545,-0.00854503982948157,0.00178194572612196));
#7627=CARTESIAN_POINT('',(0.0525,-0.00854503982948157,0.00178194572612196));
#7628=CARTESIAN_POINT('',(0.0525,-0.00778331971120954,0.00154161691875271));
#7629=CARTESIAN_POINT('',(0.0525,-0.00803342460565822,0.00178194572612196));
#7630=CARTESIAN_POINT('',(0.0525,-0.00854503982948157,0.00178194572612196));
#7631=CARTESIAN_POINT('',(0.0525,-0.00778331971120954,0.00154161691875271));
#7632=CARTESIAN_POINT('',(0.0545,-0.00778331971120954,0.00154161691875271));
#7633=CARTESIAN_POINT('',(0.0545,-0.00778331971120954,0.00154161691875271));
#7634=CARTESIAN_POINT('',(0.0545,-0.00778331971120954,0.00154161691875271));
#7635=CARTESIAN_POINT('',(0.0545,-0.00803342460565822,0.00178194572612196));
#7636=CARTESIAN_POINT('',(0.0545,-0.00854503982948157,0.00178194572612196));
#7637=CARTESIAN_POINT('',(0.0545,-0.00753321481676087,0.000862993540655816));
#7638=CARTESIAN_POINT('',(0.0525,-0.00753321481676087,0.000862993540655816));
#7639=CARTESIAN_POINT('',(0.0545,-0.00753321481676087,0.00115518992114091));
#7640=CARTESIAN_POINT('',(0.0525,-0.00753321481676087,0.00115518992114091));
#7641=CARTESIAN_POINT('',(0.0545,-0.00761658311491043,0.00138139771383988));
#7642=CARTESIAN_POINT('',(0.0525,-0.00761658311491043,0.00138139771383988));
#7643=CARTESIAN_POINT('',(0.0545,-0.00778331971120954,0.00154161691875271));
#7644=CARTESIAN_POINT('',(0.0525,-0.00778331971120954,0.00154161691875271));
#7645=CARTESIAN_POINT('',(0.0525,-0.00753321481676087,0.000862993540655816));
#7646=CARTESIAN_POINT('',(0.0525,-0.00753321481676087,0.00130128811138346));
#7647=CARTESIAN_POINT('',(0.0525,-0.00778331971120954,0.00154161691875271));
#7648=CARTESIAN_POINT('',(0.0525,-0.00753321481676087,0.000862993540655816));
#7649=CARTESIAN_POINT('',(0.0545,-0.00753321481676087,0.000862993540655816));
#7650=CARTESIAN_POINT('',(0.0545,-0.00753321481676087,0.000862993540655816));
#7651=CARTESIAN_POINT('',(0.0545,-0.00753321481676087,0.000862993540655816));
#7652=CARTESIAN_POINT('',(0.0545,-0.00753321481676087,0.00130128811138346));
#7653=CARTESIAN_POINT('',(0.0545,-0.00778331971120954,0.00154161691875271));
#7654=CARTESIAN_POINT('',(0.0545000000000001,-0.00806830334191472,0.000833969047889695));
#7655=CARTESIAN_POINT('',(0.0545,-0.00571812131568057,0.000862993540655816));
#7656=CARTESIAN_POINT('',(0.0545,-0.00571812131568057,0.000862993540655816));
#7657=CARTESIAN_POINT('',(0.0545,-0.00806830334191472,0.000833969047889695));
#7658=CARTESIAN_POINT('',(0.0545,-0.0060105892541401,-0.000298731473949436));
#7659=CARTESIAN_POINT('',(0.0545,-0.0060105892541401,-0.000298731473949436));
#7660=CARTESIAN_POINT('',(0.0545,-0.00602036534121953,0.00208418975166092));
#7661=CARTESIAN_POINT('',(0.0525,-0.00602036534121953,0.00208418975166092));
#7662=CARTESIAN_POINT('',(0.0545,-0.00581886932419356,0.00172953503705725));
#7663=CARTESIAN_POINT('',(0.0525,-0.00581886932419356,0.00172953503705725));
#7664=CARTESIAN_POINT('',(0.0545,-0.00571812131568057,0.00132246963338889));
#7665=CARTESIAN_POINT('',(0.0525,-0.00571812131568057,0.00132246963338889));
#7666=CARTESIAN_POINT('',(0.0545,-0.00571812131568057,0.000862993540655816));
#7667=CARTESIAN_POINT('',(0.0525,-0.00571812131568057,0.000862993540655816));
#7668=CARTESIAN_POINT('',(0.0545,-0.00602036534121953,0.00208418975166092));
#7669=CARTESIAN_POINT('',(0.0545,-0.00602036534121953,0.00208418975166092));
#7670=CARTESIAN_POINT('',(0.0545,-0.00602036534121953,0.00208418975166092));
#7671=CARTESIAN_POINT('',(0.0545,-0.00571812131568057,0.00155220767975543));
#7672=CARTESIAN_POINT('',(0.0545,-0.00571812131568057,0.000862993540655816));
#7673=CARTESIAN_POINT('',(0.0545,-0.00692791209175967,0.00291841584910536));
#7674=CARTESIAN_POINT('',(0.0525,-0.00692791209175967,0.00291841584910536));
#7675=CARTESIAN_POINT('',(0.0545,-0.00652437694175888,0.00271691983207939));
#7676=CARTESIAN_POINT('',(0.0525,-0.00652437694175888,0.00271691983207939));
#7677=CARTESIAN_POINT('',(0.0545,-0.0062218613582455,0.00243884446626458));
#7678=CARTESIAN_POINT('',(0.0525,-0.0062218613582455,0.00243884446626458));
#7679=CARTESIAN_POINT('',(0.0545,-0.00602036534121953,0.00208418975166092));
#7680=CARTESIAN_POINT('',(0.0525,-0.00602036534121953,0.00208418975166092));
#7681=CARTESIAN_POINT('',(0.0545,-0.00692791209175967,0.00291841584910536));
#7682=CARTESIAN_POINT('',(0.0545,-0.00692791209175967,0.00291841584910536));
#7683=CARTESIAN_POINT('',(0.0545,-0.00692791209175967,0.00291841584910536));
#7684=CARTESIAN_POINT('',(0.0545,-0.00632260936675848,0.0026161718235664));
#7685=CARTESIAN_POINT('',(0.0545,-0.00602036534121953,0.00208418975166092));
#7686=CARTESIAN_POINT('',(0.0545,-0.00840817461036959,0.00322065987464431));
#7687=CARTESIAN_POINT('',(0.0525,-0.00840817461036959,0.00322065987464431));
#7688=CARTESIAN_POINT('',(0.0545,-0.00782486808129711,0.00322065987464431));
#7689=CARTESIAN_POINT('',(0.0525,-0.00782486808129711,0.00322065987464431));
#7690=CARTESIAN_POINT('',(0.0545,-0.00733144724176047,0.00311991186613133));
#7691=CARTESIAN_POINT('',(0.0525,-0.00733144724176047,0.00311991186613133));
#7692=CARTESIAN_POINT('',(0.0545,-0.00692791209175967,0.00291841584910536));
#7693=CARTESIAN_POINT('',(0.0525,-0.00692791209175967,0.00291841584910536));
#7694=CARTESIAN_POINT('',(0.0545,-0.00840817461036959,0.00322065987464431));
#7695=CARTESIAN_POINT('',(0.0545,-0.00840817461036959,0.00322065987464431));
#7696=CARTESIAN_POINT('',(0.0545,-0.00840817461036959,0.00322065987464431));
#7697=CARTESIAN_POINT('',(0.0545,-0.00753321481676087,0.00322065987464431));
#7698=CARTESIAN_POINT('',(0.0545,-0.00692791209175967,0.00291841584910536));
#7699=CARTESIAN_POINT('',(0.0545,-0.00985259147635494,0.00322065987464431));
#7700=CARTESIAN_POINT('',(0.0545,-0.0112970083423403,0.00322065987464431));
#7701=CARTESIAN_POINT('',(0.0545,-0.0112970083423403,0.00322065987464431));
#7702=CARTESIAN_POINT('',(0.0545,-0.00985259147635494,0.00322065987464431));
#7703=CARTESIAN_POINT('',(0.0545,-0.0112970083423403,-0.000439670062677843));
#7704=CARTESIAN_POINT('',(0.0545,-0.0112970083423403,-0.0041));
#7705=CARTESIAN_POINT('',(0.0545,-0.0112970083423403,-0.0041));
#7706=CARTESIAN_POINT('',(0.0545,-0.0112970083423403,-0.000439670062677843));
#7707=CARTESIAN_POINT('',(0.0545,-0.0104057550702659,-0.0041));
#7708=CARTESIAN_POINT('',(0.0545,-0.00951450179819142,-0.0041));
#7709=CARTESIAN_POINT('',(0.0545,-0.00951450179819142,-0.0041));
#7710=CARTESIAN_POINT('',(0.0545,-0.0104057550702659,-0.0041));
#7711=CARTESIAN_POINT('',(0.0545,-0.00951450179819142,-0.00278593096174034));
#7712=CARTESIAN_POINT('',(0.0545,-0.00951450179819142,-0.00147186192348069));
#7713=CARTESIAN_POINT('',(0.0545,-0.00951450179819142,-0.00147186192348069));
#7714=CARTESIAN_POINT('',(0.0545,-0.00951450179819142,-0.00278593096174034));
#7715=CARTESIAN_POINT('',(0.0545,-0.00896133820428051,-0.00147186192348069));
#7716=CARTESIAN_POINT('',(0.0545,-0.00840817461036959,-0.00147186192348069));
#7717=CARTESIAN_POINT('',(0.0545,-0.00840817461036959,-0.00147186192348069));
#7718=CARTESIAN_POINT('',(0.0545,-0.00896133820428051,-0.00147186192348069));
#7719=CARTESIAN_POINT('',(0.0545,-0.00690754524367753,-0.00114843637593631));
#7720=CARTESIAN_POINT('',(0.0525,-0.00690754524367753,-0.00114843637593631));
#7721=CARTESIAN_POINT('',(0.0545,-0.00731053727772947,-0.00136405340763256));
#7722=CARTESIAN_POINT('',(0.0525,-0.00731053727772947,-0.00136405340763256));
#7723=CARTESIAN_POINT('',(0.0545,-0.00781074706662682,-0.00147186192348069));
#7724=CARTESIAN_POINT('',(0.0525,-0.00781074706662682,-0.00147186192348069));
#7725=CARTESIAN_POINT('',(0.0545,-0.00840817461036959,-0.00147186192348069));
#7726=CARTESIAN_POINT('',(0.0525,-0.00840817461036959,-0.00147186192348069));
#7727=CARTESIAN_POINT('',(0.0545,-0.00690754524367753,-0.00114843637593631));
#7728=CARTESIAN_POINT('',(0.0545,-0.00690754524367753,-0.00114843637593631));
#7729=CARTESIAN_POINT('',(0.0545,-0.00690754524367753,-0.00114843637593631));
#7730=CARTESIAN_POINT('',(0.0545,-0.00751203329475544,-0.00147186192348069));
#7731=CARTESIAN_POINT('',(0.0545,-0.00840817461036959,-0.00147186192348069));
#7732=CARTESIAN_POINT('',(0.0545,-0.0060105892541401,-0.000298731473949436));
#7733=CARTESIAN_POINT('',(0.0525,-0.0060105892541401,-0.000298731473949436));
#7734=CARTESIAN_POINT('',(0.0545,-0.00620556787977979,-0.000649584376911097));
#7735=CARTESIAN_POINT('',(0.0525,-0.00620556787977979,-0.000649584376911097));
#7736=CARTESIAN_POINT('',(0.0545,-0.0065045532096256,-0.000932819344240053));
#7737=CARTESIAN_POINT('',(0.0525,-0.0065045532096256,-0.000932819344240053));
#7738=CARTESIAN_POINT('',(0.0545,-0.00690754524367753,-0.00114843637593631));
#7739=CARTESIAN_POINT('',(0.0525,-0.00690754524367753,-0.00114843637593631));
#7740=CARTESIAN_POINT('',(0.0545,-0.0060105892541401,-0.000298731473949436));
#7741=CARTESIAN_POINT('',(0.0545,-0.00630305719259963,-0.000825010828391927));
#7742=CARTESIAN_POINT('',(0.0545,-0.00690754524367753,-0.00114843637593631));
#7743=CARTESIAN_POINT('',(0.0545,-0.00778331971120954,0.000185999510405491));
#7744=CARTESIAN_POINT('',(0.0525,-0.00778331971120954,0.000185999510405491));
#7745=CARTESIAN_POINT('',(0.0545,-0.00761658311491043,0.000346218715318324));
#7746=CARTESIAN_POINT('',(0.0525,-0.00761658311491043,0.000346218715318324));
#7747=CARTESIAN_POINT('',(0.0545,-0.00753321481676087,0.000571883392068432));
#7748=CARTESIAN_POINT('',(0.0525,-0.00753321481676087,0.000571883392068432));
#7749=CARTESIAN_POINT('',(0.0545,-0.00753321481676087,0.000862993540655816));
#7750=CARTESIAN_POINT('',(0.0525,-0.00753321481676087,0.000862993540655816));
#7751=CARTESIAN_POINT('',(0.0525,-0.00778331971120954,0.000185999510405491));
#7752=CARTESIAN_POINT('',(0.0525,-0.00753321481676087,0.00042632831777474));
#7753=CARTESIAN_POINT('',(0.0525,-0.00753321481676087,0.000862993540655816));
#7754=CARTESIAN_POINT('',(0.0545,-0.00778331971120954,0.000185999510405491));
#7755=CARTESIAN_POINT('',(0.0545,-0.00753321481676087,0.00042632831777474));
#7756=CARTESIAN_POINT('',(0.0545,-0.00753321481676087,0.000862993540655816));
#7757=CARTESIAN_POINT('',(0.0545,-1.02257383847054E-18,-0.0002));
#7758=CARTESIAN_POINT('',(0.0545,-0.0150722073028457,-0.00287961846291818));
#7759=CARTESIAN_POINT('',(0.0545,-0.014185842074311,-0.0041));
#7760=CARTESIAN_POINT('',(0.0545,-0.014185842074311,-0.0041));
#7761=CARTESIAN_POINT('',(0.0545,-0.0150722073028457,-0.00287961846291818));
#7762=CARTESIAN_POINT('',(0.0545,-0.0159585725313805,-0.00165923692583637));
#7763=CARTESIAN_POINT('',(0.0545,-0.0159585725313805,-0.00165923692583637));
#7764=CARTESIAN_POINT('',(0.0545,-0.0130803295604124,-0.0041));
#7765=CARTESIAN_POINT('',(0.0545,-0.0119748170465139,-0.0041));
#7766=CARTESIAN_POINT('',(0.0545,-0.0119748170465139,-0.0041));
#7767=CARTESIAN_POINT('',(0.0545,-0.0130803295604124,-0.0041));
#7768=CARTESIAN_POINT('',(0.0545,-0.0131951985835957,-0.00265069509047494));
#7769=CARTESIAN_POINT('',(0.0545,-0.0144155801206775,-0.00120139018094987));
#7770=CARTESIAN_POINT('',(0.0545,-0.0144155801206775,-0.00120139018094987));
#7771=CARTESIAN_POINT('',(0.0545,-0.0131951985835957,-0.00265069509047494));
#7772=CARTESIAN_POINT('',(0.0545,-0.0132057893445984,0.000258505489577908));
#7773=CARTESIAN_POINT('',(0.0545,-0.0119959985685193,0.00171840116010569));
#7774=CARTESIAN_POINT('',(0.0545,-0.0119959985685193,0.00171840116010569));
#7775=CARTESIAN_POINT('',(0.0545,-0.0132057893445984,0.000258505489577908));
#7776=CARTESIAN_POINT('',(0.0545,-0.0130958083649549,0.00171840116010569));
#7777=CARTESIAN_POINT('',(0.0545,-0.0141956181613904,0.00171840116010569));
#7778=CARTESIAN_POINT('',(0.0545,-0.0141956181613904,0.00171840116010569));
#7779=CARTESIAN_POINT('',(0.0545,-0.0130958083649549,0.00171840116010569));
#7780=CARTESIAN_POINT('',(0.0545,-0.0150770953463855,0.000534679949571723));
#7781=CARTESIAN_POINT('',(0.0545,-0.0159585725313805,-0.00064904126096224));
#7782=CARTESIAN_POINT('',(0.0545,-0.0159585725313805,-0.00064904126096224));
#7783=CARTESIAN_POINT('',(0.0545,-0.0150770953463855,0.000534679949571723));
#7784=CARTESIAN_POINT('',(0.0545,-0.0159585725313805,0.00148377507019944));
#7785=CARTESIAN_POINT('',(0.0545,-0.0159585725313805,0.00361659140136111));
#7786=CARTESIAN_POINT('',(0.0545,-0.0159585725313805,0.00361659140136111));
#7787=CARTESIAN_POINT('',(0.0545,-0.0159585725313805,0.00148377507019944));
#7788=CARTESIAN_POINT('',(0.0545,-0.0168498258034549,0.00361659140136111));
#7789=CARTESIAN_POINT('',(0.0545,-0.0177410790755293,0.00361659140136111));
#7790=CARTESIAN_POINT('',(0.0545,-0.0177410790755293,0.00361659140136111));
#7791=CARTESIAN_POINT('',(0.0545,-0.0168498258034549,0.00361659140136111));
#7792=CARTESIAN_POINT('',(0.0545,-0.0177410790755293,-0.000241704299319445));
#7793=CARTESIAN_POINT('',(0.0545,-0.0177410790755293,-0.0041));
#7794=CARTESIAN_POINT('',(0.0545,-0.0177410790755293,-0.0041));
#7795=CARTESIAN_POINT('',(0.0545,-0.0177410790755293,-0.000241704299319445));
#7796=CARTESIAN_POINT('',(0.0545,-0.0168498258034549,-0.0041));
#7797=CARTESIAN_POINT('',(0.0545,-0.0159585725313805,-0.0041));
#7798=CARTESIAN_POINT('',(0.0545,-0.0159585725313805,-0.0041));
#7799=CARTESIAN_POINT('',(0.0545,-0.0168498258034549,-0.0041));
#7800=CARTESIAN_POINT('',(0.0545,-0.0159585725313805,-0.00287961846291818));
#7801=CARTESIAN_POINT('',(0.0545,-0.0159585725313805,-0.00287961846291818));
#7802=CARTESIAN_POINT('',(0.0545,-1.02257383847054E-18,-0.0002));
#7803=CARTESIAN_POINT('',(0.0545,-0.0244051117680054,-0.00118998474602387));
#7804=CARTESIAN_POINT('',(0.0525,-0.0244051117680054,-0.00118998474602387));
#7805=CARTESIAN_POINT('',(0.0545,-0.0244051117680054,-0.000586039810894821));
#7806=CARTESIAN_POINT('',(0.0525,-0.0244051117680054,-0.000586039810894821));
#7807=CARTESIAN_POINT('',(0.0545,-0.0242815528896405,-5.81311086057582E-5));
#7808=CARTESIAN_POINT('',(0.0525,-0.0242815528896405,-5.81311086057582E-5));
#7809=CARTESIAN_POINT('',(0.0545,-0.0240344351329105,0.000393741360843315));
#7810=CARTESIAN_POINT('',(0.0525,-0.0240344351329105,0.000393741360843315));
#7811=CARTESIAN_POINT('',(0.0545,-0.0244051117680054,-0.00118998474602387));
#7812=CARTESIAN_POINT('',(0.0545,-0.0244051117680054,-0.00118998474602387));
#7813=CARTESIAN_POINT('',(0.0545,-0.0244051117680054,-0.00118998474602387));
#7814=CARTESIAN_POINT('',(0.0545,-0.0244051117680054,-0.000284067343330295));
#7815=CARTESIAN_POINT('',(0.0545,-0.0240344351329105,0.000393741360843315));
#7816=CARTESIAN_POINT('',(0.0545,-0.0240344351329105,0.000393741360843315));
#7817=CARTESIAN_POINT('',(0.0545,-0.0240344351329105,0.000393741360843315));
#7818=CARTESIAN_POINT('',(0.0545,-0.0240344351329105,-0.00277534020073763));
#7819=CARTESIAN_POINT('',(0.0525,-0.0240344351329105,-0.00277534020073763));
#7820=CARTESIAN_POINT('',(0.0545,-0.0242815528896405,-0.00232346773128856));
#7821=CARTESIAN_POINT('',(0.0525,-0.0242815528896405,-0.00232346773128856));
#7822=CARTESIAN_POINT('',(0.0545,-0.0244051117680054,-0.00179501591305064));
#7823=CARTESIAN_POINT('',(0.0525,-0.0244051117680054,-0.00179501591305064));
#7824=CARTESIAN_POINT('',(0.0545,-0.0244051117680054,-0.00118998474602387));
#7825=CARTESIAN_POINT('',(0.0525,-0.0244051117680054,-0.00118998474602387));
#7826=CARTESIAN_POINT('',(0.0545,-0.0240344351329105,-0.00277534020073763));
#7827=CARTESIAN_POINT('',(0.0545,-0.0240344351329105,-0.00277534020073763));
#7828=CARTESIAN_POINT('',(0.0545,-0.0240344351329105,-0.00277534020073763));
#7829=CARTESIAN_POINT('',(0.0545,-0.0244051117680054,-0.00209753149656402));
#7830=CARTESIAN_POINT('',(0.0545,-0.0244051117680054,-0.00118998474602387));
#7831=CARTESIAN_POINT('',(0.0545,-0.0217648580600553,-0.00156317445473636));
#7832=CARTESIAN_POINT('',(0.0545,-0.0230022432721077,-0.00381812282254318));
#7833=CARTESIAN_POINT('',(0.0545,-0.0230022432721077,-0.00381812282254318));
#7834=CARTESIAN_POINT('',(0.0545,-0.0217648580600553,-0.00156317445473636));
#7835=CARTESIAN_POINT('',(0.0545,-0.0214853204269499,-0.00418309674017513));
#7836=CARTESIAN_POINT('',(0.0525,-0.0214853204269499,-0.00418309674017513));
#7837=CARTESIAN_POINT('',(0.0545,-0.0220555921732498,-0.00418309674017513));
#7838=CARTESIAN_POINT('',(0.0525,-0.0220555921732498,-0.00418309674017513));
#7839=CARTESIAN_POINT('',(0.0545,-0.0225612331216357,-0.00406143876763115));
#7840=CARTESIAN_POINT('',(0.0525,-0.0225612331216357,-0.00406143876763115));
#7841=CARTESIAN_POINT('',(0.0545,-0.0230022432721077,-0.00381812282254318));
#7842=CARTESIAN_POINT('',(0.0525,-0.0230022432721077,-0.00381812282254318));
#7843=CARTESIAN_POINT('',(0.0545,-0.0214853204269499,-0.00418309674017513));
#7844=CARTESIAN_POINT('',(0.0545,-0.0214853204269499,-0.00418309674017513));
#7845=CARTESIAN_POINT('',(0.0545,-0.0214853204269499,-0.00418309674017513));
#7846=CARTESIAN_POINT('',(0.0545,-0.0223407280463997,-0.00418309674017513));
#7847=CARTESIAN_POINT('',(0.0545,-0.0230022432721077,-0.00381812282254318));
#7848=CARTESIAN_POINT('',(0.0545,-0.0196596361648669,-0.00359897553717937));
#7849=CARTESIAN_POINT('',(0.0525,-0.0196596361648669,-0.00359897553717937));
#7850=CARTESIAN_POINT('',(0.0545,-0.020153328562378,-0.00398838967250988));
#7851=CARTESIAN_POINT('',(0.0525,-0.020153328562378,-0.00398838967250988));
#7852=CARTESIAN_POINT('',(0.0545,-0.0207618899830723,-0.00418309674017513));
#7853=CARTESIAN_POINT('',(0.0525,-0.0207618899830723,-0.00418309674017513));
#7854=CARTESIAN_POINT('',(0.0545,-0.0214853204269499,-0.00418309674017513));
#7855=CARTESIAN_POINT('',(0.0525,-0.0214853204269499,-0.00418309674017513));
#7856=CARTESIAN_POINT('',(0.0545,-0.0196596361648669,-0.00359897553717937));
#7857=CARTESIAN_POINT('',(0.0545,-0.0196596361648669,-0.00359897553717937));
#7858=CARTESIAN_POINT('',(0.0545,-0.0196596361648669,-0.00359897553717937));
#7859=CARTESIAN_POINT('',(0.0545,-0.0204001747611335,-0.00418309674017513));
#7860=CARTESIAN_POINT('',(0.0545,-0.0214853204269499,-0.00418309674017513));
#7861=CARTESIAN_POINT('',(0.0545,-0.0186909888700803,-0.00199325323438346));
#7862=CARTESIAN_POINT('',(0.0525,-0.0186909888700803,-0.00199325323438346));
#7863=CARTESIAN_POINT('',(0.0545,-0.0188430613357603,-0.00267432063425022));
#7864=CARTESIAN_POINT('',(0.0525,-0.0188430613357603,-0.00267432063425022));
#7865=CARTESIAN_POINT('',(0.0545,-0.0191659437673558,-0.00320956140184885));
#7866=CARTESIAN_POINT('',(0.0525,-0.0191659437673558,-0.00320956140184885));
#7867=CARTESIAN_POINT('',(0.0545,-0.0196596361648669,-0.00359897553717937));
#7868=CARTESIAN_POINT('',(0.0525,-0.0196596361648669,-0.00359897553717937));
#7869=CARTESIAN_POINT('',(0.0545,-0.0186909888700803,-0.00199325323438346));
#7870=CARTESIAN_POINT('',(0.0545,-0.0186909888700803,-0.00199325323438346));
#7871=CARTESIAN_POINT('',(0.0545,-0.0186909888700803,-0.00199325323438346));
#7872=CARTESIAN_POINT('',(0.0545,-0.0189190975686003,-0.00301485433418359));
#7873=CARTESIAN_POINT('',(0.0545,-0.0196596361648669,-0.00359897553717937));
#7874=CARTESIAN_POINT('',(0.0545,-0.0196392693167847,-0.00199325323438346));
#7875=CARTESIAN_POINT('',(0.0545,-0.0205875497634892,-0.00199325323438346));
#7876=CARTESIAN_POINT('',(0.0545,-0.0205875497634892,-0.00199325323438346));
#7877=CARTESIAN_POINT('',(0.0545,-0.0196392693167847,-0.00199325323438346));
#7878=CARTESIAN_POINT('',(0.0545,-0.0215162780360348,-0.00266128585147765));
#7879=CARTESIAN_POINT('',(0.0525,-0.0215162780360348,-0.00266128585147765));
#7880=CARTESIAN_POINT('',(0.0545,-0.0210578881751994,-0.00266128585147765));
#7881=CARTESIAN_POINT('',(0.0525,-0.0210578881751994,-0.00266128585147765));
#7882=CARTESIAN_POINT('',(0.0545,-0.0207483120843509,-0.00243860831244626));
#7883=CARTESIAN_POINT('',(0.0525,-0.0207483120843509,-0.00243860831244626));
#7884=CARTESIAN_POINT('',(0.0545,-0.0205875497634892,-0.00199325323438346));
#7885=CARTESIAN_POINT('',(0.0525,-0.0205875497634892,-0.00199325323438346));
#7886=CARTESIAN_POINT('',(0.0545,-0.0215162780360348,-0.00266128585147765));
#7887=CARTESIAN_POINT('',(0.0545,-0.0215162780360348,-0.00266128585147765));
#7888=CARTESIAN_POINT('',(0.0545,-0.0215162780360348,-0.00266128585147765));
#7889=CARTESIAN_POINT('',(0.0545,-0.0208286932447817,-0.00266128585147765));
#7890=CARTESIAN_POINT('',(0.0545,-0.0205875497634892,-0.00199325323438346));
#7891=CARTESIAN_POINT('',(0.0545,-0.0222983650023889,-0.00228083312930328));
#7892=CARTESIAN_POINT('',(0.0525,-0.0222983650023889,-0.00228083312930328));
#7893=CARTESIAN_POINT('',(0.0545,-0.0221039294926981,-0.00253446827741953));
#7894=CARTESIAN_POINT('',(0.0525,-0.0221039294926981,-0.00253446827741953));
#7895=CARTESIAN_POINT('',(0.0545,-0.0218432338372467,-0.00266128585147765));
#7896=CARTESIAN_POINT('',(0.0525,-0.0218432338372467,-0.00266128585147765));
#7897=CARTESIAN_POINT('',(0.0545,-0.0215162780360348,-0.00266128585147765));
#7898=CARTESIAN_POINT('',(0.0525,-0.0215162780360348,-0.00266128585147765));
#7899=CARTESIAN_POINT('',(0.0545,-0.0222983650023889,-0.00228083312930328));
#7900=CARTESIAN_POINT('',(0.0545,-0.0222983650023889,-0.00228083312930328));
#7901=CARTESIAN_POINT('',(0.0545,-0.0222983650023889,-0.00228083312930328));
#7902=CARTESIAN_POINT('',(0.0545,-0.0220067117378527,-0.00266128585147765));
#7903=CARTESIAN_POINT('',(0.0545,-0.0215162780360348,-0.00266128585147765));
#7904=CARTESIAN_POINT('',(0.0545,-0.0225900182669251,-0.00118998474602387));
#7905=CARTESIAN_POINT('',(0.0525,-0.0225900182669251,-0.00118998474602387));
#7906=CARTESIAN_POINT('',(0.0545,-0.0225900182669251,-0.00166358185342723));
#7907=CARTESIAN_POINT('',(0.0525,-0.0225900182669251,-0.00166358185342723));
#7908=CARTESIAN_POINT('',(0.0545,-0.0224928005120797,-0.00202719798118703));
#7909=CARTESIAN_POINT('',(0.0525,-0.0224928005120797,-0.00202719798118703));
#7910=CARTESIAN_POINT('',(0.0545,-0.0222983650023889,-0.00228083312930328));
#7911=CARTESIAN_POINT('',(0.0525,-0.0222983650023889,-0.00228083312930328));
#7912=CARTESIAN_POINT('',(0.0545,-0.0225900182669251,-0.00118998474602387));
#7913=CARTESIAN_POINT('',(0.0545,-0.0225900182669251,-0.00118998474602387));
#7914=CARTESIAN_POINT('',(0.0545,-0.0225900182669251,-0.00118998474602387));
#7915=CARTESIAN_POINT('',(0.0545,-0.0225900182669251,-0.0019003804071289));
#7916=CARTESIAN_POINT('',(0.0545,-0.0222983650023889,-0.00228083312930328));
#7917=CARTESIAN_POINT('',(0.0545,-0.0222983650023889,-0.000100765710591037));
#7918=CARTESIAN_POINT('',(0.0525,-0.0222983650023889,-0.000100765710591037));
#7919=CARTESIAN_POINT('',(0.0545,-0.0224928005120797,-0.000354400858707284));
#7920=CARTESIAN_POINT('',(0.0525,-0.0224928005120797,-0.000354400858707284));
#7921=CARTESIAN_POINT('',(0.0545,-0.0225900182669251,-0.000717473870518229));
#7922=CARTESIAN_POINT('',(0.0525,-0.0225900182669251,-0.000717473870518229));
#7923=CARTESIAN_POINT('',(0.0545,-0.0225900182669251,-0.00118998474602387));
#7924=CARTESIAN_POINT('',(0.0525,-0.0225900182669251,-0.00118998474602387));
#7925=CARTESIAN_POINT('',(0.0545,-0.0222983650023889,-0.000100765710591037));
#7926=CARTESIAN_POINT('',(0.0545,-0.0222983650023889,-0.000100765710591037));
#7927=CARTESIAN_POINT('',(0.0545,-0.0222983650023889,-0.000100765710591037));
#7928=CARTESIAN_POINT('',(0.0545,-0.0225900182669251,-0.000481218432765408));
#7929=CARTESIAN_POINT('',(0.0545,-0.0225900182669251,-0.00118998474602387));
#7930=CARTESIAN_POINT('',(0.0545,-0.0215162780360348,0.000279687011583333));
#7931=CARTESIAN_POINT('',(0.0525,-0.0215162780360348,0.000279687011583333));
#7932=CARTESIAN_POINT('',(0.0545,-0.0218432338372467,0.000279687011583333));
#7933=CARTESIAN_POINT('',(0.0525,-0.0218432338372467,0.000279687011583333));
#7934=CARTESIAN_POINT('',(0.0545,-0.0221039294926981,0.00015286943752521));
#7935=CARTESIAN_POINT('',(0.0525,-0.0221039294926981,0.00015286943752521));
#7936=CARTESIAN_POINT('',(0.0545,-0.0222983650023889,-0.000100765710591037));
#7937=CARTESIAN_POINT('',(0.0525,-0.0222983650023889,-0.000100765710591037));
#7938=CARTESIAN_POINT('',(0.0545,-0.0215162780360348,0.000279687011583333));
#7939=CARTESIAN_POINT('',(0.0545,-0.0215162780360348,0.000279687011583333));
#7940=CARTESIAN_POINT('',(0.0545,-0.0215162780360348,0.000279687011583333));
#7941=CARTESIAN_POINT('',(0.0545,-0.0220067117378527,0.000279687011583333));
#7942=CARTESIAN_POINT('',(0.0545,-0.0222983650023889,-0.000100765710591037));
#7943=CARTESIAN_POINT('',(0.0545,-0.0205875497634892,-0.00038834560551085));
#7944=CARTESIAN_POINT('',(0.0525,-0.0205875497634892,-0.00038834560551085));
#7945=CARTESIAN_POINT('',(0.0545,-0.0207483120843509,5.70094725519386E-5));
#7946=CARTESIAN_POINT('',(0.0525,-0.0207483120843509,5.70094725519386E-5));
#7947=CARTESIAN_POINT('',(0.0545,-0.0210578881751994,0.000279687011583333));
#7948=CARTESIAN_POINT('',(0.0525,-0.0210578881751994,0.000279687011583333));
#7949=CARTESIAN_POINT('',(0.0545,-0.0215162780360348,0.000279687011583333));
#7950=CARTESIAN_POINT('',(0.0525,-0.0215162780360348,0.000279687011583333));
#7951=CARTESIAN_POINT('',(0.0545,-0.0205875497634892,-0.00038834560551085));
#7952=CARTESIAN_POINT('',(0.0545,-0.0205875497634892,-0.00038834560551085));
#7953=CARTESIAN_POINT('',(0.0545,-0.0205875497634892,-0.00038834560551085));
#7954=CARTESIAN_POINT('',(0.0545,-0.0208286932447817,0.000279687011583333));
#7955=CARTESIAN_POINT('',(0.0545,-0.0215162780360348,0.000279687011583333));
#7956=CARTESIAN_POINT('',(0.0545,-0.0196392693167847,-0.00038834560551085));
#7957=CARTESIAN_POINT('',(0.0545,-0.0186909888700803,-0.00038834560551085));
#7958=CARTESIAN_POINT('',(0.0545,-0.0186909888700803,-0.00038834560551085));
#7959=CARTESIAN_POINT('',(0.0545,-0.0196392693167847,-0.00038834560551085));
#7960=CARTESIAN_POINT('',(0.0545,-0.0196547481213271,0.00122796745828776));
#7961=CARTESIAN_POINT('',(0.0525,-0.0196547481213271,0.00122796745828776));
#7962=CARTESIAN_POINT('',(0.0545,-0.0191643144195093,0.00084561383029239));
#7963=CARTESIAN_POINT('',(0.0525,-0.0191643144195093,0.00084561383029239));
#7964=CARTESIAN_POINT('',(0.0545,-0.0188430613357603,0.000306842809026187));
#7965=CARTESIAN_POINT('',(0.0525,-0.0188430613357603,0.000306842809026187));
#7966=CARTESIAN_POINT('',(0.0545,-0.0186909888700803,-0.00038834560551085));
#7967=CARTESIAN_POINT('',(0.0525,-0.0186909888700803,-0.00038834560551085));
#7968=CARTESIAN_POINT('',(0.0545,-0.0196547481213271,0.00122796745828776));
#7969=CARTESIAN_POINT('',(0.0545,-0.0196547481213271,0.00122796745828776));
#7970=CARTESIAN_POINT('',(0.0545,-0.0196547481213271,0.00122796745828776));
#7971=CARTESIAN_POINT('',(0.0545,-0.0189190975686003,0.000654437016294705));
#7972=CARTESIAN_POINT('',(0.0545,-0.0186909888700803,-0.00038834560551085));
#7973=CARTESIAN_POINT('',(0.0545,-0.0214853204269499,0.00180149790028082));
#7974=CARTESIAN_POINT('',(0.0525,-0.0214853204269499,0.00180149790028082));
#7975=CARTESIAN_POINT('',(0.0545,-0.020755372591686,0.00180149790028082));
#7976=CARTESIAN_POINT('',(0.0525,-0.020755372591686,0.00180149790028082));
#7977=CARTESIAN_POINT('',(0.0545,-0.0201451818231451,0.00161032108628313));
#7978=CARTESIAN_POINT('',(0.0525,-0.0201451818231451,0.00161032108628313));
#7979=CARTESIAN_POINT('',(0.0545,-0.0196547481213271,0.00122796745828776));
#7980=CARTESIAN_POINT('',(0.0525,-0.0196547481213271,0.00122796745828776));
#7981=CARTESIAN_POINT('',(0.0545,-0.0214853204269499,0.00180149790028082));
#7982=CARTESIAN_POINT('',(0.0545,-0.0214853204269499,0.00180149790028082));
#7983=CARTESIAN_POINT('',(0.0545,-0.0214853204269499,0.00180149790028082));
#7984=CARTESIAN_POINT('',(0.0545,-0.020390398674054,0.00180149790028082));
#7985=CARTESIAN_POINT('',(0.0545,-0.0196547481213271,0.00122796745828776));
#7986=CARTESIAN_POINT('',(0.0545,-0.0230022432721077,0.00143652398264887));
#7987=CARTESIAN_POINT('',(0.0525,-0.0230022432721077,0.00143652398264887));
#7988=CARTESIAN_POINT('',(0.0545,-0.0225612331216357,0.00167983992773683));
#7989=CARTESIAN_POINT('',(0.0525,-0.0225612331216357,0.00167983992773683));
#7990=CARTESIAN_POINT('',(0.0545,-0.0220555921732498,0.00180149790028082));
#7991=CARTESIAN_POINT('',(0.0525,-0.0220555921732498,0.00180149790028082));
#7992=CARTESIAN_POINT('',(0.0545,-0.0214853204269499,0.00180149790028082));
#7993=CARTESIAN_POINT('',(0.0525,-0.0214853204269499,0.00180149790028082));
#7994=CARTESIAN_POINT('',(0.0545,-0.0230022432721077,0.00143652398264887));
#7995=CARTESIAN_POINT('',(0.0545,-0.0230022432721077,0.00143652398264887));
#7996=CARTESIAN_POINT('',(0.0545,-0.0230022432721077,0.00143652398264887));
#7997=CARTESIAN_POINT('',(0.0545,-0.0223407280463997,0.00180149790028082));
#7998=CARTESIAN_POINT('',(0.0545,-0.0214853204269499,0.00180149790028082));
#7999=CARTESIAN_POINT('',(0.0545,-0.0217648580600586,-0.000818424385154318));
#8000=CARTESIAN_POINT('',(0.0545,-0.0217648580600586,-0.000818424385154318));
#8001=CARTESIAN_POINT('',(0.0545,-1.02257383847054E-18,-0.0002));
#8002=CARTESIAN_POINT('',(0.0545,-0.0271277520196259,-0.00118998474602387));
#8003=CARTESIAN_POINT('',(0.0525,-0.0271277520196259,-0.00118998474602387));
#8004=CARTESIAN_POINT('',(0.0545,-0.0271277520196259,-0.000745715899858797));
#8005=CARTESIAN_POINT('',(0.0525,-0.0271277520196259,-0.000745715899858797));
#8006=CARTESIAN_POINT('',(0.0545,-0.0272510393400165,-0.000394862996897136));
#8007=CARTESIAN_POINT('',(0.0525,-0.0272510393400165,-0.000394862996897136));
#8008=CARTESIAN_POINT('',(0.0545,-0.0274976139807975,-0.000137426037138889));
#8009=CARTESIAN_POINT('',(0.0525,-0.0274976139807975,-0.000137426037138889));
#8010=CARTESIAN_POINT('',(0.0525,-0.0271277520196259,-0.00118998474602387));
#8011=CARTESIAN_POINT('',(0.0525,-0.0271277520196259,-0.000523581476776259));
#8012=CARTESIAN_POINT('',(0.0525,-0.0274976139807975,-0.000137426037138889));
#8013=CARTESIAN_POINT('',(0.0525,-0.0271277520196259,-0.00118998474602387));
#8014=CARTESIAN_POINT('',(0.0525,-0.0274976139807975,-0.000137426037138889));
#8015=CARTESIAN_POINT('',(0.0545,-0.0271277520196259,-0.00118998474602387));
#8016=CARTESIAN_POINT('',(0.0545,-0.0271277520196259,-0.00118998474602387));
#8017=CARTESIAN_POINT('',(0.0545,-0.0271277520196259,-0.00118998474602387));
#8018=CARTESIAN_POINT('',(0.0545,-0.0271277520196259,-0.000523581476776259));
#8019=CARTESIAN_POINT('',(0.0545,-0.0274976139807975,-0.000137426037138889));
#8020=CARTESIAN_POINT('',(0.0545,-0.0274976139807975,-0.000137426037138889));
#8021=CARTESIAN_POINT('',(0.0545,-0.0274976139807975,-0.000137426037138889));
#8022=CARTESIAN_POINT('',(0.0545,-0.0274976139807975,-0.00224417280275542));
#8023=CARTESIAN_POINT('',(0.0525,-0.0274976139807975,-0.00224417280275542));
#8024=CARTESIAN_POINT('',(0.0545,-0.0272510393400165,-0.00198673584299718));
#8025=CARTESIAN_POINT('',(0.0525,-0.0272510393400165,-0.00198673584299718));
#8026=CARTESIAN_POINT('',(0.0545,-0.0271277520196259,-0.00163533982408666));
#8027=CARTESIAN_POINT('',(0.0525,-0.0271277520196259,-0.00163533982408666));
#8028=CARTESIAN_POINT('',(0.0545,-0.0271277520196259,-0.00118998474602387));
#8029=CARTESIAN_POINT('',(0.0525,-0.0271277520196259,-0.00118998474602387));
#8030=CARTESIAN_POINT('',(0.0525,-0.0274976139807975,-0.00224417280275542));
#8031=CARTESIAN_POINT('',(0.0525,-0.0271277520196259,-0.00185801736311806));
#8032=CARTESIAN_POINT('',(0.0525,-0.0271277520196259,-0.00118998474602387));
#8033=CARTESIAN_POINT('',(0.0525,-0.0274976139807975,-0.00224417280275542));
#8034=CARTESIAN_POINT('',(0.0545,-0.0274976139807975,-0.00224417280275542));
#8035=CARTESIAN_POINT('',(0.0545,-0.0274976139807975,-0.00224417280275542));
#8036=CARTESIAN_POINT('',(0.0545,-0.0274976139807975,-0.00224417280275542));
#8037=CARTESIAN_POINT('',(0.0545,-0.0271277520196259,-0.00185801736311806));
#8038=CARTESIAN_POINT('',(0.0545,-0.0271277520196259,-0.00118998474602387));
#8039=CARTESIAN_POINT('',(0.0545,-0.0283789324760372,-0.00143287094543987));
#8040=CARTESIAN_POINT('',(0.0525,-0.0283789324760372,-0.00143287094543987));
#8041=CARTESIAN_POINT('',(0.0525,-0.0283986390963431,-0.0026300267576909));
#8042=CARTESIAN_POINT('',(0.0545,-0.0283986433399514,-0.00263032824239279));
#8043=CARTESIAN_POINT('',(0.0545,-0.0283986390963431,-0.0026300267576909));
#8044=CARTESIAN_POINT('',(0.0545,-0.0283789324760372,-0.00143287094543987));
#8045=CARTESIAN_POINT('',(0.0545,-0.0284176936572643,-0.00143822945457806));
#8046=CARTESIAN_POINT('',(0.0525,-0.0284176936572643,-0.00143822945457806));
#8047=CARTESIAN_POINT('',(0.0525,-0.0293013020469518,-0.00223928475921571));
#8048=CARTESIAN_POINT('',(0.0545,-0.0293013020469518,-0.00223928475921571));
#8049=CARTESIAN_POINT('',(0.0545,-0.0293013020469518,-0.00223928475921571));
#8050=CARTESIAN_POINT('',(0.0545,-0.0284176936572643,-0.00143822945457806));
#8051=CARTESIAN_POINT('',(0.0545,-0.0296711640081235,-0.00118020865894444));
#8052=CARTESIAN_POINT('',(0.0525,-0.0296711640081235,-0.00118020865894444));
#8053=CARTESIAN_POINT('',(0.0545,-0.0296711640081235,-0.00162556373700723));
#8054=CARTESIAN_POINT('',(0.0525,-0.0296711640081235,-0.00162556373700723));
#8055=CARTESIAN_POINT('',(0.0545,-0.029547876687733,-0.00197858910376432));
#8056=CARTESIAN_POINT('',(0.0525,-0.029547876687733,-0.00197858910376432));
#8057=CARTESIAN_POINT('',(0.0545,-0.0293013020469518,-0.00223928475921571));
#8058=CARTESIAN_POINT('',(0.0525,-0.0293013020469518,-0.00223928475921571));
#8059=CARTESIAN_POINT('',(0.0525,-0.0296711640081235,-0.00118020865894444));
#8060=CARTESIAN_POINT('',(0.0525,-0.0296711640081235,-0.00184824127603863));
#8061=CARTESIAN_POINT('',(0.0525,-0.0293013020469518,-0.00223928475921571));
#8062=CARTESIAN_POINT('',(0.0525,-0.0296711640081235,-0.00118020865894444));
#8063=CARTESIAN_POINT('',(0.0545,-0.0296711640081235,-0.00118020865894444));
#8064=CARTESIAN_POINT('',(0.0545,-0.0296711640081235,-0.00118020865894444));
#8065=CARTESIAN_POINT('',(0.0545,-0.0296711640081235,-0.00118020865894444));
#8066=CARTESIAN_POINT('',(0.0545,-0.0296711640081235,-0.00184824127603863));
#8067=CARTESIAN_POINT('',(0.0545,-0.0293013020469518,-0.00223928475921571));
#8068=CARTESIAN_POINT('',(0.0545,-0.0293013020469518,-0.000131723319675889));
#8069=CARTESIAN_POINT('',(0.0525,-0.0293013020469518,-0.000131723319675889));
#8070=CARTESIAN_POINT('',(0.0545,-0.029547876687733,-0.000385358467792136));
#8071=CARTESIAN_POINT('',(0.0525,-0.029547876687733,-0.000385358467792136));
#8072=CARTESIAN_POINT('',(0.0545,-0.0296711640081235,-0.000734853580881655));
#8073=CARTESIAN_POINT('',(0.0525,-0.0296711640081235,-0.000734853580881655));
#8074=CARTESIAN_POINT('',(0.0545,-0.0296711640081235,-0.00118020865894444));
#8075=CARTESIAN_POINT('',(0.0525,-0.0296711640081235,-0.00118020865894444));
#8076=CARTESIAN_POINT('',(0.0525,-0.0293013020469518,-0.000131723319675889));
#8077=CARTESIAN_POINT('',(0.0525,-0.0296711640081235,-0.00051217604185026));
#8078=CARTESIAN_POINT('',(0.0525,-0.0296711640081235,-0.00118020865894444));
#8079=CARTESIAN_POINT('',(0.0525,-0.0293013020469518,-0.000131723319675889));
#8080=CARTESIAN_POINT('',(0.0545,-0.0293013020469518,-0.000131723319675889));
#8081=CARTESIAN_POINT('',(0.0545,-0.0293013020469518,-0.000131723319675889));
#8082=CARTESIAN_POINT('',(0.0545,-0.0293013020469518,-0.000131723319675889));
#8083=CARTESIAN_POINT('',(0.0545,-0.0296711640081235,-0.00051217604185026));
#8084=CARTESIAN_POINT('',(0.0545,-0.0296711640081235,-0.00118020865894444));
#8085=CARTESIAN_POINT('',(0.0545,-0.0284211702154093,-0.000959389431791979));
#8086=CARTESIAN_POINT('',(0.0525,-0.0284211702154093,-0.000959389431791979));
#8087=CARTESIAN_POINT('',(0.0525,-0.028398651185494,0.000248331288809739));
#8088=CARTESIAN_POINT('',(0.0545,-0.0283986433399514,0.000248729402498481));
#8089=CARTESIAN_POINT('',(0.0545,-0.028398651185494,0.000248331288809739));
#8090=CARTESIAN_POINT('',(0.0545,-0.0284211702154093,-0.000959389431791979));
#8091=CARTESIAN_POINT('',(0.0545,-0.0314862575092038,-0.00118020865894444));
#8092=CARTESIAN_POINT('',(0.0525,-0.0314862575092038,-0.00118020865894444));
#8093=CARTESIAN_POINT('',(0.0545,-0.0314862575092038,-0.000582781115201678));
#8094=CARTESIAN_POINT('',(0.0525,-0.0314862575092038,-0.000582781115201678));
#8095=CARTESIAN_POINT('',(0.0545,-0.0313732893918415,-5.81311086057582E-5));
#8096=CARTESIAN_POINT('',(0.0525,-0.0313732893918415,-5.81311086057582E-5));
#8097=CARTESIAN_POINT('',(0.0545,-0.031147353157117,0.000393741360843315));
#8098=CARTESIAN_POINT('',(0.0525,-0.031147353157117,0.000393741360843315));
#8099=CARTESIAN_POINT('',(0.0545,-0.0314862575092038,-0.00118020865894444));
#8100=CARTESIAN_POINT('',(0.0545,-0.0314862575092038,-0.00118020865894444));
#8101=CARTESIAN_POINT('',(0.0545,-0.0314862575092038,-0.00118020865894444));
#8102=CARTESIAN_POINT('',(0.0545,-0.0314862575092038,-0.000284067343330295));
#8103=CARTESIAN_POINT('',(0.0545,-0.031147353157117,0.000393741360843315));
#8104=CARTESIAN_POINT('',(0.0545,-0.031147353157117,0.000393741360843315));
#8105=CARTESIAN_POINT('',(0.0545,-0.031147353157117,0.000393741360843315));
#8106=CARTESIAN_POINT('',(0.0545,-0.031147353157117,-0.0027598613961952));
#8107=CARTESIAN_POINT('',(0.0525,-0.031147353157117,-0.0027598613961952));
#8108=CARTESIAN_POINT('',(0.0545,-0.0313732893918415,-0.00230418711510413));
#8109=CARTESIAN_POINT('',(0.0525,-0.0313732893918415,-0.00230418711510413));
#8110=CARTESIAN_POINT('',(0.0545,-0.0314862575092038,-0.00177763620268721));
#8111=CARTESIAN_POINT('',(0.0525,-0.0314862575092038,-0.00177763620268721));
#8112=CARTESIAN_POINT('',(0.0545,-0.0314862575092038,-0.00118020865894444));
#8113=CARTESIAN_POINT('',(0.0525,-0.0314862575092038,-0.00118020865894444));
#8114=CARTESIAN_POINT('',(0.0545,-0.031147353157117,-0.0027598613961952));
#8115=CARTESIAN_POINT('',(0.0545,-0.031147353157117,-0.0027598613961952));
#8116=CARTESIAN_POINT('',(0.0545,-0.031147353157117,-0.0027598613961952));
#8117=CARTESIAN_POINT('',(0.0545,-0.0314862575092038,-0.00207634997455859));
#8118=CARTESIAN_POINT('',(0.0545,-0.0314862575092038,-0.00118020865894444));
#8119=CARTESIAN_POINT('',(0.0545,-0.0302243276020344,-0.00381323477900347));
#8120=CARTESIAN_POINT('',(0.0525,-0.0302243276020344,-0.00381323477900347));
#8121=CARTESIAN_POINT('',(0.0545,-0.0306137417373649,-0.00356666013822237));
#8122=CARTESIAN_POINT('',(0.0525,-0.0306137417373649,-0.00356666013822237));
#8123=CARTESIAN_POINT('',(0.0545,-0.0309214169223925,-0.00321553567728628));
#8124=CARTESIAN_POINT('',(0.0525,-0.0309214169223925,-0.00321553567728628));
#8125=CARTESIAN_POINT('',(0.0545,-0.031147353157117,-0.0027598613961952));
#8126=CARTESIAN_POINT('',(0.0525,-0.031147353157117,-0.0027598613961952));
#8127=CARTESIAN_POINT('',(0.0545,-0.0302243276020344,-0.00381323477900347));
#8128=CARTESIAN_POINT('',(0.0545,-0.0302243276020344,-0.00381323477900347));
#8129=CARTESIAN_POINT('',(0.0545,-0.0302243276020344,-0.00381323477900347));
#8130=CARTESIAN_POINT('',(0.0545,-0.0308084488050302,-0.00344337281783181));
#8131=CARTESIAN_POINT('',(0.0545,-0.031147353157117,-0.0027598613961952));
#8132=CARTESIAN_POINT('',(0.0545,-0.0289556822964687,-0.00181761873868283));
#8133=CARTESIAN_POINT('',(0.0545,-0.0289314400857802,-0.00418309674017513));
#8134=CARTESIAN_POINT('',(0.0545,-0.0289314400857802,-0.00418309674017513));
#8135=CARTESIAN_POINT('',(0.0545,-0.0289556822964687,-0.00181761873868283));
#8136=CARTESIAN_POINT('',(0.0545,-0.0278519971374268,-0.00393299184572646));
#8137=CARTESIAN_POINT('',(0.0525,-0.0278519971374268,-0.00393299184572646));
#8138=CARTESIAN_POINT('',(0.0545,-0.0281610301123265,-0.00409972844202557));
#8139=CARTESIAN_POINT('',(0.0525,-0.0281610301123265,-0.00409972844202557));
#8140=CARTESIAN_POINT('',(0.0545,-0.0285208444284443,-0.00418309674017513));
#8141=CARTESIAN_POINT('',(0.0525,-0.0285208444284443,-0.00418309674017513));
#8142=CARTESIAN_POINT('',(0.0545,-0.0289314400857802,-0.00418309674017513));
#8143=CARTESIAN_POINT('',(0.0525,-0.0289314400857802,-0.00418309674017513));
#8144=CARTESIAN_POINT('',(0.0545,-0.0278519971374268,-0.00393299184572646));
#8145=CARTESIAN_POINT('',(0.0545,-0.0278519971374268,-0.00393299184572646));
#8146=CARTESIAN_POINT('',(0.0545,-0.0278519971374268,-0.00393299184572646));
#8147=CARTESIAN_POINT('',(0.0545,-0.0283155465997763,-0.00418309674017513));
#8148=CARTESIAN_POINT('',(0.0545,-0.0289314400857802,-0.00418309674017513));
#8149=CARTESIAN_POINT('',(0.0545,-0.0271277520196259,-0.00327554998963499));
#8150=CARTESIAN_POINT('',(0.0525,-0.0271277520196259,-0.00327554998963499));
#8151=CARTESIAN_POINT('',(0.0545,-0.0273015491232602,-0.00354710796406352));
#8152=CARTESIAN_POINT('',(0.0525,-0.0273015491232602,-0.00354710796406352));
#8153=CARTESIAN_POINT('',(0.0545,-0.0275429641625271,-0.00376625524942734));
#8154=CARTESIAN_POINT('',(0.0525,-0.0275429641625271,-0.00376625524942734));
#8155=CARTESIAN_POINT('',(0.0545,-0.0278519971374268,-0.00393299184572646));
#8156=CARTESIAN_POINT('',(0.0525,-0.0278519971374268,-0.00393299184572646));
#8157=CARTESIAN_POINT('',(0.0545,-0.0271277520196259,-0.00327554998963499));
#8158=CARTESIAN_POINT('',(0.0545,-0.0271277520196259,-0.00327554998963499));
#8159=CARTESIAN_POINT('',(0.0545,-0.0271277520196259,-0.00327554998963499));
#8160=CARTESIAN_POINT('',(0.0545,-0.0273884476750773,-0.00368288695127778));
#8161=CARTESIAN_POINT('',(0.0545,-0.0278519971374268,-0.00393299184572646));
#8162=CARTESIAN_POINT('',(0.0545,-0.0271277520196259,-0.00368777499481749));
#8163=CARTESIAN_POINT('',(0.0545,-0.0271277520196259,-0.0041));
#8164=CARTESIAN_POINT('',(0.0545,-0.0271277520196259,-0.0041));
#8165=CARTESIAN_POINT('',(0.0545,-0.0271277520196259,-0.00368777499481749));
#8166=CARTESIAN_POINT('',(0.0545,-0.0262356840736281,-0.0041));
#8167=CARTESIAN_POINT('',(0.0545,-0.0253436161276305,-0.0041));
#8168=CARTESIAN_POINT('',(0.0545,-0.0253436161276305,-0.0041));
#8169=CARTESIAN_POINT('',(0.0545,-0.0262356840736281,-0.0041));
#8170=CARTESIAN_POINT('',(0.0545,-0.0253436161276305,-0.00119079941994716));
#8171=CARTESIAN_POINT('',(0.0545,-0.0253436161276305,0.00171840116010569));
#8172=CARTESIAN_POINT('',(0.0545,-0.0253436161276305,0.00171840116010569));
#8173=CARTESIAN_POINT('',(0.0545,-0.0253436161276305,-0.00119079941994716));
#8174=CARTESIAN_POINT('',(0.0545,-0.0262356840736281,0.00171840116010569));
#8175=CARTESIAN_POINT('',(0.0545,-0.0271277520196259,0.00171840116010569));
#8176=CARTESIAN_POINT('',(0.0545,-0.0271277520196259,0.00171840116010569));
#8177=CARTESIAN_POINT('',(0.0545,-0.0262356840736281,0.00171840116010569));
#8178=CARTESIAN_POINT('',(0.0545,-0.0271277520196259,0.00130699082884646));
#8179=CARTESIAN_POINT('',(0.0545,-0.0271277520196259,0.00089558049758724));
#8180=CARTESIAN_POINT('',(0.0545,-0.0271277520196259,0.00089558049758724));
#8181=CARTESIAN_POINT('',(0.0545,-0.0271277520196259,0.00130699082884646));
#8182=CARTESIAN_POINT('',(0.0545,-0.0278414063764241,0.00155139300583214));
#8183=CARTESIAN_POINT('',(0.0525,-0.0278414063764241,0.00155139300583214));
#8184=CARTESIAN_POINT('',(0.0545,-0.0275318302855756,0.00138465640953302));
#8185=CARTESIAN_POINT('',(0.0525,-0.0275318302855756,0.00138465640953302));
#8186=CARTESIAN_POINT('',(0.0545,-0.0272939454999762,0.00116605224011806));
#8187=CARTESIAN_POINT('',(0.0525,-0.0272939454999762,0.00116605224011806));
#8188=CARTESIAN_POINT('',(0.0545,-0.0271277520196259,0.00089558049758724));
#8189=CARTESIAN_POINT('',(0.0525,-0.0271277520196259,0.00089558049758724));
#8190=CARTESIAN_POINT('',(0.0545,-0.0278414063764241,0.00155139300583214));
#8191=CARTESIAN_POINT('',(0.0545,-0.0278414063764241,0.00155139300583214));
#8192=CARTESIAN_POINT('',(0.0545,-0.0278414063764241,0.00155139300583214));
#8193=CARTESIAN_POINT('',(0.0545,-0.0273770422401513,0.00130128811138346));
#8194=CARTESIAN_POINT('',(0.0545,-0.0271277520196259,0.00089558049758724));
#8195=CARTESIAN_POINT('',(0.0545,-0.0289200346508542,0.00180149790028082));
#8196=CARTESIAN_POINT('',(0.0525,-0.0289200346508542,0.00180149790028082));
#8197=CARTESIAN_POINT('',(0.0545,-0.028510525225416,0.00180149790028082));
#8198=CARTESIAN_POINT('',(0.0525,-0.028510525225416,0.00180149790028082));
#8199=CARTESIAN_POINT('',(0.0545,-0.0281509824672726,0.00171812960213126));
#8200=CARTESIAN_POINT('',(0.0525,-0.0281509824672726,0.00171812960213126));
#8201=CARTESIAN_POINT('',(0.0545,-0.0278414063764241,0.00155139300583214));
#8202=CARTESIAN_POINT('',(0.0525,-0.0278414063764241,0.00155139300583214));
#8203=CARTESIAN_POINT('',(0.0545,-0.0289200346508542,0.00180149790028082));
#8204=CARTESIAN_POINT('',(0.0545,-0.0289200346508542,0.00180149790028082));
#8205=CARTESIAN_POINT('',(0.0545,-0.0289200346508542,0.00180149790028082));
#8206=CARTESIAN_POINT('',(0.0545,-0.0283057705126969,0.00180149790028082));
#8207=CARTESIAN_POINT('',(0.0545,-0.0278414063764241,0.00155139300583214));
#8208=CARTESIAN_POINT('',(0.0545,-0.0302243276020344,0.00143652398264887));
#8209=CARTESIAN_POINT('',(0.0525,-0.0302243276020344,0.00143652398264887));
#8210=CARTESIAN_POINT('',(0.0545,-0.0298349134667039,0.00167983992773683));
#8211=CARTESIAN_POINT('',(0.0525,-0.0298349134667039,0.00167983992773683));
#8212=CARTESIAN_POINT('',(0.0545,-0.0294001491496438,0.00180149790028082));
#8213=CARTESIAN_POINT('',(0.0525,-0.0294001491496438,0.00180149790028082));
#8214=CARTESIAN_POINT('',(0.0545,-0.0289200346508542,0.00180149790028082));
#8215=CARTESIAN_POINT('',(0.0525,-0.0289200346508542,0.00180149790028082));
#8216=CARTESIAN_POINT('',(0.0545,-0.0302243276020344,0.00143652398264887));
#8217=CARTESIAN_POINT('',(0.0545,-0.0302243276020344,0.00143652398264887));
#8218=CARTESIAN_POINT('',(0.0545,-0.0302243276020344,0.00143652398264887));
#8219=CARTESIAN_POINT('',(0.0545,-0.0296402063990386,0.00180149790028082));
#8220=CARTESIAN_POINT('',(0.0545,-0.0289200346508542,0.00180149790028082));
#8221=CARTESIAN_POINT('',(0.0545,-0.031147353157117,0.000393741360843315));
#8222=CARTESIAN_POINT('',(0.0525,-0.031147353157117,0.000393741360843315));
#8223=CARTESIAN_POINT('',(0.0545,-0.0309214169223925,0.000845613830292389));
#8224=CARTESIAN_POINT('',(0.0525,-0.0309214169223925,0.000845613830292389));
#8225=CARTESIAN_POINT('',(0.0545,-0.0306137417373649,0.00119320803756091));
#8226=CARTESIAN_POINT('',(0.0525,-0.0306137417373649,0.00119320803756091));
#8227=CARTESIAN_POINT('',(0.0545,-0.0302243276020344,0.00143652398264887));
#8228=CARTESIAN_POINT('',(0.0525,-0.0302243276020344,0.00143652398264887));
#8229=CARTESIAN_POINT('',(0.0545,-0.031147353157117,0.000393741360843315));
#8230=CARTESIAN_POINT('',(0.0545,-0.0308084488050302,0.00107155006501693));
#8231=CARTESIAN_POINT('',(0.0545,-0.0302243276020344,0.00143652398264887));
#8232=CARTESIAN_POINT('',(0.0545,-0.0283789324760372,-0.000948727894454446));
#8233=CARTESIAN_POINT('',(0.0525,-0.0283789324760372,-0.000948727894454446));
#8234=CARTESIAN_POINT('',(0.0545,-0.0283789324760372,-0.000948727894454446));
#8235=CARTESIAN_POINT('',(0.0545,-1.02257383847054E-18,-0.0002));
#8236=CARTESIAN_POINT('',(0.0545,-0.0324133564339028,-0.000439670062677843));
#8237=CARTESIAN_POINT('',(0.0545,-0.0324133564339028,0.00322065987464431));
#8238=CARTESIAN_POINT('',(0.0545,-0.0324133564339028,0.00322065987464431));
#8239=CARTESIAN_POINT('',(0.0545,-0.0324133564339028,-0.000439670062677843));
#8240=CARTESIAN_POINT('',(0.0545,-0.0324133564339028,-0.0041));
#8241=CARTESIAN_POINT('',(0.0545,-0.0324133564339028,-0.0041));
#8242=CARTESIAN_POINT('',(0.0545,-0.0333046097059773,0.00322065987464431));
#8243=CARTESIAN_POINT('',(0.0545,-0.0341958629780516,0.00322065987464431));
#8244=CARTESIAN_POINT('',(0.0545,-0.0341958629780516,0.00322065987464431));
#8245=CARTESIAN_POINT('',(0.0545,-0.0333046097059773,0.00322065987464431));
#8246=CARTESIAN_POINT('',(0.0545,-0.0341958629780516,0.00178683376966167));
#8247=CARTESIAN_POINT('',(0.0545,-0.0341958629780516,0.000353007664679037));
#8248=CARTESIAN_POINT('',(0.0545,-0.0341958629780516,0.000353007664679037));
#8249=CARTESIAN_POINT('',(0.0545,-0.0341958629780516,0.00178683376966167));
#8250=CARTESIAN_POINT('',(0.0545,-0.035583252669407,0.000353007664679037));
#8251=CARTESIAN_POINT('',(0.0545,-0.0369706423607624,0.000353007664679037));
#8252=CARTESIAN_POINT('',(0.0545,-0.0369706423607624,0.000353007664679037));
#8253=CARTESIAN_POINT('',(0.0545,-0.035583252669407,0.000353007664679037));
#8254=CARTESIAN_POINT('',(0.0545,-0.0369706423607624,0.00178683376966167));
#8255=CARTESIAN_POINT('',(0.0545,-0.0369706423607624,0.00322065987464431));
#8256=CARTESIAN_POINT('',(0.0545,-0.0369706423607624,0.00322065987464431));
#8257=CARTESIAN_POINT('',(0.0545,-0.0369706423607624,0.00178683376966167));
#8258=CARTESIAN_POINT('',(0.0545,-0.0378618956328369,0.00322065987464431));
#8259=CARTESIAN_POINT('',(0.0545,-0.0387531489049113,0.00322065987464431));
#8260=CARTESIAN_POINT('',(0.0545,-0.0387531489049113,0.00322065987464431));
#8261=CARTESIAN_POINT('',(0.0545,-0.0378618956328369,0.00322065987464431));
#8262=CARTESIAN_POINT('',(0.0545,-0.0387531489049113,-0.000439670062677843));
#8263=CARTESIAN_POINT('',(0.0545,-0.0387531489049113,-0.0041));
#8264=CARTESIAN_POINT('',(0.0545,-0.0387531489049113,-0.0041));
#8265=CARTESIAN_POINT('',(0.0545,-0.0387531489049113,-0.000439670062677843));
#8266=CARTESIAN_POINT('',(0.0545,-0.0378618956328369,-0.0041));
#8267=CARTESIAN_POINT('',(0.0545,-0.0369706423607624,-0.0041));
#8268=CARTESIAN_POINT('',(0.0545,-0.0369706423607624,-0.0041));
#8269=CARTESIAN_POINT('',(0.0545,-0.0378618956328369,-0.0041));
#8270=CARTESIAN_POINT('',(0.0545,-0.0369706423607624,-0.00259285324192166));
#8271=CARTESIAN_POINT('',(0.0545,-0.0369706423607624,-0.00108570648384332));
#8272=CARTESIAN_POINT('',(0.0545,-0.0369706423607624,-0.00108570648384332));
#8273=CARTESIAN_POINT('',(0.0545,-0.0369706423607624,-0.00259285324192166));
#8274=CARTESIAN_POINT('',(0.0545,-0.035583252669407,-0.00108570648384332));
#8275=CARTESIAN_POINT('',(0.0545,-0.0341958629780516,-0.00108570648384332));
#8276=CARTESIAN_POINT('',(0.0545,-0.0341958629780516,-0.00108570648384332));
#8277=CARTESIAN_POINT('',(0.0545,-0.035583252669407,-0.00108570648384332));
#8278=CARTESIAN_POINT('',(0.0545,-0.0341958629780516,-0.00259285324192166));
#8279=CARTESIAN_POINT('',(0.0545,-0.0341958629780516,-0.0041));
#8280=CARTESIAN_POINT('',(0.0545,-0.0341958629780516,-0.0041));
#8281=CARTESIAN_POINT('',(0.0545,-0.0341958629780516,-0.00259285324192166));
#8282=CARTESIAN_POINT('',(0.0545,-0.0333046097059773,-0.0041));
#8283=CARTESIAN_POINT('',(0.0545,-0.0333046097059773,-0.0041));
#8284=CARTESIAN_POINT('',(0.0545,-1.02257383847054E-18,-0.0002));
#8285=CARTESIAN_POINT('',(0.0525,0.,-0.0055));
#8286=CARTESIAN_POINT('',(0.0525,0.,-0.0055));
#8287=CARTESIAN_POINT('',(0.0525,0.,-0.0055));
#8288=CARTESIAN_POINT('',(0.0525,0.,-0.0055));
#8289=CARTESIAN_POINT('',(0.0525,0.,-0.0055));
#8290=CARTESIAN_POINT('',(0.0525,0.,-0.0055));
#8291=CARTESIAN_POINT('',(0.,0.0457,-0.00392063287379481));
#8292=CARTESIAN_POINT('',(0.,0.0457,-0.00392063287379481));
#8293=CARTESIAN_POINT('',(6.93889390390723E-18,0.0457,0.0008));
#8294=MECHANICAL_DESIGN_GEOMETRIC_PRESENTATION_REPRESENTATION('',(#4697),
#8295);
#8295=(
GEOMETRIC_REPRESENTATION_CONTEXT(3)
GLOBAL_UNCERTAINTY_ASSIGNED_CONTEXT((#8296))
GLOBAL_UNIT_ASSIGNED_CONTEXT((#8299,#8298,#8297))
REPRESENTATION_CONTEXT('Part 1','TOP_LEVEL_ASSEMBLY_PART')
);
#8296=UNCERTAINTY_MEASURE_WITH_UNIT(LENGTH_MEASURE(2.E-5),#8299,
'DISTANCE_ACCURACY_VALUE','Maximum Tolerance applied to model');
#8297=(
NAMED_UNIT(*)
SI_UNIT($,.STERADIAN.)
SOLID_ANGLE_UNIT()
);
#8298=(
NAMED_UNIT(*)
PLANE_ANGLE_UNIT()
SI_UNIT($,.RADIAN.)
);
#8299=(
LENGTH_UNIT()
NAMED_UNIT(*)
SI_UNIT($,.METRE.)
);
#8300=PRODUCT_DEFINITION_SHAPE('','',#8301);
#8301=PRODUCT_DEFINITION('','',#8303,#8302);
#8302=PRODUCT_DEFINITION_CONTEXT('',#8309,'design');
#8303=PRODUCT_DEFINITION_FORMATION_WITH_SPECIFIED_SOURCE('','',#8305,
 .NOT_KNOWN.);
#8304=PRODUCT_RELATED_PRODUCT_CATEGORY('','',(#8305));
#8305=PRODUCT('Part 1','Part 1','Part 1',(#8307));
#8306=PRODUCT_CATEGORY('','');
#8307=PRODUCT_CONTEXT('',#8309,'mechanical');
#8308=APPLICATION_PROTOCOL_DEFINITION('international standard',
'ap242_managed_model_based_3d_engineering',2020,#8309);
#8309=APPLICATION_CONTEXT('managed model based 3d engineering');
ENDSEC;
END-ISO-10303-21;
