ISO-10303-21;
HEADER;
/* Generated by software containing ST-Developer
 * from STEP Tools, Inc. (www.steptools.com) 
 */
/* OPTION: using custom renumber hook */

FILE_DESCRIPTION(
/* description */ ('STEP AP242 Edition 2',
'CAx-IF Rec.Pracs.---Representation and Presentation of Product Manufa
cturing Information (PMI)---4.0---2014-10-13',
'CAx-IF Rec.Pracs.---3D Tessellated Geometry---0.4---2014-09-14','2;1',
'CAx-IF Rec.Pracs.---User Defined Attributes---1.5---2016-08-15'),
/* implementation_level */ '2;1');

FILE_NAME(
/* name */ 'Part Studio 2',
/* time_stamp */ '2026-09-20T06:03:41Z',
/* author */ (''),
/* organization */ (''),
/* preprocessor_version */ 'ST-DEVELOPER v20',
/* originating_system */ 'ONSHAPE BY PTC INC, 1.221',
/* authorisation */ '  ');

FILE_SCHEMA (('AP242_MANAGED_MODEL_BASED_3D_ENGINEERING_MIM_LF { 1 0 10303 442 3 1 4 }'));
ENDSEC;

DATA;
#10=SHAPE_REPRESENTATION_RELATIONSHIP('','',#2666,#11);
#11=ADVANCED_BREP_SHAPE_REPRESENTATION('',(#2664),#4248);
#12=CYLINDRICAL_SURFACE('',#2736,0.0017);
#13=CYLINDRICAL_SURFACE('',#2738,0.0017);
#14=CYLINDRICAL_SURFACE('',#2740,0.0017);
#15=CYLINDRICAL_SURFACE('',#2742,0.0017);
#16=CYLINDRICAL_SURFACE('',#2745,0.005);
#17=CYLINDRICAL_SURFACE('',#2747,0.005);
#18=CYLINDRICAL_SURFACE('',#2749,0.005);
#19=CYLINDRICAL_SURFACE('',#2751,0.005);
#20=CYLINDRICAL_SURFACE('',#2752,0.00139895826292);
#21=CYLINDRICAL_SURFACE('',#2754,0.00141279964144569);
#22=CYLINDRICAL_SURFACE('',#2756,0.00141274563082);
#23=CYLINDRICAL_SURFACE('',#2758,0.00165540330586001);
#24=CYLINDRICAL_SURFACE('',#2760,0.0017050378303);
#25=CYLINDRICAL_SURFACE('',#2762,0.00173537003968);
#26=CYLINDRICAL_SURFACE('',#2780,0.00532672537556407);
#27=CYLINDRICAL_SURFACE('',#2783,0.003);
#28=CYLINDRICAL_SURFACE('',#2786,0.003);
#29=CYLINDRICAL_SURFACE('',#2789,0.003);
#30=CYLINDRICAL_SURFACE('',#2792,0.003);
#31=CIRCLE('',#2669,0.005);
#32=CIRCLE('',#2670,0.005);
#33=CIRCLE('',#2671,0.005);
#34=CIRCLE('',#2672,0.005);
#35=CIRCLE('',#2673,0.003);
#36=CIRCLE('',#2674,0.003);
#37=CIRCLE('',#2675,0.003);
#38=CIRCLE('',#2676,0.003);
#39=CIRCLE('',#2677,0.00532672537556407);
#40=CIRCLE('',#2678,0.0017050378303);
#41=CIRCLE('',#2679,0.00173537003968);
#42=CIRCLE('',#2680,0.00141274563082);
#43=CIRCLE('',#2681,0.00165540330586001);
#44=CIRCLE('',#2682,0.00139895826292);
#45=CIRCLE('',#2683,0.00141279964144569);
#46=CIRCLE('',#2721,0.0017);
#47=CIRCLE('',#2722,0.0017);
#48=CIRCLE('',#2723,0.0017);
#49=CIRCLE('',#2724,0.0017);
#50=CIRCLE('',#2725,0.00139895826292);
#51=CIRCLE('',#2726,0.00141279964144569);
#52=CIRCLE('',#2727,0.00141274563082);
#53=CIRCLE('',#2728,0.00165540330586001);
#54=CIRCLE('',#2729,0.0017050378303);
#55=CIRCLE('',#2730,0.00173537003968);
#56=CIRCLE('',#2731,0.005);
#57=CIRCLE('',#2732,0.005);
#58=CIRCLE('',#2733,0.005);
#59=CIRCLE('',#2734,0.005);
#60=CIRCLE('',#2737,0.0017);
#61=CIRCLE('',#2739,0.0017);
#62=CIRCLE('',#2741,0.0017);
#63=CIRCLE('',#2743,0.0017);
#64=CIRCLE('',#2781,0.00532672537556407);
#65=CIRCLE('',#2784,0.003);
#66=CIRCLE('',#2787,0.003);
#67=CIRCLE('',#2790,0.003);
#68=CIRCLE('',#2793,0.003);
#69=ORIENTED_EDGE('',*,*,#779,.F.);
#70=ORIENTED_EDGE('',*,*,#780,.T.);
#71=ORIENTED_EDGE('',*,*,#781,.T.);
#72=ORIENTED_EDGE('',*,*,#782,.F.);
#73=ORIENTED_EDGE('',*,*,#783,.F.);
#74=ORIENTED_EDGE('',*,*,#784,.T.);
#75=ORIENTED_EDGE('',*,*,#785,.T.);
#76=ORIENTED_EDGE('',*,*,#786,.F.);
#77=ORIENTED_EDGE('',*,*,#787,.F.);
#78=ORIENTED_EDGE('',*,*,#788,.T.);
#79=ORIENTED_EDGE('',*,*,#789,.T.);
#80=ORIENTED_EDGE('',*,*,#790,.F.);
#81=ORIENTED_EDGE('',*,*,#791,.F.);
#82=ORIENTED_EDGE('',*,*,#792,.T.);
#83=ORIENTED_EDGE('',*,*,#793,.T.);
#84=ORIENTED_EDGE('',*,*,#794,.F.);
#85=ORIENTED_EDGE('',*,*,#795,.T.);
#86=ORIENTED_EDGE('',*,*,#796,.T.);
#87=ORIENTED_EDGE('',*,*,#797,.T.);
#88=ORIENTED_EDGE('',*,*,#798,.T.);
#89=ORIENTED_EDGE('',*,*,#799,.T.);
#90=ORIENTED_EDGE('',*,*,#800,.F.);
#91=ORIENTED_EDGE('',*,*,#801,.T.);
#92=ORIENTED_EDGE('',*,*,#802,.F.);
#93=ORIENTED_EDGE('',*,*,#803,.F.);
#94=ORIENTED_EDGE('',*,*,#804,.F.);
#95=ORIENTED_EDGE('',*,*,#805,.F.);
#96=ORIENTED_EDGE('',*,*,#806,.F.);
#97=ORIENTED_EDGE('',*,*,#807,.F.);
#98=ORIENTED_EDGE('',*,*,#808,.F.);
#99=ORIENTED_EDGE('',*,*,#809,.T.);
#100=ORIENTED_EDGE('',*,*,#810,.F.);
#101=ORIENTED_EDGE('',*,*,#811,.F.);
#102=ORIENTED_EDGE('',*,*,#812,.F.);
#103=ORIENTED_EDGE('',*,*,#813,.F.);
#104=ORIENTED_EDGE('',*,*,#814,.F.);
#105=ORIENTED_EDGE('',*,*,#815,.F.);
#106=ORIENTED_EDGE('',*,*,#816,.F.);
#107=ORIENTED_EDGE('',*,*,#817,.T.);
#108=ORIENTED_EDGE('',*,*,#818,.F.);
#109=ORIENTED_EDGE('',*,*,#819,.F.);
#110=ORIENTED_EDGE('',*,*,#820,.F.);
#111=ORIENTED_EDGE('',*,*,#821,.F.);
#112=ORIENTED_EDGE('',*,*,#822,.F.);
#113=ORIENTED_EDGE('',*,*,#823,.T.);
#114=ORIENTED_EDGE('',*,*,#824,.F.);
#115=ORIENTED_EDGE('',*,*,#825,.T.);
#116=ORIENTED_EDGE('',*,*,#826,.F.);
#117=ORIENTED_EDGE('',*,*,#827,.F.);
#118=ORIENTED_EDGE('',*,*,#828,.F.);
#119=ORIENTED_EDGE('',*,*,#829,.T.);
#120=ORIENTED_EDGE('',*,*,#830,.T.);
#121=ORIENTED_EDGE('',*,*,#831,.F.);
#122=ORIENTED_EDGE('',*,*,#832,.F.);
#123=ORIENTED_EDGE('',*,*,#833,.T.);
#124=ORIENTED_EDGE('',*,*,#834,.T.);
#125=ORIENTED_EDGE('',*,*,#835,.F.);
#126=ORIENTED_EDGE('',*,*,#836,.F.);
#127=ORIENTED_EDGE('',*,*,#837,.T.);
#128=ORIENTED_EDGE('',*,*,#838,.T.);
#129=ORIENTED_EDGE('',*,*,#839,.F.);
#130=ORIENTED_EDGE('',*,*,#840,.F.);
#131=ORIENTED_EDGE('',*,*,#841,.T.);
#132=ORIENTED_EDGE('',*,*,#842,.T.);
#133=ORIENTED_EDGE('',*,*,#843,.F.);
#134=ORIENTED_EDGE('',*,*,#844,.F.);
#135=ORIENTED_EDGE('',*,*,#845,.T.);
#136=ORIENTED_EDGE('',*,*,#846,.T.);
#137=ORIENTED_EDGE('',*,*,#847,.F.);
#138=ORIENTED_EDGE('',*,*,#848,.F.);
#139=ORIENTED_EDGE('',*,*,#849,.T.);
#140=ORIENTED_EDGE('',*,*,#850,.T.);
#141=ORIENTED_EDGE('',*,*,#851,.F.);
#142=ORIENTED_EDGE('',*,*,#852,.F.);
#143=ORIENTED_EDGE('',*,*,#853,.T.);
#144=ORIENTED_EDGE('',*,*,#854,.T.);
#145=ORIENTED_EDGE('',*,*,#855,.F.);
#146=ORIENTED_EDGE('',*,*,#856,.T.);
#147=ORIENTED_EDGE('',*,*,#857,.T.);
#148=ORIENTED_EDGE('',*,*,#858,.F.);
#149=ORIENTED_EDGE('',*,*,#859,.F.);
#150=ORIENTED_EDGE('',*,*,#860,.T.);
#151=ORIENTED_EDGE('',*,*,#861,.F.);
#152=ORIENTED_EDGE('',*,*,#862,.F.);
#153=ORIENTED_EDGE('',*,*,#863,.T.);
#154=ORIENTED_EDGE('',*,*,#864,.T.);
#155=ORIENTED_EDGE('',*,*,#865,.F.);
#156=ORIENTED_EDGE('',*,*,#866,.F.);
#157=ORIENTED_EDGE('',*,*,#862,.T.);
#158=ORIENTED_EDGE('',*,*,#867,.T.);
#159=ORIENTED_EDGE('',*,*,#868,.F.);
#160=ORIENTED_EDGE('',*,*,#869,.F.);
#161=ORIENTED_EDGE('',*,*,#865,.T.);
#162=ORIENTED_EDGE('',*,*,#868,.T.);
#163=ORIENTED_EDGE('',*,*,#870,.F.);
#164=ORIENTED_EDGE('',*,*,#860,.F.);
#165=ORIENTED_EDGE('',*,*,#871,.T.);
#166=ORIENTED_EDGE('',*,*,#872,.T.);
#167=ORIENTED_EDGE('',*,*,#873,.F.);
#168=ORIENTED_EDGE('',*,*,#874,.F.);
#169=ORIENTED_EDGE('',*,*,#875,.T.);
#170=ORIENTED_EDGE('',*,*,#876,.T.);
#171=ORIENTED_EDGE('',*,*,#877,.F.);
#172=ORIENTED_EDGE('',*,*,#878,.F.);
#173=ORIENTED_EDGE('',*,*,#874,.T.);
#174=ORIENTED_EDGE('',*,*,#879,.T.);
#175=ORIENTED_EDGE('',*,*,#880,.F.);
#176=ORIENTED_EDGE('',*,*,#881,.F.);
#177=ORIENTED_EDGE('',*,*,#877,.T.);
#178=ORIENTED_EDGE('',*,*,#880,.T.);
#179=ORIENTED_EDGE('',*,*,#882,.F.);
#180=ORIENTED_EDGE('',*,*,#872,.F.);
#181=ORIENTED_EDGE('',*,*,#883,.T.);
#182=ORIENTED_EDGE('',*,*,#884,.T.);
#183=ORIENTED_EDGE('',*,*,#885,.F.);
#184=ORIENTED_EDGE('',*,*,#886,.F.);
#185=ORIENTED_EDGE('',*,*,#887,.T.);
#186=ORIENTED_EDGE('',*,*,#888,.T.);
#187=ORIENTED_EDGE('',*,*,#889,.F.);
#188=ORIENTED_EDGE('',*,*,#890,.F.);
#189=ORIENTED_EDGE('',*,*,#886,.T.);
#190=ORIENTED_EDGE('',*,*,#891,.T.);
#191=ORIENTED_EDGE('',*,*,#892,.F.);
#192=ORIENTED_EDGE('',*,*,#893,.F.);
#193=ORIENTED_EDGE('',*,*,#889,.T.);
#194=ORIENTED_EDGE('',*,*,#892,.T.);
#195=ORIENTED_EDGE('',*,*,#894,.F.);
#196=ORIENTED_EDGE('',*,*,#884,.F.);
#197=ORIENTED_EDGE('',*,*,#895,.T.);
#198=ORIENTED_EDGE('',*,*,#896,.T.);
#199=ORIENTED_EDGE('',*,*,#897,.F.);
#200=ORIENTED_EDGE('',*,*,#898,.F.);
#201=ORIENTED_EDGE('',*,*,#899,.T.);
#202=ORIENTED_EDGE('',*,*,#900,.T.);
#203=ORIENTED_EDGE('',*,*,#901,.F.);
#204=ORIENTED_EDGE('',*,*,#902,.F.);
#205=ORIENTED_EDGE('',*,*,#898,.T.);
#206=ORIENTED_EDGE('',*,*,#903,.T.);
#207=ORIENTED_EDGE('',*,*,#904,.F.);
#208=ORIENTED_EDGE('',*,*,#905,.F.);
#209=ORIENTED_EDGE('',*,*,#901,.T.);
#210=ORIENTED_EDGE('',*,*,#904,.T.);
#211=ORIENTED_EDGE('',*,*,#906,.F.);
#212=ORIENTED_EDGE('',*,*,#896,.F.);
#213=ORIENTED_EDGE('',*,*,#907,.T.);
#214=ORIENTED_EDGE('',*,*,#908,.T.);
#215=ORIENTED_EDGE('',*,*,#909,.F.);
#216=ORIENTED_EDGE('',*,*,#910,.F.);
#217=ORIENTED_EDGE('',*,*,#911,.T.);
#218=ORIENTED_EDGE('',*,*,#912,.T.);
#219=ORIENTED_EDGE('',*,*,#913,.F.);
#220=ORIENTED_EDGE('',*,*,#914,.F.);
#221=ORIENTED_EDGE('',*,*,#910,.T.);
#222=ORIENTED_EDGE('',*,*,#915,.T.);
#223=ORIENTED_EDGE('',*,*,#916,.F.);
#224=ORIENTED_EDGE('',*,*,#917,.F.);
#225=ORIENTED_EDGE('',*,*,#913,.T.);
#226=ORIENTED_EDGE('',*,*,#916,.T.);
#227=ORIENTED_EDGE('',*,*,#918,.F.);
#228=ORIENTED_EDGE('',*,*,#908,.F.);
#229=ORIENTED_EDGE('',*,*,#919,.T.);
#230=ORIENTED_EDGE('',*,*,#920,.T.);
#231=ORIENTED_EDGE('',*,*,#921,.F.);
#232=ORIENTED_EDGE('',*,*,#922,.F.);
#233=ORIENTED_EDGE('',*,*,#923,.T.);
#234=ORIENTED_EDGE('',*,*,#924,.T.);
#235=ORIENTED_EDGE('',*,*,#925,.F.);
#236=ORIENTED_EDGE('',*,*,#926,.F.);
#237=ORIENTED_EDGE('',*,*,#922,.T.);
#238=ORIENTED_EDGE('',*,*,#927,.T.);
#239=ORIENTED_EDGE('',*,*,#928,.F.);
#240=ORIENTED_EDGE('',*,*,#929,.F.);
#241=ORIENTED_EDGE('',*,*,#925,.T.);
#242=ORIENTED_EDGE('',*,*,#928,.T.);
#243=ORIENTED_EDGE('',*,*,#930,.F.);
#244=ORIENTED_EDGE('',*,*,#920,.F.);
#245=ORIENTED_EDGE('',*,*,#931,.T.);
#246=ORIENTED_EDGE('',*,*,#932,.T.);
#247=ORIENTED_EDGE('',*,*,#933,.F.);
#248=ORIENTED_EDGE('',*,*,#934,.F.);
#249=ORIENTED_EDGE('',*,*,#935,.T.);
#250=ORIENTED_EDGE('',*,*,#936,.T.);
#251=ORIENTED_EDGE('',*,*,#937,.F.);
#252=ORIENTED_EDGE('',*,*,#938,.F.);
#253=ORIENTED_EDGE('',*,*,#934,.T.);
#254=ORIENTED_EDGE('',*,*,#939,.T.);
#255=ORIENTED_EDGE('',*,*,#940,.F.);
#256=ORIENTED_EDGE('',*,*,#941,.F.);
#257=ORIENTED_EDGE('',*,*,#937,.T.);
#258=ORIENTED_EDGE('',*,*,#940,.T.);
#259=ORIENTED_EDGE('',*,*,#942,.F.);
#260=ORIENTED_EDGE('',*,*,#932,.F.);
#261=ORIENTED_EDGE('',*,*,#943,.T.);
#262=ORIENTED_EDGE('',*,*,#944,.T.);
#263=ORIENTED_EDGE('',*,*,#945,.F.);
#264=ORIENTED_EDGE('',*,*,#946,.F.);
#265=ORIENTED_EDGE('',*,*,#947,.T.);
#266=ORIENTED_EDGE('',*,*,#948,.T.);
#267=ORIENTED_EDGE('',*,*,#949,.F.);
#268=ORIENTED_EDGE('',*,*,#950,.F.);
#269=ORIENTED_EDGE('',*,*,#946,.T.);
#270=ORIENTED_EDGE('',*,*,#951,.T.);
#271=ORIENTED_EDGE('',*,*,#952,.F.);
#272=ORIENTED_EDGE('',*,*,#953,.F.);
#273=ORIENTED_EDGE('',*,*,#949,.T.);
#274=ORIENTED_EDGE('',*,*,#952,.T.);
#275=ORIENTED_EDGE('',*,*,#954,.F.);
#276=ORIENTED_EDGE('',*,*,#944,.F.);
#277=ORIENTED_EDGE('',*,*,#955,.T.);
#278=ORIENTED_EDGE('',*,*,#956,.T.);
#279=ORIENTED_EDGE('',*,*,#957,.F.);
#280=ORIENTED_EDGE('',*,*,#958,.F.);
#281=ORIENTED_EDGE('',*,*,#959,.T.);
#282=ORIENTED_EDGE('',*,*,#960,.T.);
#283=ORIENTED_EDGE('',*,*,#961,.F.);
#284=ORIENTED_EDGE('',*,*,#962,.F.);
#285=ORIENTED_EDGE('',*,*,#958,.T.);
#286=ORIENTED_EDGE('',*,*,#963,.T.);
#287=ORIENTED_EDGE('',*,*,#964,.F.);
#288=ORIENTED_EDGE('',*,*,#965,.F.);
#289=ORIENTED_EDGE('',*,*,#961,.T.);
#290=ORIENTED_EDGE('',*,*,#964,.T.);
#291=ORIENTED_EDGE('',*,*,#966,.F.);
#292=ORIENTED_EDGE('',*,*,#956,.F.);
#293=ORIENTED_EDGE('',*,*,#967,.T.);
#294=ORIENTED_EDGE('',*,*,#947,.F.);
#295=ORIENTED_EDGE('',*,*,#950,.T.);
#296=ORIENTED_EDGE('',*,*,#953,.T.);
#297=ORIENTED_EDGE('',*,*,#955,.F.);
#298=ORIENTED_EDGE('',*,*,#923,.F.);
#299=ORIENTED_EDGE('',*,*,#926,.T.);
#300=ORIENTED_EDGE('',*,*,#929,.T.);
#301=ORIENTED_EDGE('',*,*,#931,.F.);
#302=ORIENTED_EDGE('',*,*,#899,.F.);
#303=ORIENTED_EDGE('',*,*,#902,.T.);
#304=ORIENTED_EDGE('',*,*,#905,.T.);
#305=ORIENTED_EDGE('',*,*,#907,.F.);
#306=ORIENTED_EDGE('',*,*,#875,.F.);
#307=ORIENTED_EDGE('',*,*,#878,.T.);
#308=ORIENTED_EDGE('',*,*,#881,.T.);
#309=ORIENTED_EDGE('',*,*,#883,.F.);
#310=ORIENTED_EDGE('',*,*,#968,.F.);
#311=ORIENTED_EDGE('',*,*,#969,.T.);
#312=ORIENTED_EDGE('',*,*,#970,.T.);
#313=ORIENTED_EDGE('',*,*,#971,.F.);
#314=ORIENTED_EDGE('',*,*,#972,.T.);
#315=ORIENTED_EDGE('',*,*,#973,.T.);
#316=ORIENTED_EDGE('',*,*,#974,.T.);
#317=ORIENTED_EDGE('',*,*,#975,.T.);
#318=ORIENTED_EDGE('',*,*,#976,.F.);
#319=ORIENTED_EDGE('',*,*,#977,.T.);
#320=ORIENTED_EDGE('',*,*,#978,.T.);
#321=ORIENTED_EDGE('',*,*,#979,.T.);
#322=ORIENTED_EDGE('',*,*,#980,.T.);
#323=ORIENTED_EDGE('',*,*,#981,.T.);
#324=ORIENTED_EDGE('',*,*,#982,.F.);
#325=ORIENTED_EDGE('',*,*,#983,.T.);
#326=ORIENTED_EDGE('',*,*,#984,.F.);
#327=ORIENTED_EDGE('',*,*,#985,.T.);
#328=ORIENTED_EDGE('',*,*,#986,.T.);
#329=ORIENTED_EDGE('',*,*,#987,.T.);
#330=ORIENTED_EDGE('',*,*,#988,.F.);
#331=ORIENTED_EDGE('',*,*,#989,.T.);
#332=ORIENTED_EDGE('',*,*,#990,.T.);
#333=ORIENTED_EDGE('',*,*,#991,.F.);
#334=ORIENTED_EDGE('',*,*,#863,.F.);
#335=ORIENTED_EDGE('',*,*,#866,.T.);
#336=ORIENTED_EDGE('',*,*,#869,.T.);
#337=ORIENTED_EDGE('',*,*,#871,.F.);
#338=ORIENTED_EDGE('',*,*,#887,.F.);
#339=ORIENTED_EDGE('',*,*,#890,.T.);
#340=ORIENTED_EDGE('',*,*,#893,.T.);
#341=ORIENTED_EDGE('',*,*,#895,.F.);
#342=ORIENTED_EDGE('',*,*,#911,.F.);
#343=ORIENTED_EDGE('',*,*,#914,.T.);
#344=ORIENTED_EDGE('',*,*,#917,.T.);
#345=ORIENTED_EDGE('',*,*,#919,.F.);
#346=ORIENTED_EDGE('',*,*,#935,.F.);
#347=ORIENTED_EDGE('',*,*,#938,.T.);
#348=ORIENTED_EDGE('',*,*,#941,.T.);
#349=ORIENTED_EDGE('',*,*,#943,.F.);
#350=ORIENTED_EDGE('',*,*,#992,.F.);
#351=ORIENTED_EDGE('',*,*,#993,.T.);
#352=ORIENTED_EDGE('',*,*,#994,.T.);
#353=ORIENTED_EDGE('',*,*,#995,.F.);
#354=ORIENTED_EDGE('',*,*,#996,.T.);
#355=ORIENTED_EDGE('',*,*,#997,.F.);
#356=ORIENTED_EDGE('',*,*,#998,.F.);
#357=ORIENTED_EDGE('',*,*,#999,.F.);
#358=ORIENTED_EDGE('',*,*,#1000,.F.);
#359=ORIENTED_EDGE('',*,*,#1001,.F.);
#360=ORIENTED_EDGE('',*,*,#1002,.T.);
#361=ORIENTED_EDGE('',*,*,#1003,.F.);
#362=ORIENTED_EDGE('',*,*,#959,.F.);
#363=ORIENTED_EDGE('',*,*,#962,.T.);
#364=ORIENTED_EDGE('',*,*,#965,.T.);
#365=ORIENTED_EDGE('',*,*,#967,.F.);
#366=ORIENTED_EDGE('',*,*,#994,.F.);
#367=ORIENTED_EDGE('',*,*,#1004,.T.);
#368=ORIENTED_EDGE('',*,*,#802,.T.);
#369=ORIENTED_EDGE('',*,*,#1005,.T.);
#370=ORIENTED_EDGE('',*,*,#972,.F.);
#371=ORIENTED_EDGE('',*,*,#1006,.T.);
#372=ORIENTED_EDGE('',*,*,#973,.F.);
#373=ORIENTED_EDGE('',*,*,#1007,.T.);
#374=ORIENTED_EDGE('',*,*,#974,.F.);
#375=ORIENTED_EDGE('',*,*,#1008,.T.);
#376=ORIENTED_EDGE('',*,*,#975,.F.);
#377=ORIENTED_EDGE('',*,*,#1009,.T.);
#378=ORIENTED_EDGE('',*,*,#1010,.F.);
#379=ORIENTED_EDGE('',*,*,#1002,.F.);
#380=ORIENTED_EDGE('',*,*,#1011,.F.);
#381=ORIENTED_EDGE('',*,*,#794,.T.);
#382=ORIENTED_EDGE('',*,*,#1001,.T.);
#383=ORIENTED_EDGE('',*,*,#1012,.F.);
#384=ORIENTED_EDGE('',*,*,#795,.F.);
#385=ORIENTED_EDGE('',*,*,#1011,.T.);
#386=ORIENTED_EDGE('',*,*,#1000,.T.);
#387=ORIENTED_EDGE('',*,*,#1013,.F.);
#388=ORIENTED_EDGE('',*,*,#796,.F.);
#389=ORIENTED_EDGE('',*,*,#1012,.T.);
#390=ORIENTED_EDGE('',*,*,#999,.T.);
#391=ORIENTED_EDGE('',*,*,#1014,.F.);
#392=ORIENTED_EDGE('',*,*,#797,.F.);
#393=ORIENTED_EDGE('',*,*,#1013,.T.);
#394=ORIENTED_EDGE('',*,*,#998,.T.);
#395=ORIENTED_EDGE('',*,*,#1015,.F.);
#396=ORIENTED_EDGE('',*,*,#798,.F.);
#397=ORIENTED_EDGE('',*,*,#1014,.T.);
#398=ORIENTED_EDGE('',*,*,#997,.T.);
#399=ORIENTED_EDGE('',*,*,#1016,.F.);
#400=ORIENTED_EDGE('',*,*,#799,.F.);
#401=ORIENTED_EDGE('',*,*,#1015,.T.);
#402=ORIENTED_EDGE('',*,*,#996,.F.);
#403=ORIENTED_EDGE('',*,*,#1017,.F.);
#404=ORIENTED_EDGE('',*,*,#800,.T.);
#405=ORIENTED_EDGE('',*,*,#1016,.T.);
#406=ORIENTED_EDGE('',*,*,#995,.T.);
#407=ORIENTED_EDGE('',*,*,#1005,.F.);
#408=ORIENTED_EDGE('',*,*,#801,.F.);
#409=ORIENTED_EDGE('',*,*,#1017,.T.);
#410=ORIENTED_EDGE('',*,*,#824,.T.);
#411=ORIENTED_EDGE('',*,*,#1018,.F.);
#412=ORIENTED_EDGE('',*,*,#977,.F.);
#413=ORIENTED_EDGE('',*,*,#1019,.T.);
#414=ORIENTED_EDGE('',*,*,#827,.T.);
#415=ORIENTED_EDGE('',*,*,#1020,.F.);
#416=ORIENTED_EDGE('',*,*,#978,.F.);
#417=ORIENTED_EDGE('',*,*,#1018,.T.);
#418=ORIENTED_EDGE('',*,*,#826,.T.);
#419=ORIENTED_EDGE('',*,*,#1021,.F.);
#420=ORIENTED_EDGE('',*,*,#979,.F.);
#421=ORIENTED_EDGE('',*,*,#1020,.T.);
#422=ORIENTED_EDGE('',*,*,#825,.F.);
#423=ORIENTED_EDGE('',*,*,#1019,.F.);
#424=ORIENTED_EDGE('',*,*,#976,.T.);
#425=ORIENTED_EDGE('',*,*,#1021,.T.);
#426=ORIENTED_EDGE('',*,*,#820,.T.);
#427=ORIENTED_EDGE('',*,*,#1022,.F.);
#428=ORIENTED_EDGE('',*,*,#981,.F.);
#429=ORIENTED_EDGE('',*,*,#1023,.T.);
#430=ORIENTED_EDGE('',*,*,#823,.F.);
#431=ORIENTED_EDGE('',*,*,#1024,.F.);
#432=ORIENTED_EDGE('',*,*,#982,.T.);
#433=ORIENTED_EDGE('',*,*,#1022,.T.);
#434=ORIENTED_EDGE('',*,*,#822,.T.);
#435=ORIENTED_EDGE('',*,*,#1025,.F.);
#436=ORIENTED_EDGE('',*,*,#983,.F.);
#437=ORIENTED_EDGE('',*,*,#1024,.T.);
#438=ORIENTED_EDGE('',*,*,#821,.T.);
#439=ORIENTED_EDGE('',*,*,#1023,.F.);
#440=ORIENTED_EDGE('',*,*,#980,.F.);
#441=ORIENTED_EDGE('',*,*,#1025,.T.);
#442=ORIENTED_EDGE('',*,*,#816,.T.);
#443=ORIENTED_EDGE('',*,*,#1026,.F.);
#444=ORIENTED_EDGE('',*,*,#985,.F.);
#445=ORIENTED_EDGE('',*,*,#1027,.T.);
#446=ORIENTED_EDGE('',*,*,#819,.T.);
#447=ORIENTED_EDGE('',*,*,#1028,.F.);
#448=ORIENTED_EDGE('',*,*,#986,.F.);
#449=ORIENTED_EDGE('',*,*,#1026,.T.);
#450=ORIENTED_EDGE('',*,*,#818,.T.);
#451=ORIENTED_EDGE('',*,*,#1029,.F.);
#452=ORIENTED_EDGE('',*,*,#987,.F.);
#453=ORIENTED_EDGE('',*,*,#1028,.T.);
#454=ORIENTED_EDGE('',*,*,#817,.F.);
#455=ORIENTED_EDGE('',*,*,#1027,.F.);
#456=ORIENTED_EDGE('',*,*,#984,.T.);
#457=ORIENTED_EDGE('',*,*,#1029,.T.);
#458=ORIENTED_EDGE('',*,*,#829,.F.);
#459=ORIENTED_EDGE('',*,*,#1030,.F.);
#460=ORIENTED_EDGE('',*,*,#988,.T.);
#461=ORIENTED_EDGE('',*,*,#1031,.T.);
#462=ORIENTED_EDGE('',*,*,#828,.T.);
#463=ORIENTED_EDGE('',*,*,#1032,.F.);
#464=ORIENTED_EDGE('',*,*,#989,.F.);
#465=ORIENTED_EDGE('',*,*,#1030,.T.);
#466=ORIENTED_EDGE('',*,*,#831,.T.);
#467=ORIENTED_EDGE('',*,*,#1033,.F.);
#468=ORIENTED_EDGE('',*,*,#990,.F.);
#469=ORIENTED_EDGE('',*,*,#1032,.T.);
#470=ORIENTED_EDGE('',*,*,#830,.F.);
#471=ORIENTED_EDGE('',*,*,#1031,.F.);
#472=ORIENTED_EDGE('',*,*,#991,.T.);
#473=ORIENTED_EDGE('',*,*,#1033,.T.);
#474=ORIENTED_EDGE('',*,*,#833,.F.);
#475=ORIENTED_EDGE('',*,*,#1034,.F.);
#476=ORIENTED_EDGE('',*,*,#968,.T.);
#477=ORIENTED_EDGE('',*,*,#1035,.T.);
#478=ORIENTED_EDGE('',*,*,#832,.T.);
#479=ORIENTED_EDGE('',*,*,#1036,.F.);
#480=ORIENTED_EDGE('',*,*,#969,.F.);
#481=ORIENTED_EDGE('',*,*,#1034,.T.);
#482=ORIENTED_EDGE('',*,*,#835,.T.);
#483=ORIENTED_EDGE('',*,*,#1037,.F.);
#484=ORIENTED_EDGE('',*,*,#970,.F.);
#485=ORIENTED_EDGE('',*,*,#1036,.T.);
#486=ORIENTED_EDGE('',*,*,#834,.F.);
#487=ORIENTED_EDGE('',*,*,#1035,.F.);
#488=ORIENTED_EDGE('',*,*,#971,.T.);
#489=ORIENTED_EDGE('',*,*,#1037,.T.);
#490=ORIENTED_EDGE('',*,*,#808,.T.);
#491=ORIENTED_EDGE('',*,*,#1038,.F.);
#492=ORIENTED_EDGE('',*,*,#1039,.F.);
#493=ORIENTED_EDGE('',*,*,#1040,.T.);
#494=ORIENTED_EDGE('',*,*,#807,.T.);
#495=ORIENTED_EDGE('',*,*,#1041,.F.);
#496=ORIENTED_EDGE('',*,*,#1042,.F.);
#497=ORIENTED_EDGE('',*,*,#1038,.T.);
#498=ORIENTED_EDGE('',*,*,#815,.T.);
#499=ORIENTED_EDGE('',*,*,#1043,.F.);
#500=ORIENTED_EDGE('',*,*,#1044,.F.);
#501=ORIENTED_EDGE('',*,*,#1041,.T.);
#502=ORIENTED_EDGE('',*,*,#814,.T.);
#503=ORIENTED_EDGE('',*,*,#1045,.F.);
#504=ORIENTED_EDGE('',*,*,#1046,.F.);
#505=ORIENTED_EDGE('',*,*,#1043,.T.);
#506=ORIENTED_EDGE('',*,*,#813,.T.);
#507=ORIENTED_EDGE('',*,*,#1047,.F.);
#508=ORIENTED_EDGE('',*,*,#1048,.F.);
#509=ORIENTED_EDGE('',*,*,#1045,.T.);
#510=ORIENTED_EDGE('',*,*,#812,.T.);
#511=ORIENTED_EDGE('',*,*,#1049,.F.);
#512=ORIENTED_EDGE('',*,*,#1050,.F.);
#513=ORIENTED_EDGE('',*,*,#1047,.T.);
#514=ORIENTED_EDGE('',*,*,#811,.T.);
#515=ORIENTED_EDGE('',*,*,#1051,.F.);
#516=ORIENTED_EDGE('',*,*,#1052,.F.);
#517=ORIENTED_EDGE('',*,*,#1049,.T.);
#518=ORIENTED_EDGE('',*,*,#810,.T.);
#519=ORIENTED_EDGE('',*,*,#1053,.F.);
#520=ORIENTED_EDGE('',*,*,#1054,.F.);
#521=ORIENTED_EDGE('',*,*,#1051,.T.);
#522=ORIENTED_EDGE('',*,*,#809,.F.);
#523=ORIENTED_EDGE('',*,*,#1040,.F.);
#524=ORIENTED_EDGE('',*,*,#1055,.T.);
#525=ORIENTED_EDGE('',*,*,#1053,.T.);
#526=ORIENTED_EDGE('',*,*,#1039,.T.);
#527=ORIENTED_EDGE('',*,*,#1042,.T.);
#528=ORIENTED_EDGE('',*,*,#1044,.T.);
#529=ORIENTED_EDGE('',*,*,#1046,.T.);
#530=ORIENTED_EDGE('',*,*,#1048,.T.);
#531=ORIENTED_EDGE('',*,*,#1050,.T.);
#532=ORIENTED_EDGE('',*,*,#1052,.T.);
#533=ORIENTED_EDGE('',*,*,#1054,.T.);
#534=ORIENTED_EDGE('',*,*,#1055,.F.);
#535=ORIENTED_EDGE('',*,*,#1056,.F.);
#536=ORIENTED_EDGE('',*,*,#805,.T.);
#537=ORIENTED_EDGE('',*,*,#1009,.F.);
#538=ORIENTED_EDGE('',*,*,#1056,.T.);
#539=ORIENTED_EDGE('',*,*,#1057,.F.);
#540=ORIENTED_EDGE('',*,*,#803,.T.);
#541=ORIENTED_EDGE('',*,*,#1008,.F.);
#542=ORIENTED_EDGE('',*,*,#1057,.T.);
#543=ORIENTED_EDGE('',*,*,#1058,.F.);
#544=ORIENTED_EDGE('',*,*,#804,.T.);
#545=ORIENTED_EDGE('',*,*,#1007,.F.);
#546=ORIENTED_EDGE('',*,*,#1058,.T.);
#547=ORIENTED_EDGE('',*,*,#1059,.F.);
#548=ORIENTED_EDGE('',*,*,#806,.T.);
#549=ORIENTED_EDGE('',*,*,#1006,.F.);
#550=ORIENTED_EDGE('',*,*,#1059,.T.);
#551=ORIENTED_EDGE('',*,*,#992,.T.);
#552=ORIENTED_EDGE('',*,*,#1060,.T.);
#553=ORIENTED_EDGE('',*,*,#792,.F.);
#554=ORIENTED_EDGE('',*,*,#1061,.F.);
#555=ORIENTED_EDGE('',*,*,#1061,.T.);
#556=ORIENTED_EDGE('',*,*,#791,.T.);
#557=ORIENTED_EDGE('',*,*,#1004,.F.);
#558=ORIENTED_EDGE('',*,*,#993,.F.);
#559=ORIENTED_EDGE('',*,*,#1003,.T.);
#560=ORIENTED_EDGE('',*,*,#1010,.T.);
#561=ORIENTED_EDGE('',*,*,#793,.F.);
#562=ORIENTED_EDGE('',*,*,#1060,.F.);
#563=ORIENTED_EDGE('',*,*,#852,.T.);
#564=ORIENTED_EDGE('',*,*,#1062,.F.);
#565=ORIENTED_EDGE('',*,*,#1063,.F.);
#566=ORIENTED_EDGE('',*,*,#1064,.T.);
#567=ORIENTED_EDGE('',*,*,#855,.T.);
#568=ORIENTED_EDGE('',*,*,#1065,.F.);
#569=ORIENTED_EDGE('',*,*,#1066,.F.);
#570=ORIENTED_EDGE('',*,*,#1062,.T.);
#571=ORIENTED_EDGE('',*,*,#854,.F.);
#572=ORIENTED_EDGE('',*,*,#1067,.F.);
#573=ORIENTED_EDGE('',*,*,#1068,.T.);
#574=ORIENTED_EDGE('',*,*,#1065,.T.);
#575=ORIENTED_EDGE('',*,*,#853,.F.);
#576=ORIENTED_EDGE('',*,*,#1064,.F.);
#577=ORIENTED_EDGE('',*,*,#1069,.T.);
#578=ORIENTED_EDGE('',*,*,#1067,.T.);
#579=ORIENTED_EDGE('',*,*,#960,.F.);
#580=ORIENTED_EDGE('',*,*,#957,.T.);
#581=ORIENTED_EDGE('',*,*,#966,.T.);
#582=ORIENTED_EDGE('',*,*,#963,.F.);
#583=ORIENTED_EDGE('',*,*,#1063,.T.);
#584=ORIENTED_EDGE('',*,*,#1066,.T.);
#585=ORIENTED_EDGE('',*,*,#1068,.F.);
#586=ORIENTED_EDGE('',*,*,#1069,.F.);
#587=ORIENTED_EDGE('',*,*,#857,.F.);
#588=ORIENTED_EDGE('',*,*,#1070,.F.);
#589=ORIENTED_EDGE('',*,*,#1071,.T.);
#590=ORIENTED_EDGE('',*,*,#1072,.T.);
#591=ORIENTED_EDGE('',*,*,#856,.F.);
#592=ORIENTED_EDGE('',*,*,#1073,.F.);
#593=ORIENTED_EDGE('',*,*,#1074,.T.);
#594=ORIENTED_EDGE('',*,*,#1070,.T.);
#595=ORIENTED_EDGE('',*,*,#859,.T.);
#596=ORIENTED_EDGE('',*,*,#1075,.F.);
#597=ORIENTED_EDGE('',*,*,#1076,.F.);
#598=ORIENTED_EDGE('',*,*,#1073,.T.);
#599=ORIENTED_EDGE('',*,*,#858,.T.);
#600=ORIENTED_EDGE('',*,*,#1072,.F.);
#601=ORIENTED_EDGE('',*,*,#1077,.F.);
#602=ORIENTED_EDGE('',*,*,#1075,.T.);
#603=ORIENTED_EDGE('',*,*,#948,.F.);
#604=ORIENTED_EDGE('',*,*,#945,.T.);
#605=ORIENTED_EDGE('',*,*,#954,.T.);
#606=ORIENTED_EDGE('',*,*,#951,.F.);
#607=ORIENTED_EDGE('',*,*,#1071,.F.);
#608=ORIENTED_EDGE('',*,*,#1074,.F.);
#609=ORIENTED_EDGE('',*,*,#1076,.T.);
#610=ORIENTED_EDGE('',*,*,#1077,.T.);
#611=ORIENTED_EDGE('',*,*,#836,.T.);
#612=ORIENTED_EDGE('',*,*,#1078,.F.);
#613=ORIENTED_EDGE('',*,*,#1079,.F.);
#614=ORIENTED_EDGE('',*,*,#1080,.T.);
#615=ORIENTED_EDGE('',*,*,#839,.T.);
#616=ORIENTED_EDGE('',*,*,#1081,.F.);
#617=ORIENTED_EDGE('',*,*,#1082,.F.);
#618=ORIENTED_EDGE('',*,*,#1078,.T.);
#619=ORIENTED_EDGE('',*,*,#838,.F.);
#620=ORIENTED_EDGE('',*,*,#1083,.F.);
#621=ORIENTED_EDGE('',*,*,#1084,.T.);
#622=ORIENTED_EDGE('',*,*,#1081,.T.);
#623=ORIENTED_EDGE('',*,*,#837,.F.);
#624=ORIENTED_EDGE('',*,*,#1080,.F.);
#625=ORIENTED_EDGE('',*,*,#1085,.T.);
#626=ORIENTED_EDGE('',*,*,#1083,.T.);
#627=ORIENTED_EDGE('',*,*,#936,.F.);
#628=ORIENTED_EDGE('',*,*,#933,.T.);
#629=ORIENTED_EDGE('',*,*,#942,.T.);
#630=ORIENTED_EDGE('',*,*,#939,.F.);
#631=ORIENTED_EDGE('',*,*,#1079,.T.);
#632=ORIENTED_EDGE('',*,*,#1082,.T.);
#633=ORIENTED_EDGE('',*,*,#1084,.F.);
#634=ORIENTED_EDGE('',*,*,#1085,.F.);
#635=ORIENTED_EDGE('',*,*,#840,.T.);
#636=ORIENTED_EDGE('',*,*,#1086,.F.);
#637=ORIENTED_EDGE('',*,*,#1087,.F.);
#638=ORIENTED_EDGE('',*,*,#1088,.T.);
#639=ORIENTED_EDGE('',*,*,#843,.T.);
#640=ORIENTED_EDGE('',*,*,#1089,.F.);
#641=ORIENTED_EDGE('',*,*,#1090,.F.);
#642=ORIENTED_EDGE('',*,*,#1086,.T.);
#643=ORIENTED_EDGE('',*,*,#842,.F.);
#644=ORIENTED_EDGE('',*,*,#1091,.F.);
#645=ORIENTED_EDGE('',*,*,#1092,.T.);
#646=ORIENTED_EDGE('',*,*,#1089,.T.);
#647=ORIENTED_EDGE('',*,*,#841,.F.);
#648=ORIENTED_EDGE('',*,*,#1088,.F.);
#649=ORIENTED_EDGE('',*,*,#1093,.T.);
#650=ORIENTED_EDGE('',*,*,#1091,.T.);
#651=ORIENTED_EDGE('',*,*,#924,.F.);
#652=ORIENTED_EDGE('',*,*,#921,.T.);
#653=ORIENTED_EDGE('',*,*,#930,.T.);
#654=ORIENTED_EDGE('',*,*,#927,.F.);
#655=ORIENTED_EDGE('',*,*,#1087,.T.);
#656=ORIENTED_EDGE('',*,*,#1090,.T.);
#657=ORIENTED_EDGE('',*,*,#1092,.F.);
#658=ORIENTED_EDGE('',*,*,#1093,.F.);
#659=ORIENTED_EDGE('',*,*,#844,.T.);
#660=ORIENTED_EDGE('',*,*,#1094,.F.);
#661=ORIENTED_EDGE('',*,*,#1095,.F.);
#662=ORIENTED_EDGE('',*,*,#1096,.T.);
#663=ORIENTED_EDGE('',*,*,#847,.T.);
#664=ORIENTED_EDGE('',*,*,#1097,.F.);
#665=ORIENTED_EDGE('',*,*,#1098,.F.);
#666=ORIENTED_EDGE('',*,*,#1094,.T.);
#667=ORIENTED_EDGE('',*,*,#846,.F.);
#668=ORIENTED_EDGE('',*,*,#1099,.F.);
#669=ORIENTED_EDGE('',*,*,#1100,.T.);
#670=ORIENTED_EDGE('',*,*,#1097,.T.);
#671=ORIENTED_EDGE('',*,*,#845,.F.);
#672=ORIENTED_EDGE('',*,*,#1096,.F.);
#673=ORIENTED_EDGE('',*,*,#1101,.T.);
#674=ORIENTED_EDGE('',*,*,#1099,.T.);
#675=ORIENTED_EDGE('',*,*,#912,.F.);
#676=ORIENTED_EDGE('',*,*,#909,.T.);
#677=ORIENTED_EDGE('',*,*,#918,.T.);
#678=ORIENTED_EDGE('',*,*,#915,.F.);
#679=ORIENTED_EDGE('',*,*,#1095,.T.);
#680=ORIENTED_EDGE('',*,*,#1098,.T.);
#681=ORIENTED_EDGE('',*,*,#1100,.F.);
#682=ORIENTED_EDGE('',*,*,#1101,.F.);
#683=ORIENTED_EDGE('',*,*,#848,.T.);
#684=ORIENTED_EDGE('',*,*,#1102,.F.);
#685=ORIENTED_EDGE('',*,*,#1103,.F.);
#686=ORIENTED_EDGE('',*,*,#1104,.T.);
#687=ORIENTED_EDGE('',*,*,#851,.T.);
#688=ORIENTED_EDGE('',*,*,#1105,.F.);
#689=ORIENTED_EDGE('',*,*,#1106,.F.);
#690=ORIENTED_EDGE('',*,*,#1102,.T.);
#691=ORIENTED_EDGE('',*,*,#850,.F.);
#692=ORIENTED_EDGE('',*,*,#1107,.F.);
#693=ORIENTED_EDGE('',*,*,#1108,.T.);
#694=ORIENTED_EDGE('',*,*,#1105,.T.);
#695=ORIENTED_EDGE('',*,*,#849,.F.);
#696=ORIENTED_EDGE('',*,*,#1104,.F.);
#697=ORIENTED_EDGE('',*,*,#1109,.T.);
#698=ORIENTED_EDGE('',*,*,#1107,.T.);
#699=ORIENTED_EDGE('',*,*,#900,.F.);
#700=ORIENTED_EDGE('',*,*,#897,.T.);
#701=ORIENTED_EDGE('',*,*,#906,.T.);
#702=ORIENTED_EDGE('',*,*,#903,.F.);
#703=ORIENTED_EDGE('',*,*,#1103,.T.);
#704=ORIENTED_EDGE('',*,*,#1106,.T.);
#705=ORIENTED_EDGE('',*,*,#1108,.F.);
#706=ORIENTED_EDGE('',*,*,#1109,.F.);
#707=ORIENTED_EDGE('',*,*,#783,.T.);
#708=ORIENTED_EDGE('',*,*,#1110,.F.);
#709=ORIENTED_EDGE('',*,*,#1111,.F.);
#710=ORIENTED_EDGE('',*,*,#1112,.T.);
#711=ORIENTED_EDGE('',*,*,#786,.T.);
#712=ORIENTED_EDGE('',*,*,#1113,.F.);
#713=ORIENTED_EDGE('',*,*,#1114,.F.);
#714=ORIENTED_EDGE('',*,*,#1110,.T.);
#715=ORIENTED_EDGE('',*,*,#785,.F.);
#716=ORIENTED_EDGE('',*,*,#1115,.F.);
#717=ORIENTED_EDGE('',*,*,#1116,.T.);
#718=ORIENTED_EDGE('',*,*,#1113,.T.);
#719=ORIENTED_EDGE('',*,*,#784,.F.);
#720=ORIENTED_EDGE('',*,*,#1112,.F.);
#721=ORIENTED_EDGE('',*,*,#1117,.T.);
#722=ORIENTED_EDGE('',*,*,#1115,.T.);
#723=ORIENTED_EDGE('',*,*,#888,.F.);
#724=ORIENTED_EDGE('',*,*,#885,.T.);
#725=ORIENTED_EDGE('',*,*,#894,.T.);
#726=ORIENTED_EDGE('',*,*,#891,.F.);
#727=ORIENTED_EDGE('',*,*,#1111,.T.);
#728=ORIENTED_EDGE('',*,*,#1114,.T.);
#729=ORIENTED_EDGE('',*,*,#1116,.F.);
#730=ORIENTED_EDGE('',*,*,#1117,.F.);
#731=ORIENTED_EDGE('',*,*,#788,.F.);
#732=ORIENTED_EDGE('',*,*,#1118,.F.);
#733=ORIENTED_EDGE('',*,*,#1119,.T.);
#734=ORIENTED_EDGE('',*,*,#1120,.T.);
#735=ORIENTED_EDGE('',*,*,#787,.T.);
#736=ORIENTED_EDGE('',*,*,#1121,.F.);
#737=ORIENTED_EDGE('',*,*,#1122,.F.);
#738=ORIENTED_EDGE('',*,*,#1118,.T.);
#739=ORIENTED_EDGE('',*,*,#790,.T.);
#740=ORIENTED_EDGE('',*,*,#1123,.F.);
#741=ORIENTED_EDGE('',*,*,#1124,.F.);
#742=ORIENTED_EDGE('',*,*,#1121,.T.);
#743=ORIENTED_EDGE('',*,*,#789,.F.);
#744=ORIENTED_EDGE('',*,*,#1120,.F.);
#745=ORIENTED_EDGE('',*,*,#1125,.T.);
#746=ORIENTED_EDGE('',*,*,#1123,.T.);
#747=ORIENTED_EDGE('',*,*,#876,.F.);
#748=ORIENTED_EDGE('',*,*,#873,.T.);
#749=ORIENTED_EDGE('',*,*,#882,.T.);
#750=ORIENTED_EDGE('',*,*,#879,.F.);
#751=ORIENTED_EDGE('',*,*,#1119,.F.);
#752=ORIENTED_EDGE('',*,*,#1122,.T.);
#753=ORIENTED_EDGE('',*,*,#1124,.T.);
#754=ORIENTED_EDGE('',*,*,#1125,.F.);
#755=ORIENTED_EDGE('',*,*,#779,.T.);
#756=ORIENTED_EDGE('',*,*,#1126,.F.);
#757=ORIENTED_EDGE('',*,*,#1127,.F.);
#758=ORIENTED_EDGE('',*,*,#1128,.T.);
#759=ORIENTED_EDGE('',*,*,#782,.T.);
#760=ORIENTED_EDGE('',*,*,#1129,.F.);
#761=ORIENTED_EDGE('',*,*,#1130,.F.);
#762=ORIENTED_EDGE('',*,*,#1126,.T.);
#763=ORIENTED_EDGE('',*,*,#781,.F.);
#764=ORIENTED_EDGE('',*,*,#1131,.F.);
#765=ORIENTED_EDGE('',*,*,#1132,.T.);
#766=ORIENTED_EDGE('',*,*,#1129,.T.);
#767=ORIENTED_EDGE('',*,*,#780,.F.);
#768=ORIENTED_EDGE('',*,*,#1128,.F.);
#769=ORIENTED_EDGE('',*,*,#1133,.T.);
#770=ORIENTED_EDGE('',*,*,#1131,.T.);
#771=ORIENTED_EDGE('',*,*,#864,.F.);
#772=ORIENTED_EDGE('',*,*,#861,.T.);
#773=ORIENTED_EDGE('',*,*,#870,.T.);
#774=ORIENTED_EDGE('',*,*,#867,.F.);
#775=ORIENTED_EDGE('',*,*,#1127,.T.);
#776=ORIENTED_EDGE('',*,*,#1130,.T.);
#777=ORIENTED_EDGE('',*,*,#1132,.F.);
#778=ORIENTED_EDGE('',*,*,#1133,.F.);
#779=EDGE_CURVE('',#1134,#1135,#1376,.T.);
#780=EDGE_CURVE('',#1134,#1136,#1377,.T.);
#781=EDGE_CURVE('',#1136,#1137,#1378,.T.);
#782=EDGE_CURVE('',#1135,#1137,#1379,.T.);
#783=EDGE_CURVE('',#1138,#1139,#1380,.T.);
#784=EDGE_CURVE('',#1138,#1140,#1381,.T.);
#785=EDGE_CURVE('',#1140,#1141,#1382,.T.);
#786=EDGE_CURVE('',#1139,#1141,#1383,.T.);
#787=EDGE_CURVE('',#1142,#1143,#1384,.T.);
#788=EDGE_CURVE('',#1142,#1144,#1385,.T.);
#789=EDGE_CURVE('',#1144,#1145,#1386,.T.);
#790=EDGE_CURVE('',#1143,#1145,#1387,.T.);
#791=EDGE_CURVE('',#1146,#1147,#1388,.T.);
#792=EDGE_CURVE('',#1146,#1148,#1389,.T.);
#793=EDGE_CURVE('',#1148,#1149,#1390,.T.);
#794=EDGE_CURVE('',#1150,#1149,#1391,.T.);
#795=EDGE_CURVE('',#1150,#1151,#31,.T.);
#796=EDGE_CURVE('',#1151,#1152,#1392,.T.);
#797=EDGE_CURVE('',#1152,#1153,#32,.T.);
#798=EDGE_CURVE('',#1153,#1154,#1393,.T.);
#799=EDGE_CURVE('',#1154,#1155,#33,.T.);
#800=EDGE_CURVE('',#1156,#1155,#1394,.T.);
#801=EDGE_CURVE('',#1156,#1157,#34,.T.);
#802=EDGE_CURVE('',#1147,#1157,#1395,.T.);
#803=EDGE_CURVE('',#1158,#1158,#35,.T.);
#804=EDGE_CURVE('',#1159,#1159,#36,.T.);
#805=EDGE_CURVE('',#1160,#1160,#37,.T.);
#806=EDGE_CURVE('',#1161,#1161,#38,.T.);
#807=EDGE_CURVE('',#1162,#1163,#1396,.T.);
#808=EDGE_CURVE('',#1164,#1162,#1397,.T.);
#809=EDGE_CURVE('',#1164,#1165,#39,.T.);
#810=EDGE_CURVE('',#1166,#1165,#1398,.T.);
#811=EDGE_CURVE('',#1167,#1166,#1399,.T.);
#812=EDGE_CURVE('',#1168,#1167,#1400,.T.);
#813=EDGE_CURVE('',#1169,#1168,#1401,.T.);
#814=EDGE_CURVE('',#1170,#1169,#1402,.T.);
#815=EDGE_CURVE('',#1163,#1170,#1403,.T.);
#816=EDGE_CURVE('',#1171,#1172,#40,.T.);
#817=EDGE_CURVE('',#1171,#1173,#1404,.T.);
#818=EDGE_CURVE('',#1174,#1173,#41,.T.);
#819=EDGE_CURVE('',#1172,#1174,#1405,.T.);
#820=EDGE_CURVE('',#1175,#1176,#42,.T.);
#821=EDGE_CURVE('',#1177,#1175,#1406,.T.);
#822=EDGE_CURVE('',#1178,#1177,#43,.T.);
#823=EDGE_CURVE('',#1178,#1176,#1407,.T.);
#824=EDGE_CURVE('',#1179,#1180,#44,.T.);
#825=EDGE_CURVE('',#1179,#1181,#1408,.T.);
#826=EDGE_CURVE('',#1182,#1181,#45,.T.);
#827=EDGE_CURVE('',#1180,#1182,#1409,.T.);
#828=EDGE_CURVE('',#1183,#1184,#1410,.T.);
#829=EDGE_CURVE('',#1183,#1185,#1411,.T.);
#830=EDGE_CURVE('',#1185,#1186,#1412,.T.);
#831=EDGE_CURVE('',#1184,#1186,#1413,.T.);
#832=EDGE_CURVE('',#1187,#1188,#1414,.T.);
#833=EDGE_CURVE('',#1187,#1189,#1415,.T.);
#834=EDGE_CURVE('',#1189,#1190,#1416,.T.);
#835=EDGE_CURVE('',#1188,#1190,#1417,.T.);
#836=EDGE_CURVE('',#1191,#1192,#1418,.T.);
#837=EDGE_CURVE('',#1191,#1193,#1419,.T.);
#838=EDGE_CURVE('',#1193,#1194,#1420,.T.);
#839=EDGE_CURVE('',#1192,#1194,#1421,.T.);
#840=EDGE_CURVE('',#1195,#1196,#1422,.T.);
#841=EDGE_CURVE('',#1195,#1197,#1423,.T.);
#842=EDGE_CURVE('',#1197,#1198,#1424,.T.);
#843=EDGE_CURVE('',#1196,#1198,#1425,.T.);
#844=EDGE_CURVE('',#1199,#1200,#1426,.T.);
#845=EDGE_CURVE('',#1199,#1201,#1427,.T.);
#846=EDGE_CURVE('',#1201,#1202,#1428,.T.);
#847=EDGE_CURVE('',#1200,#1202,#1429,.T.);
#848=EDGE_CURVE('',#1203,#1204,#1430,.T.);
#849=EDGE_CURVE('',#1203,#1205,#1431,.T.);
#850=EDGE_CURVE('',#1205,#1206,#1432,.T.);
#851=EDGE_CURVE('',#1204,#1206,#1433,.T.);
#852=EDGE_CURVE('',#1207,#1208,#1434,.T.);
#853=EDGE_CURVE('',#1207,#1209,#1435,.T.);
#854=EDGE_CURVE('',#1209,#1210,#1436,.T.);
#855=EDGE_CURVE('',#1208,#1210,#1437,.T.);
#856=EDGE_CURVE('',#1211,#1212,#1438,.T.);
#857=EDGE_CURVE('',#1212,#1213,#1439,.T.);
#858=EDGE_CURVE('',#1214,#1213,#1440,.T.);
#859=EDGE_CURVE('',#1211,#1214,#1441,.T.);
#860=EDGE_CURVE('',#1215,#1216,#1442,.T.);
#861=EDGE_CURVE('',#1217,#1216,#1443,.T.);
#862=EDGE_CURVE('',#1218,#1217,#1444,.T.);
#863=EDGE_CURVE('',#1218,#1215,#1445,.T.);
#864=EDGE_CURVE('',#1217,#1219,#1446,.T.);
#865=EDGE_CURVE('',#1220,#1219,#1447,.T.);
#866=EDGE_CURVE('',#1218,#1220,#1448,.T.);
#867=EDGE_CURVE('',#1219,#1221,#1449,.T.);
#868=EDGE_CURVE('',#1222,#1221,#1450,.T.);
#869=EDGE_CURVE('',#1220,#1222,#1451,.T.);
#870=EDGE_CURVE('',#1216,#1221,#1452,.T.);
#871=EDGE_CURVE('',#1215,#1222,#1453,.T.);
#872=EDGE_CURVE('',#1223,#1224,#1454,.T.);
#873=EDGE_CURVE('',#1225,#1224,#1455,.T.);
#874=EDGE_CURVE('',#1226,#1225,#1456,.T.);
#875=EDGE_CURVE('',#1226,#1223,#1457,.T.);
#876=EDGE_CURVE('',#1225,#1227,#1458,.T.);
#877=EDGE_CURVE('',#1228,#1227,#1459,.T.);
#878=EDGE_CURVE('',#1226,#1228,#1460,.T.);
#879=EDGE_CURVE('',#1227,#1229,#1461,.T.);
#880=EDGE_CURVE('',#1230,#1229,#1462,.T.);
#881=EDGE_CURVE('',#1228,#1230,#1463,.T.);
#882=EDGE_CURVE('',#1224,#1229,#1464,.T.);
#883=EDGE_CURVE('',#1223,#1230,#1465,.T.);
#884=EDGE_CURVE('',#1231,#1232,#1466,.T.);
#885=EDGE_CURVE('',#1233,#1232,#1467,.T.);
#886=EDGE_CURVE('',#1234,#1233,#1468,.T.);
#887=EDGE_CURVE('',#1234,#1231,#1469,.T.);
#888=EDGE_CURVE('',#1233,#1235,#1470,.T.);
#889=EDGE_CURVE('',#1236,#1235,#1471,.T.);
#890=EDGE_CURVE('',#1234,#1236,#1472,.T.);
#891=EDGE_CURVE('',#1235,#1237,#1473,.T.);
#892=EDGE_CURVE('',#1238,#1237,#1474,.T.);
#893=EDGE_CURVE('',#1236,#1238,#1475,.T.);
#894=EDGE_CURVE('',#1232,#1237,#1476,.T.);
#895=EDGE_CURVE('',#1231,#1238,#1477,.T.);
#896=EDGE_CURVE('',#1239,#1240,#1478,.T.);
#897=EDGE_CURVE('',#1241,#1240,#1479,.T.);
#898=EDGE_CURVE('',#1242,#1241,#1480,.T.);
#899=EDGE_CURVE('',#1242,#1239,#1481,.T.);
#900=EDGE_CURVE('',#1241,#1243,#1482,.T.);
#901=EDGE_CURVE('',#1244,#1243,#1483,.T.);
#902=EDGE_CURVE('',#1242,#1244,#1484,.T.);
#903=EDGE_CURVE('',#1243,#1245,#1485,.T.);
#904=EDGE_CURVE('',#1246,#1245,#1486,.T.);
#905=EDGE_CURVE('',#1244,#1246,#1487,.T.);
#906=EDGE_CURVE('',#1240,#1245,#1488,.T.);
#907=EDGE_CURVE('',#1239,#1246,#1489,.T.);
#908=EDGE_CURVE('',#1247,#1248,#1490,.T.);
#909=EDGE_CURVE('',#1249,#1248,#1491,.T.);
#910=EDGE_CURVE('',#1250,#1249,#1492,.T.);
#911=EDGE_CURVE('',#1250,#1247,#1493,.T.);
#912=EDGE_CURVE('',#1249,#1251,#1494,.T.);
#913=EDGE_CURVE('',#1252,#1251,#1495,.T.);
#914=EDGE_CURVE('',#1250,#1252,#1496,.T.);
#915=EDGE_CURVE('',#1251,#1253,#1497,.T.);
#916=EDGE_CURVE('',#1254,#1253,#1498,.T.);
#917=EDGE_CURVE('',#1252,#1254,#1499,.T.);
#918=EDGE_CURVE('',#1248,#1253,#1500,.T.);
#919=EDGE_CURVE('',#1247,#1254,#1501,.T.);
#920=EDGE_CURVE('',#1255,#1256,#1502,.T.);
#921=EDGE_CURVE('',#1257,#1256,#1503,.T.);
#922=EDGE_CURVE('',#1258,#1257,#1504,.T.);
#923=EDGE_CURVE('',#1258,#1255,#1505,.T.);
#924=EDGE_CURVE('',#1257,#1259,#1506,.T.);
#925=EDGE_CURVE('',#1260,#1259,#1507,.T.);
#926=EDGE_CURVE('',#1258,#1260,#1508,.T.);
#927=EDGE_CURVE('',#1259,#1261,#1509,.T.);
#928=EDGE_CURVE('',#1262,#1261,#1510,.T.);
#929=EDGE_CURVE('',#1260,#1262,#1511,.T.);
#930=EDGE_CURVE('',#1256,#1261,#1512,.T.);
#931=EDGE_CURVE('',#1255,#1262,#1513,.T.);
#932=EDGE_CURVE('',#1263,#1264,#1514,.T.);
#933=EDGE_CURVE('',#1265,#1264,#1515,.T.);
#934=EDGE_CURVE('',#1266,#1265,#1516,.T.);
#935=EDGE_CURVE('',#1266,#1263,#1517,.T.);
#936=EDGE_CURVE('',#1265,#1267,#1518,.T.);
#937=EDGE_CURVE('',#1268,#1267,#1519,.T.);
#938=EDGE_CURVE('',#1266,#1268,#1520,.T.);
#939=EDGE_CURVE('',#1267,#1269,#1521,.T.);
#940=EDGE_CURVE('',#1270,#1269,#1522,.T.);
#941=EDGE_CURVE('',#1268,#1270,#1523,.T.);
#942=EDGE_CURVE('',#1264,#1269,#1524,.T.);
#943=EDGE_CURVE('',#1263,#1270,#1525,.T.);
#944=EDGE_CURVE('',#1271,#1272,#1526,.T.);
#945=EDGE_CURVE('',#1273,#1272,#1527,.T.);
#946=EDGE_CURVE('',#1274,#1273,#1528,.T.);
#947=EDGE_CURVE('',#1274,#1271,#1529,.T.);
#948=EDGE_CURVE('',#1273,#1275,#1530,.T.);
#949=EDGE_CURVE('',#1276,#1275,#1531,.T.);
#950=EDGE_CURVE('',#1274,#1276,#1532,.T.);
#951=EDGE_CURVE('',#1275,#1277,#1533,.T.);
#952=EDGE_CURVE('',#1278,#1277,#1534,.T.);
#953=EDGE_CURVE('',#1276,#1278,#1535,.T.);
#954=EDGE_CURVE('',#1272,#1277,#1536,.T.);
#955=EDGE_CURVE('',#1271,#1278,#1537,.T.);
#956=EDGE_CURVE('',#1279,#1280,#1538,.T.);
#957=EDGE_CURVE('',#1281,#1280,#1539,.T.);
#958=EDGE_CURVE('',#1282,#1281,#1540,.T.);
#959=EDGE_CURVE('',#1282,#1279,#1541,.T.);
#960=EDGE_CURVE('',#1281,#1283,#1542,.T.);
#961=EDGE_CURVE('',#1284,#1283,#1543,.T.);
#962=EDGE_CURVE('',#1282,#1284,#1544,.T.);
#963=EDGE_CURVE('',#1283,#1285,#1545,.T.);
#964=EDGE_CURVE('',#1286,#1285,#1546,.T.);
#965=EDGE_CURVE('',#1284,#1286,#1547,.T.);
#966=EDGE_CURVE('',#1280,#1285,#1548,.T.);
#967=EDGE_CURVE('',#1279,#1286,#1549,.T.);
#968=EDGE_CURVE('',#1287,#1288,#1550,.T.);
#969=EDGE_CURVE('',#1287,#1289,#1551,.T.);
#970=EDGE_CURVE('',#1289,#1290,#1552,.T.);
#971=EDGE_CURVE('',#1288,#1290,#1553,.T.);
#972=EDGE_CURVE('',#1291,#1291,#46,.T.);
#973=EDGE_CURVE('',#1292,#1292,#47,.T.);
#974=EDGE_CURVE('',#1293,#1293,#48,.T.);
#975=EDGE_CURVE('',#1294,#1294,#49,.T.);
#976=EDGE_CURVE('',#1295,#1296,#1554,.T.);
#977=EDGE_CURVE('',#1295,#1297,#50,.T.);
#978=EDGE_CURVE('',#1297,#1298,#1555,.T.);
#979=EDGE_CURVE('',#1298,#1296,#51,.T.);
#980=EDGE_CURVE('',#1299,#1300,#1556,.T.);
#981=EDGE_CURVE('',#1300,#1301,#52,.T.);
#982=EDGE_CURVE('',#1302,#1301,#1557,.T.);
#983=EDGE_CURVE('',#1302,#1299,#53,.T.);
#984=EDGE_CURVE('',#1303,#1304,#1558,.T.);
#985=EDGE_CURVE('',#1303,#1305,#54,.T.);
#986=EDGE_CURVE('',#1305,#1306,#1559,.T.);
#987=EDGE_CURVE('',#1306,#1304,#55,.T.);
#988=EDGE_CURVE('',#1307,#1308,#1560,.T.);
#989=EDGE_CURVE('',#1307,#1309,#1561,.T.);
#990=EDGE_CURVE('',#1309,#1310,#1562,.T.);
#991=EDGE_CURVE('',#1308,#1310,#1563,.T.);
#992=EDGE_CURVE('',#1311,#1312,#1564,.T.);
#993=EDGE_CURVE('',#1311,#1313,#1565,.T.);
#994=EDGE_CURVE('',#1313,#1314,#1566,.T.);
#995=EDGE_CURVE('',#1315,#1314,#56,.T.);
#996=EDGE_CURVE('',#1315,#1316,#1567,.T.);
#997=EDGE_CURVE('',#1317,#1316,#57,.T.);
#998=EDGE_CURVE('',#1318,#1317,#1568,.T.);
#999=EDGE_CURVE('',#1319,#1318,#58,.T.);
#1000=EDGE_CURVE('',#1320,#1319,#1569,.T.);
#1001=EDGE_CURVE('',#1321,#1320,#59,.T.);
#1002=EDGE_CURVE('',#1321,#1322,#1570,.T.);
#1003=EDGE_CURVE('',#1312,#1322,#1571,.T.);
#1004=EDGE_CURVE('',#1313,#1147,#1572,.T.);
#1005=EDGE_CURVE('',#1157,#1314,#1573,.T.);
#1006=EDGE_CURVE('',#1323,#1323,#60,.T.);
#1007=EDGE_CURVE('',#1324,#1324,#61,.T.);
#1008=EDGE_CURVE('',#1325,#1325,#62,.T.);
#1009=EDGE_CURVE('',#1326,#1326,#63,.T.);
#1010=EDGE_CURVE('',#1322,#1149,#1574,.T.);
#1011=EDGE_CURVE('',#1150,#1321,#1575,.T.);
#1012=EDGE_CURVE('',#1151,#1320,#1576,.T.);
#1013=EDGE_CURVE('',#1152,#1319,#1577,.T.);
#1014=EDGE_CURVE('',#1153,#1318,#1578,.T.);
#1015=EDGE_CURVE('',#1154,#1317,#1579,.T.);
#1016=EDGE_CURVE('',#1155,#1316,#1580,.T.);
#1017=EDGE_CURVE('',#1156,#1315,#1581,.T.);
#1018=EDGE_CURVE('',#1297,#1180,#1582,.T.);
#1019=EDGE_CURVE('',#1295,#1179,#1583,.T.);
#1020=EDGE_CURVE('',#1298,#1182,#1584,.T.);
#1021=EDGE_CURVE('',#1296,#1181,#1585,.T.);
#1022=EDGE_CURVE('',#1301,#1176,#1586,.T.);
#1023=EDGE_CURVE('',#1300,#1175,#1587,.T.);
#1024=EDGE_CURVE('',#1302,#1178,#1588,.T.);
#1025=EDGE_CURVE('',#1299,#1177,#1589,.T.);
#1026=EDGE_CURVE('',#1305,#1172,#1590,.T.);
#1027=EDGE_CURVE('',#1303,#1171,#1591,.T.);
#1028=EDGE_CURVE('',#1306,#1174,#1592,.T.);
#1029=EDGE_CURVE('',#1304,#1173,#1593,.T.);
#1030=EDGE_CURVE('',#1307,#1183,#1594,.T.);
#1031=EDGE_CURVE('',#1308,#1185,#1595,.T.);
#1032=EDGE_CURVE('',#1309,#1184,#1596,.T.);
#1033=EDGE_CURVE('',#1310,#1186,#1597,.T.);
#1034=EDGE_CURVE('',#1287,#1187,#1598,.T.);
#1035=EDGE_CURVE('',#1288,#1189,#1599,.T.);
#1036=EDGE_CURVE('',#1289,#1188,#1600,.T.);
#1037=EDGE_CURVE('',#1290,#1190,#1601,.T.);
#1038=EDGE_CURVE('',#1327,#1162,#1602,.T.);
#1039=EDGE_CURVE('',#1328,#1327,#1603,.T.);
#1040=EDGE_CURVE('',#1328,#1164,#1604,.T.);
#1041=EDGE_CURVE('',#1329,#1163,#1605,.T.);
#1042=EDGE_CURVE('',#1327,#1329,#1606,.T.);
#1043=EDGE_CURVE('',#1330,#1170,#1607,.T.);
#1044=EDGE_CURVE('',#1329,#1330,#1608,.T.);
#1045=EDGE_CURVE('',#1331,#1169,#1609,.T.);
#1046=EDGE_CURVE('',#1330,#1331,#1610,.T.);
#1047=EDGE_CURVE('',#1332,#1168,#1611,.T.);
#1048=EDGE_CURVE('',#1331,#1332,#1612,.T.);
#1049=EDGE_CURVE('',#1333,#1167,#1613,.T.);
#1050=EDGE_CURVE('',#1332,#1333,#1614,.T.);
#1051=EDGE_CURVE('',#1334,#1166,#1615,.T.);
#1052=EDGE_CURVE('',#1333,#1334,#1616,.T.);
#1053=EDGE_CURVE('',#1335,#1165,#1617,.T.);
#1054=EDGE_CURVE('',#1334,#1335,#1618,.T.);
#1055=EDGE_CURVE('',#1328,#1335,#64,.T.);
#1056=EDGE_CURVE('',#1336,#1336,#65,.T.);
#1057=EDGE_CURVE('',#1337,#1337,#66,.T.);
#1058=EDGE_CURVE('',#1338,#1338,#67,.T.);
#1059=EDGE_CURVE('',#1339,#1339,#68,.T.);
#1060=EDGE_CURVE('',#1312,#1148,#1619,.T.);
#1061=EDGE_CURVE('',#1311,#1146,#1620,.T.);
#1062=EDGE_CURVE('',#1340,#1208,#1621,.T.);
#1063=EDGE_CURVE('',#1341,#1340,#1622,.T.);
#1064=EDGE_CURVE('',#1341,#1207,#1623,.T.);
#1065=EDGE_CURVE('',#1342,#1210,#1624,.T.);
#1066=EDGE_CURVE('',#1340,#1342,#1625,.T.);
#1067=EDGE_CURVE('',#1343,#1209,#1626,.T.);
#1068=EDGE_CURVE('',#1343,#1342,#1627,.T.);
#1069=EDGE_CURVE('',#1341,#1343,#1628,.T.);
#1070=EDGE_CURVE('',#1344,#1212,#1629,.T.);
#1071=EDGE_CURVE('',#1344,#1345,#1630,.T.);
#1072=EDGE_CURVE('',#1345,#1213,#1631,.T.);
#1073=EDGE_CURVE('',#1346,#1211,#1632,.T.);
#1074=EDGE_CURVE('',#1346,#1344,#1633,.T.);
#1075=EDGE_CURVE('',#1347,#1214,#1634,.T.);
#1076=EDGE_CURVE('',#1346,#1347,#1635,.T.);
#1077=EDGE_CURVE('',#1347,#1345,#1636,.T.);
#1078=EDGE_CURVE('',#1348,#1192,#1637,.T.);
#1079=EDGE_CURVE('',#1349,#1348,#1638,.T.);
#1080=EDGE_CURVE('',#1349,#1191,#1639,.T.);
#1081=EDGE_CURVE('',#1350,#1194,#1640,.T.);
#1082=EDGE_CURVE('',#1348,#1350,#1641,.T.);
#1083=EDGE_CURVE('',#1351,#1193,#1642,.T.);
#1084=EDGE_CURVE('',#1351,#1350,#1643,.T.);
#1085=EDGE_CURVE('',#1349,#1351,#1644,.T.);
#1086=EDGE_CURVE('',#1352,#1196,#1645,.T.);
#1087=EDGE_CURVE('',#1353,#1352,#1646,.T.);
#1088=EDGE_CURVE('',#1353,#1195,#1647,.T.);
#1089=EDGE_CURVE('',#1354,#1198,#1648,.T.);
#1090=EDGE_CURVE('',#1352,#1354,#1649,.T.);
#1091=EDGE_CURVE('',#1355,#1197,#1650,.T.);
#1092=EDGE_CURVE('',#1355,#1354,#1651,.T.);
#1093=EDGE_CURVE('',#1353,#1355,#1652,.T.);
#1094=EDGE_CURVE('',#1356,#1200,#1653,.T.);
#1095=EDGE_CURVE('',#1357,#1356,#1654,.T.);
#1096=EDGE_CURVE('',#1357,#1199,#1655,.T.);
#1097=EDGE_CURVE('',#1358,#1202,#1656,.T.);
#1098=EDGE_CURVE('',#1356,#1358,#1657,.T.);
#1099=EDGE_CURVE('',#1359,#1201,#1658,.T.);
#1100=EDGE_CURVE('',#1359,#1358,#1659,.T.);
#1101=EDGE_CURVE('',#1357,#1359,#1660,.T.);
#1102=EDGE_CURVE('',#1360,#1204,#1661,.T.);
#1103=EDGE_CURVE('',#1361,#1360,#1662,.T.);
#1104=EDGE_CURVE('',#1361,#1203,#1663,.T.);
#1105=EDGE_CURVE('',#1362,#1206,#1664,.T.);
#1106=EDGE_CURVE('',#1360,#1362,#1665,.T.);
#1107=EDGE_CURVE('',#1363,#1205,#1666,.T.);
#1108=EDGE_CURVE('',#1363,#1362,#1667,.T.);
#1109=EDGE_CURVE('',#1361,#1363,#1668,.T.);
#1110=EDGE_CURVE('',#1364,#1139,#1669,.T.);
#1111=EDGE_CURVE('',#1365,#1364,#1670,.T.);
#1112=EDGE_CURVE('',#1365,#1138,#1671,.T.);
#1113=EDGE_CURVE('',#1366,#1141,#1672,.T.);
#1114=EDGE_CURVE('',#1364,#1366,#1673,.T.);
#1115=EDGE_CURVE('',#1367,#1140,#1674,.T.);
#1116=EDGE_CURVE('',#1367,#1366,#1675,.T.);
#1117=EDGE_CURVE('',#1365,#1367,#1676,.T.);
#1118=EDGE_CURVE('',#1368,#1142,#1677,.T.);
#1119=EDGE_CURVE('',#1368,#1369,#1678,.T.);
#1120=EDGE_CURVE('',#1369,#1144,#1679,.T.);
#1121=EDGE_CURVE('',#1370,#1143,#1680,.T.);
#1122=EDGE_CURVE('',#1368,#1370,#1681,.T.);
#1123=EDGE_CURVE('',#1371,#1145,#1682,.T.);
#1124=EDGE_CURVE('',#1370,#1371,#1683,.T.);
#1125=EDGE_CURVE('',#1369,#1371,#1684,.T.);
#1126=EDGE_CURVE('',#1372,#1135,#1685,.T.);
#1127=EDGE_CURVE('',#1373,#1372,#1686,.T.);
#1128=EDGE_CURVE('',#1373,#1134,#1687,.T.);
#1129=EDGE_CURVE('',#1374,#1137,#1688,.T.);
#1130=EDGE_CURVE('',#1372,#1374,#1689,.T.);
#1131=EDGE_CURVE('',#1375,#1136,#1690,.T.);
#1132=EDGE_CURVE('',#1375,#1374,#1691,.T.);
#1133=EDGE_CURVE('',#1373,#1375,#1692,.T.);
#1134=VERTEX_POINT('',#3515);
#1135=VERTEX_POINT('',#3516);
#1136=VERTEX_POINT('',#3518);
#1137=VERTEX_POINT('',#3520);
#1138=VERTEX_POINT('',#3523);
#1139=VERTEX_POINT('',#3524);
#1140=VERTEX_POINT('',#3526);
#1141=VERTEX_POINT('',#3528);
#1142=VERTEX_POINT('',#3531);
#1143=VERTEX_POINT('',#3532);
#1144=VERTEX_POINT('',#3534);
#1145=VERTEX_POINT('',#3536);
#1146=VERTEX_POINT('',#3539);
#1147=VERTEX_POINT('',#3540);
#1148=VERTEX_POINT('',#3542);
#1149=VERTEX_POINT('',#3544);
#1150=VERTEX_POINT('',#3546);
#1151=VERTEX_POINT('',#3548);
#1152=VERTEX_POINT('',#3550);
#1153=VERTEX_POINT('',#3552);
#1154=VERTEX_POINT('',#3554);
#1155=VERTEX_POINT('',#3556);
#1156=VERTEX_POINT('',#3558);
#1157=VERTEX_POINT('',#3560);
#1158=VERTEX_POINT('',#3563);
#1159=VERTEX_POINT('',#3565);
#1160=VERTEX_POINT('',#3567);
#1161=VERTEX_POINT('',#3569);
#1162=VERTEX_POINT('',#3571);
#1163=VERTEX_POINT('',#3572);
#1164=VERTEX_POINT('',#3574);
#1165=VERTEX_POINT('',#3576);
#1166=VERTEX_POINT('',#3578);
#1167=VERTEX_POINT('',#3580);
#1168=VERTEX_POINT('',#3582);
#1169=VERTEX_POINT('',#3584);
#1170=VERTEX_POINT('',#3586);
#1171=VERTEX_POINT('',#3589);
#1172=VERTEX_POINT('',#3590);
#1173=VERTEX_POINT('',#3592);
#1174=VERTEX_POINT('',#3594);
#1175=VERTEX_POINT('',#3597);
#1176=VERTEX_POINT('',#3598);
#1177=VERTEX_POINT('',#3600);
#1178=VERTEX_POINT('',#3602);
#1179=VERTEX_POINT('',#3605);
#1180=VERTEX_POINT('',#3606);
#1181=VERTEX_POINT('',#3608);
#1182=VERTEX_POINT('',#3610);
#1183=VERTEX_POINT('',#3613);
#1184=VERTEX_POINT('',#3614);
#1185=VERTEX_POINT('',#3616);
#1186=VERTEX_POINT('',#3618);
#1187=VERTEX_POINT('',#3621);
#1188=VERTEX_POINT('',#3622);
#1189=VERTEX_POINT('',#3624);
#1190=VERTEX_POINT('',#3626);
#1191=VERTEX_POINT('',#3629);
#1192=VERTEX_POINT('',#3630);
#1193=VERTEX_POINT('',#3632);
#1194=VERTEX_POINT('',#3634);
#1195=VERTEX_POINT('',#3637);
#1196=VERTEX_POINT('',#3638);
#1197=VERTEX_POINT('',#3640);
#1198=VERTEX_POINT('',#3642);
#1199=VERTEX_POINT('',#3645);
#1200=VERTEX_POINT('',#3646);
#1201=VERTEX_POINT('',#3648);
#1202=VERTEX_POINT('',#3650);
#1203=VERTEX_POINT('',#3653);
#1204=VERTEX_POINT('',#3654);
#1205=VERTEX_POINT('',#3656);
#1206=VERTEX_POINT('',#3658);
#1207=VERTEX_POINT('',#3661);
#1208=VERTEX_POINT('',#3662);
#1209=VERTEX_POINT('',#3664);
#1210=VERTEX_POINT('',#3666);
#1211=VERTEX_POINT('',#3669);
#1212=VERTEX_POINT('',#3670);
#1213=VERTEX_POINT('',#3672);
#1214=VERTEX_POINT('',#3674);
#1215=VERTEX_POINT('',#3678);
#1216=VERTEX_POINT('',#3679);
#1217=VERTEX_POINT('',#3681);
#1218=VERTEX_POINT('',#3683);
#1219=VERTEX_POINT('',#3687);
#1220=VERTEX_POINT('',#3689);
#1221=VERTEX_POINT('',#3693);
#1222=VERTEX_POINT('',#3695);
#1223=VERTEX_POINT('',#3702);
#1224=VERTEX_POINT('',#3703);
#1225=VERTEX_POINT('',#3705);
#1226=VERTEX_POINT('',#3707);
#1227=VERTEX_POINT('',#3711);
#1228=VERTEX_POINT('',#3713);
#1229=VERTEX_POINT('',#3717);
#1230=VERTEX_POINT('',#3719);
#1231=VERTEX_POINT('',#3726);
#1232=VERTEX_POINT('',#3727);
#1233=VERTEX_POINT('',#3729);
#1234=VERTEX_POINT('',#3731);
#1235=VERTEX_POINT('',#3735);
#1236=VERTEX_POINT('',#3737);
#1237=VERTEX_POINT('',#3741);
#1238=VERTEX_POINT('',#3743);
#1239=VERTEX_POINT('',#3750);
#1240=VERTEX_POINT('',#3751);
#1241=VERTEX_POINT('',#3753);
#1242=VERTEX_POINT('',#3755);
#1243=VERTEX_POINT('',#3759);
#1244=VERTEX_POINT('',#3761);
#1245=VERTEX_POINT('',#3765);
#1246=VERTEX_POINT('',#3767);
#1247=VERTEX_POINT('',#3774);
#1248=VERTEX_POINT('',#3775);
#1249=VERTEX_POINT('',#3777);
#1250=VERTEX_POINT('',#3779);
#1251=VERTEX_POINT('',#3783);
#1252=VERTEX_POINT('',#3785);
#1253=VERTEX_POINT('',#3789);
#1254=VERTEX_POINT('',#3791);
#1255=VERTEX_POINT('',#3798);
#1256=VERTEX_POINT('',#3799);
#1257=VERTEX_POINT('',#3801);
#1258=VERTEX_POINT('',#3803);
#1259=VERTEX_POINT('',#3807);
#1260=VERTEX_POINT('',#3809);
#1261=VERTEX_POINT('',#3813);
#1262=VERTEX_POINT('',#3815);
#1263=VERTEX_POINT('',#3822);
#1264=VERTEX_POINT('',#3823);
#1265=VERTEX_POINT('',#3825);
#1266=VERTEX_POINT('',#3827);
#1267=VERTEX_POINT('',#3831);
#1268=VERTEX_POINT('',#3833);
#1269=VERTEX_POINT('',#3837);
#1270=VERTEX_POINT('',#3839);
#1271=VERTEX_POINT('',#3846);
#1272=VERTEX_POINT('',#3847);
#1273=VERTEX_POINT('',#3849);
#1274=VERTEX_POINT('',#3851);
#1275=VERTEX_POINT('',#3855);
#1276=VERTEX_POINT('',#3857);
#1277=VERTEX_POINT('',#3861);
#1278=VERTEX_POINT('',#3863);
#1279=VERTEX_POINT('',#3870);
#1280=VERTEX_POINT('',#3871);
#1281=VERTEX_POINT('',#3873);
#1282=VERTEX_POINT('',#3875);
#1283=VERTEX_POINT('',#3879);
#1284=VERTEX_POINT('',#3881);
#1285=VERTEX_POINT('',#3885);
#1286=VERTEX_POINT('',#3887);
#1287=VERTEX_POINT('',#3894);
#1288=VERTEX_POINT('',#3895);
#1289=VERTEX_POINT('',#3897);
#1290=VERTEX_POINT('',#3899);
#1291=VERTEX_POINT('',#3902);
#1292=VERTEX_POINT('',#3904);
#1293=VERTEX_POINT('',#3906);
#1294=VERTEX_POINT('',#3908);
#1295=VERTEX_POINT('',#3910);
#1296=VERTEX_POINT('',#3911);
#1297=VERTEX_POINT('',#3913);
#1298=VERTEX_POINT('',#3915);
#1299=VERTEX_POINT('',#3918);
#1300=VERTEX_POINT('',#3919);
#1301=VERTEX_POINT('',#3921);
#1302=VERTEX_POINT('',#3923);
#1303=VERTEX_POINT('',#3926);
#1304=VERTEX_POINT('',#3927);
#1305=VERTEX_POINT('',#3929);
#1306=VERTEX_POINT('',#3931);
#1307=VERTEX_POINT('',#3934);
#1308=VERTEX_POINT('',#3935);
#1309=VERTEX_POINT('',#3937);
#1310=VERTEX_POINT('',#3939);
#1311=VERTEX_POINT('',#3942);
#1312=VERTEX_POINT('',#3943);
#1313=VERTEX_POINT('',#3945);
#1314=VERTEX_POINT('',#3947);
#1315=VERTEX_POINT('',#3949);
#1316=VERTEX_POINT('',#3951);
#1317=VERTEX_POINT('',#3953);
#1318=VERTEX_POINT('',#3955);
#1319=VERTEX_POINT('',#3957);
#1320=VERTEX_POINT('',#3959);
#1321=VERTEX_POINT('',#3961);
#1322=VERTEX_POINT('',#3963);
#1323=VERTEX_POINT('',#3970);
#1324=VERTEX_POINT('',#3973);
#1325=VERTEX_POINT('',#3976);
#1326=VERTEX_POINT('',#3979);
#1327=VERTEX_POINT('',#4038);
#1328=VERTEX_POINT('',#4040);
#1329=VERTEX_POINT('',#4044);
#1330=VERTEX_POINT('',#4048);
#1331=VERTEX_POINT('',#4052);
#1332=VERTEX_POINT('',#4056);
#1333=VERTEX_POINT('',#4060);
#1334=VERTEX_POINT('',#4064);
#1335=VERTEX_POINT('',#4068);
#1336=VERTEX_POINT('',#4075);
#1337=VERTEX_POINT('',#4079);
#1338=VERTEX_POINT('',#4083);
#1339=VERTEX_POINT('',#4087);
#1340=VERTEX_POINT('',#4096);
#1341=VERTEX_POINT('',#4098);
#1342=VERTEX_POINT('',#4102);
#1343=VERTEX_POINT('',#4106);
#1344=VERTEX_POINT('',#4113);
#1345=VERTEX_POINT('',#4115);
#1346=VERTEX_POINT('',#4119);
#1347=VERTEX_POINT('',#4123);
#1348=VERTEX_POINT('',#4130);
#1349=VERTEX_POINT('',#4132);
#1350=VERTEX_POINT('',#4136);
#1351=VERTEX_POINT('',#4140);
#1352=VERTEX_POINT('',#4147);
#1353=VERTEX_POINT('',#4149);
#1354=VERTEX_POINT('',#4153);
#1355=VERTEX_POINT('',#4157);
#1356=VERTEX_POINT('',#4164);
#1357=VERTEX_POINT('',#4166);
#1358=VERTEX_POINT('',#4170);
#1359=VERTEX_POINT('',#4174);
#1360=VERTEX_POINT('',#4181);
#1361=VERTEX_POINT('',#4183);
#1362=VERTEX_POINT('',#4187);
#1363=VERTEX_POINT('',#4191);
#1364=VERTEX_POINT('',#4198);
#1365=VERTEX_POINT('',#4200);
#1366=VERTEX_POINT('',#4204);
#1367=VERTEX_POINT('',#4208);
#1368=VERTEX_POINT('',#4215);
#1369=VERTEX_POINT('',#4217);
#1370=VERTEX_POINT('',#4221);
#1371=VERTEX_POINT('',#4225);
#1372=VERTEX_POINT('',#4232);
#1373=VERTEX_POINT('',#4234);
#1374=VERTEX_POINT('',#4238);
#1375=VERTEX_POINT('',#4242);
#1376=LINE('',#3514,#1693);
#1377=LINE('',#3517,#1694);
#1378=LINE('',#3519,#1695);
#1379=LINE('',#3521,#1696);
#1380=LINE('',#3522,#1697);
#1381=LINE('',#3525,#1698);
#1382=LINE('',#3527,#1699);
#1383=LINE('',#3529,#1700);
#1384=LINE('',#3530,#1701);
#1385=LINE('',#3533,#1702);
#1386=LINE('',#3535,#1703);
#1387=LINE('',#3537,#1704);
#1388=LINE('',#3538,#1705);
#1389=LINE('',#3541,#1706);
#1390=LINE('',#3543,#1707);
#1391=LINE('',#3545,#1708);
#1392=LINE('',#3549,#1709);
#1393=LINE('',#3553,#1710);
#1394=LINE('',#3557,#1711);
#1395=LINE('',#3561,#1712);
#1396=LINE('',#3570,#1713);
#1397=LINE('',#3573,#1714);
#1398=LINE('',#3577,#1715);
#1399=LINE('',#3579,#1716);
#1400=LINE('',#3581,#1717);
#1401=LINE('',#3583,#1718);
#1402=LINE('',#3585,#1719);
#1403=LINE('',#3587,#1720);
#1404=LINE('',#3591,#1721);
#1405=LINE('',#3595,#1722);
#1406=LINE('',#3599,#1723);
#1407=LINE('',#3603,#1724);
#1408=LINE('',#3607,#1725);
#1409=LINE('',#3611,#1726);
#1410=LINE('',#3612,#1727);
#1411=LINE('',#3615,#1728);
#1412=LINE('',#3617,#1729);
#1413=LINE('',#3619,#1730);
#1414=LINE('',#3620,#1731);
#1415=LINE('',#3623,#1732);
#1416=LINE('',#3625,#1733);
#1417=LINE('',#3627,#1734);
#1418=LINE('',#3628,#1735);
#1419=LINE('',#3631,#1736);
#1420=LINE('',#3633,#1737);
#1421=LINE('',#3635,#1738);
#1422=LINE('',#3636,#1739);
#1423=LINE('',#3639,#1740);
#1424=LINE('',#3641,#1741);
#1425=LINE('',#3643,#1742);
#1426=LINE('',#3644,#1743);
#1427=LINE('',#3647,#1744);
#1428=LINE('',#3649,#1745);
#1429=LINE('',#3651,#1746);
#1430=LINE('',#3652,#1747);
#1431=LINE('',#3655,#1748);
#1432=LINE('',#3657,#1749);
#1433=LINE('',#3659,#1750);
#1434=LINE('',#3660,#1751);
#1435=LINE('',#3663,#1752);
#1436=LINE('',#3665,#1753);
#1437=LINE('',#3667,#1754);
#1438=LINE('',#3668,#1755);
#1439=LINE('',#3671,#1756);
#1440=LINE('',#3673,#1757);
#1441=LINE('',#3675,#1758);
#1442=LINE('',#3677,#1759);
#1443=LINE('',#3680,#1760);
#1444=LINE('',#3682,#1761);
#1445=LINE('',#3684,#1762);
#1446=LINE('',#3686,#1763);
#1447=LINE('',#3688,#1764);
#1448=LINE('',#3690,#1765);
#1449=LINE('',#3692,#1766);
#1450=LINE('',#3694,#1767);
#1451=LINE('',#3696,#1768);
#1452=LINE('',#3698,#1769);
#1453=LINE('',#3699,#1770);
#1454=LINE('',#3701,#1771);
#1455=LINE('',#3704,#1772);
#1456=LINE('',#3706,#1773);
#1457=LINE('',#3708,#1774);
#1458=LINE('',#3710,#1775);
#1459=LINE('',#3712,#1776);
#1460=LINE('',#3714,#1777);
#1461=LINE('',#3716,#1778);
#1462=LINE('',#3718,#1779);
#1463=LINE('',#3720,#1780);
#1464=LINE('',#3722,#1781);
#1465=LINE('',#3723,#1782);
#1466=LINE('',#3725,#1783);
#1467=LINE('',#3728,#1784);
#1468=LINE('',#3730,#1785);
#1469=LINE('',#3732,#1786);
#1470=LINE('',#3734,#1787);
#1471=LINE('',#3736,#1788);
#1472=LINE('',#3738,#1789);
#1473=LINE('',#3740,#1790);
#1474=LINE('',#3742,#1791);
#1475=LINE('',#3744,#1792);
#1476=LINE('',#3746,#1793);
#1477=LINE('',#3747,#1794);
#1478=LINE('',#3749,#1795);
#1479=LINE('',#3752,#1796);
#1480=LINE('',#3754,#1797);
#1481=LINE('',#3756,#1798);
#1482=LINE('',#3758,#1799);
#1483=LINE('',#3760,#1800);
#1484=LINE('',#3762,#1801);
#1485=LINE('',#3764,#1802);
#1486=LINE('',#3766,#1803);
#1487=LINE('',#3768,#1804);
#1488=LINE('',#3770,#1805);
#1489=LINE('',#3771,#1806);
#1490=LINE('',#3773,#1807);
#1491=LINE('',#3776,#1808);
#1492=LINE('',#3778,#1809);
#1493=LINE('',#3780,#1810);
#1494=LINE('',#3782,#1811);
#1495=LINE('',#3784,#1812);
#1496=LINE('',#3786,#1813);
#1497=LINE('',#3788,#1814);
#1498=LINE('',#3790,#1815);
#1499=LINE('',#3792,#1816);
#1500=LINE('',#3794,#1817);
#1501=LINE('',#3795,#1818);
#1502=LINE('',#3797,#1819);
#1503=LINE('',#3800,#1820);
#1504=LINE('',#3802,#1821);
#1505=LINE('',#3804,#1822);
#1506=LINE('',#3806,#1823);
#1507=LINE('',#3808,#1824);
#1508=LINE('',#3810,#1825);
#1509=LINE('',#3812,#1826);
#1510=LINE('',#3814,#1827);
#1511=LINE('',#3816,#1828);
#1512=LINE('',#3818,#1829);
#1513=LINE('',#3819,#1830);
#1514=LINE('',#3821,#1831);
#1515=LINE('',#3824,#1832);
#1516=LINE('',#3826,#1833);
#1517=LINE('',#3828,#1834);
#1518=LINE('',#3830,#1835);
#1519=LINE('',#3832,#1836);
#1520=LINE('',#3834,#1837);
#1521=LINE('',#3836,#1838);
#1522=LINE('',#3838,#1839);
#1523=LINE('',#3840,#1840);
#1524=LINE('',#3842,#1841);
#1525=LINE('',#3843,#1842);
#1526=LINE('',#3845,#1843);
#1527=LINE('',#3848,#1844);
#1528=LINE('',#3850,#1845);
#1529=LINE('',#3852,#1846);
#1530=LINE('',#3854,#1847);
#1531=LINE('',#3856,#1848);
#1532=LINE('',#3858,#1849);
#1533=LINE('',#3860,#1850);
#1534=LINE('',#3862,#1851);
#1535=LINE('',#3864,#1852);
#1536=LINE('',#3866,#1853);
#1537=LINE('',#3867,#1854);
#1538=LINE('',#3869,#1855);
#1539=LINE('',#3872,#1856);
#1540=LINE('',#3874,#1857);
#1541=LINE('',#3876,#1858);
#1542=LINE('',#3878,#1859);
#1543=LINE('',#3880,#1860);
#1544=LINE('',#3882,#1861);
#1545=LINE('',#3884,#1862);
#1546=LINE('',#3886,#1863);
#1547=LINE('',#3888,#1864);
#1548=LINE('',#3890,#1865);
#1549=LINE('',#3891,#1866);
#1550=LINE('',#3893,#1867);
#1551=LINE('',#3896,#1868);
#1552=LINE('',#3898,#1869);
#1553=LINE('',#3900,#1870);
#1554=LINE('',#3909,#1871);
#1555=LINE('',#3914,#1872);
#1556=LINE('',#3917,#1873);
#1557=LINE('',#3922,#1874);
#1558=LINE('',#3925,#1875);
#1559=LINE('',#3930,#1876);
#1560=LINE('',#3933,#1877);
#1561=LINE('',#3936,#1878);
#1562=LINE('',#3938,#1879);
#1563=LINE('',#3940,#1880);
#1564=LINE('',#3941,#1881);
#1565=LINE('',#3944,#1882);
#1566=LINE('',#3946,#1883);
#1567=LINE('',#3950,#1884);
#1568=LINE('',#3954,#1885);
#1569=LINE('',#3958,#1886);
#1570=LINE('',#3962,#1887);
#1571=LINE('',#3964,#1888);
#1572=LINE('',#3966,#1889);
#1573=LINE('',#3967,#1890);
#1574=LINE('',#3981,#1891);
#1575=LINE('',#3982,#1892);
#1576=LINE('',#3984,#1893);
#1577=LINE('',#3986,#1894);
#1578=LINE('',#3988,#1895);
#1579=LINE('',#3990,#1896);
#1580=LINE('',#3992,#1897);
#1581=LINE('',#3994,#1898);
#1582=LINE('',#3997,#1899);
#1583=LINE('',#3998,#1900);
#1584=LINE('',#4000,#1901);
#1585=LINE('',#4002,#1902);
#1586=LINE('',#4005,#1903);
#1587=LINE('',#4006,#1904);
#1588=LINE('',#4008,#1905);
#1589=LINE('',#4010,#1906);
#1590=LINE('',#4013,#1907);
#1591=LINE('',#4014,#1908);
#1592=LINE('',#4016,#1909);
#1593=LINE('',#4018,#1910);
#1594=LINE('',#4021,#1911);
#1595=LINE('',#4022,#1912);
#1596=LINE('',#4024,#1913);
#1597=LINE('',#4026,#1914);
#1598=LINE('',#4029,#1915);
#1599=LINE('',#4030,#1916);
#1600=LINE('',#4032,#1917);
#1601=LINE('',#4034,#1918);
#1602=LINE('',#4037,#1919);
#1603=LINE('',#4039,#1920);
#1604=LINE('',#4041,#1921);
#1605=LINE('',#4043,#1922);
#1606=LINE('',#4045,#1923);
#1607=LINE('',#4047,#1924);
#1608=LINE('',#4049,#1925);
#1609=LINE('',#4051,#1926);
#1610=LINE('',#4053,#1927);
#1611=LINE('',#4055,#1928);
#1612=LINE('',#4057,#1929);
#1613=LINE('',#4059,#1930);
#1614=LINE('',#4061,#1931);
#1615=LINE('',#4063,#1932);
#1616=LINE('',#4065,#1933);
#1617=LINE('',#4067,#1934);
#1618=LINE('',#4069,#1935);
#1619=LINE('',#4090,#1936);
#1620=LINE('',#4091,#1937);
#1621=LINE('',#4095,#1938);
#1622=LINE('',#4097,#1939);
#1623=LINE('',#4099,#1940);
#1624=LINE('',#4101,#1941);
#1625=LINE('',#4103,#1942);
#1626=LINE('',#4105,#1943);
#1627=LINE('',#4107,#1944);
#1628=LINE('',#4109,#1945);
#1629=LINE('',#4112,#1946);
#1630=LINE('',#4114,#1947);
#1631=LINE('',#4116,#1948);
#1632=LINE('',#4118,#1949);
#1633=LINE('',#4120,#1950);
#1634=LINE('',#4122,#1951);
#1635=LINE('',#4124,#1952);
#1636=LINE('',#4126,#1953);
#1637=LINE('',#4129,#1954);
#1638=LINE('',#4131,#1955);
#1639=LINE('',#4133,#1956);
#1640=LINE('',#4135,#1957);
#1641=LINE('',#4137,#1958);
#1642=LINE('',#4139,#1959);
#1643=LINE('',#4141,#1960);
#1644=LINE('',#4143,#1961);
#1645=LINE('',#4146,#1962);
#1646=LINE('',#4148,#1963);
#1647=LINE('',#4150,#1964);
#1648=LINE('',#4152,#1965);
#1649=LINE('',#4154,#1966);
#1650=LINE('',#4156,#1967);
#1651=LINE('',#4158,#1968);
#1652=LINE('',#4160,#1969);
#1653=LINE('',#4163,#1970);
#1654=LINE('',#4165,#1971);
#1655=LINE('',#4167,#1972);
#1656=LINE('',#4169,#1973);
#1657=LINE('',#4171,#1974);
#1658=LINE('',#4173,#1975);
#1659=LINE('',#4175,#1976);
#1660=LINE('',#4177,#1977);
#1661=LINE('',#4180,#1978);
#1662=LINE('',#4182,#1979);
#1663=LINE('',#4184,#1980);
#1664=LINE('',#4186,#1981);
#1665=LINE('',#4188,#1982);
#1666=LINE('',#4190,#1983);
#1667=LINE('',#4192,#1984);
#1668=LINE('',#4194,#1985);
#1669=LINE('',#4197,#1986);
#1670=LINE('',#4199,#1987);
#1671=LINE('',#4201,#1988);
#1672=LINE('',#4203,#1989);
#1673=LINE('',#4205,#1990);
#1674=LINE('',#4207,#1991);
#1675=LINE('',#4209,#1992);
#1676=LINE('',#4211,#1993);
#1677=LINE('',#4214,#1994);
#1678=LINE('',#4216,#1995);
#1679=LINE('',#4218,#1996);
#1680=LINE('',#4220,#1997);
#1681=LINE('',#4222,#1998);
#1682=LINE('',#4224,#1999);
#1683=LINE('',#4226,#2000);
#1684=LINE('',#4228,#2001);
#1685=LINE('',#4231,#2002);
#1686=LINE('',#4233,#2003);
#1687=LINE('',#4235,#2004);
#1688=LINE('',#4237,#2005);
#1689=LINE('',#4239,#2006);
#1690=LINE('',#4241,#2007);
#1691=LINE('',#4243,#2008);
#1692=LINE('',#4245,#2009);
#1693=VECTOR('',#2847,1.);
#1694=VECTOR('',#2848,1.);
#1695=VECTOR('',#2849,1.);
#1696=VECTOR('',#2850,1.);
#1697=VECTOR('',#2851,1.);
#1698=VECTOR('',#2852,1.);
#1699=VECTOR('',#2853,1.);
#1700=VECTOR('',#2854,1.);
#1701=VECTOR('',#2855,1.);
#1702=VECTOR('',#2856,1.);
#1703=VECTOR('',#2857,1.);
#1704=VECTOR('',#2858,1.);
#1705=VECTOR('',#2859,1.);
#1706=VECTOR('',#2860,1.);
#1707=VECTOR('',#2861,1.);
#1708=VECTOR('',#2862,1.);
#1709=VECTOR('',#2865,1.);
#1710=VECTOR('',#2868,1.);
#1711=VECTOR('',#2871,1.);
#1712=VECTOR('',#2874,1.);
#1713=VECTOR('',#2883,1.);
#1714=VECTOR('',#2884,1.);
#1715=VECTOR('',#2887,1.);
#1716=VECTOR('',#2888,1.);
#1717=VECTOR('',#2889,1.);
#1718=VECTOR('',#2890,1.);
#1719=VECTOR('',#2891,1.);
#1720=VECTOR('',#2892,1.);
#1721=VECTOR('',#2895,1.);
#1722=VECTOR('',#2898,1.);
#1723=VECTOR('',#2901,1.);
#1724=VECTOR('',#2904,1.);
#1725=VECTOR('',#2907,1.);
#1726=VECTOR('',#2910,1.);
#1727=VECTOR('',#2911,1.);
#1728=VECTOR('',#2912,1.);
#1729=VECTOR('',#2913,1.);
#1730=VECTOR('',#2914,1.);
#1731=VECTOR('',#2915,1.);
#1732=VECTOR('',#2916,1.);
#1733=VECTOR('',#2917,1.);
#1734=VECTOR('',#2918,1.);
#1735=VECTOR('',#2919,1.);
#1736=VECTOR('',#2920,1.);
#1737=VECTOR('',#2921,1.);
#1738=VECTOR('',#2922,1.);
#1739=VECTOR('',#2923,1.);
#1740=VECTOR('',#2924,1.);
#1741=VECTOR('',#2925,1.);
#1742=VECTOR('',#2926,1.);
#1743=VECTOR('',#2927,1.);
#1744=VECTOR('',#2928,1.);
#1745=VECTOR('',#2929,1.);
#1746=VECTOR('',#2930,1.);
#1747=VECTOR('',#2931,1.);
#1748=VECTOR('',#2932,1.);
#1749=VECTOR('',#2933,1.);
#1750=VECTOR('',#2934,1.);
#1751=VECTOR('',#2935,1.);
#1752=VECTOR('',#2936,1.);
#1753=VECTOR('',#2937,1.);
#1754=VECTOR('',#2938,1.);
#1755=VECTOR('',#2939,1.);
#1756=VECTOR('',#2940,1.);
#1757=VECTOR('',#2941,1.);
#1758=VECTOR('',#2942,1.);
#1759=VECTOR('',#2945,1.);
#1760=VECTOR('',#2946,1.);
#1761=VECTOR('',#2947,1.);
#1762=VECTOR('',#2948,1.);
#1763=VECTOR('',#2951,1.);
#1764=VECTOR('',#2952,1.);
#1765=VECTOR('',#2953,1.);
#1766=VECTOR('',#2956,1.);
#1767=VECTOR('',#2957,1.);
#1768=VECTOR('',#2958,1.);
#1769=VECTOR('',#2961,1.);
#1770=VECTOR('',#2962,1.);
#1771=VECTOR('',#2965,1.);
#1772=VECTOR('',#2966,1.);
#1773=VECTOR('',#2967,1.);
#1774=VECTOR('',#2968,1.);
#1775=VECTOR('',#2971,1.);
#1776=VECTOR('',#2972,1.);
#1777=VECTOR('',#2973,1.);
#1778=VECTOR('',#2976,1.);
#1779=VECTOR('',#2977,1.);
#1780=VECTOR('',#2978,1.);
#1781=VECTOR('',#2981,1.);
#1782=VECTOR('',#2982,1.);
#1783=VECTOR('',#2985,1.);
#1784=VECTOR('',#2986,1.);
#1785=VECTOR('',#2987,1.);
#1786=VECTOR('',#2988,1.);
#1787=VECTOR('',#2991,1.);
#1788=VECTOR('',#2992,1.);
#1789=VECTOR('',#2993,1.);
#1790=VECTOR('',#2996,1.);
#1791=VECTOR('',#2997,1.);
#1792=VECTOR('',#2998,1.);
#1793=VECTOR('',#3001,1.);
#1794=VECTOR('',#3002,1.);
#1795=VECTOR('',#3005,1.);
#1796=VECTOR('',#3006,1.);
#1797=VECTOR('',#3007,1.);
#1798=VECTOR('',#3008,1.);
#1799=VECTOR('',#3011,1.);
#1800=VECTOR('',#3012,1.);
#1801=VECTOR('',#3013,1.);
#1802=VECTOR('',#3016,1.);
#1803=VECTOR('',#3017,1.);
#1804=VECTOR('',#3018,1.);
#1805=VECTOR('',#3021,1.);
#1806=VECTOR('',#3022,1.);
#1807=VECTOR('',#3025,1.);
#1808=VECTOR('',#3026,1.);
#1809=VECTOR('',#3027,1.);
#1810=VECTOR('',#3028,1.);
#1811=VECTOR('',#3031,1.);
#1812=VECTOR('',#3032,1.);
#1813=VECTOR('',#3033,1.);
#1814=VECTOR('',#3036,1.);
#1815=VECTOR('',#3037,1.);
#1816=VECTOR('',#3038,1.);
#1817=VECTOR('',#3041,1.);
#1818=VECTOR('',#3042,1.);
#1819=VECTOR('',#3045,1.);
#1820=VECTOR('',#3046,1.);
#1821=VECTOR('',#3047,1.);
#1822=VECTOR('',#3048,1.);
#1823=VECTOR('',#3051,1.);
#1824=VECTOR('',#3052,1.);
#1825=VECTOR('',#3053,1.);
#1826=VECTOR('',#3056,1.);
#1827=VECTOR('',#3057,1.);
#1828=VECTOR('',#3058,1.);
#1829=VECTOR('',#3061,1.);
#1830=VECTOR('',#3062,1.);
#1831=VECTOR('',#3065,1.);
#1832=VECTOR('',#3066,1.);
#1833=VECTOR('',#3067,1.);
#1834=VECTOR('',#3068,1.);
#1835=VECTOR('',#3071,1.);
#1836=VECTOR('',#3072,1.);
#1837=VECTOR('',#3073,1.);
#1838=VECTOR('',#3076,1.);
#1839=VECTOR('',#3077,1.);
#1840=VECTOR('',#3078,1.);
#1841=VECTOR('',#3081,1.);
#1842=VECTOR('',#3082,1.);
#1843=VECTOR('',#3085,1.);
#1844=VECTOR('',#3086,1.);
#1845=VECTOR('',#3087,1.);
#1846=VECTOR('',#3088,1.);
#1847=VECTOR('',#3091,1.);
#1848=VECTOR('',#3092,1.);
#1849=VECTOR('',#3093,1.);
#1850=VECTOR('',#3096,1.);
#1851=VECTOR('',#3097,1.);
#1852=VECTOR('',#3098,1.);
#1853=VECTOR('',#3101,1.);
#1854=VECTOR('',#3102,1.);
#1855=VECTOR('',#3105,1.);
#1856=VECTOR('',#3106,1.);
#1857=VECTOR('',#3107,1.);
#1858=VECTOR('',#3108,1.);
#1859=VECTOR('',#3111,1.);
#1860=VECTOR('',#3112,1.);
#1861=VECTOR('',#3113,1.);
#1862=VECTOR('',#3116,1.);
#1863=VECTOR('',#3117,1.);
#1864=VECTOR('',#3118,1.);
#1865=VECTOR('',#3121,1.);
#1866=VECTOR('',#3122,1.);
#1867=VECTOR('',#3125,1.);
#1868=VECTOR('',#3126,1.);
#1869=VECTOR('',#3127,1.);
#1870=VECTOR('',#3128,1.);
#1871=VECTOR('',#3137,1.);
#1872=VECTOR('',#3140,1.);
#1873=VECTOR('',#3143,1.);
#1874=VECTOR('',#3146,1.);
#1875=VECTOR('',#3149,1.);
#1876=VECTOR('',#3152,1.);
#1877=VECTOR('',#3155,1.);
#1878=VECTOR('',#3156,1.);
#1879=VECTOR('',#3157,1.);
#1880=VECTOR('',#3158,1.);
#1881=VECTOR('',#3159,1.);
#1882=VECTOR('',#3160,1.);
#1883=VECTOR('',#3161,1.);
#1884=VECTOR('',#3164,1.);
#1885=VECTOR('',#3167,1.);
#1886=VECTOR('',#3170,1.);
#1887=VECTOR('',#3173,1.);
#1888=VECTOR('',#3174,1.);
#1889=VECTOR('',#3177,1.);
#1890=VECTOR('',#3178,1.);
#1891=VECTOR('',#3197,1.);
#1892=VECTOR('',#3198,1.);
#1893=VECTOR('',#3201,1.);
#1894=VECTOR('',#3204,1.);
#1895=VECTOR('',#3207,1.);
#1896=VECTOR('',#3210,1.);
#1897=VECTOR('',#3213,1.);
#1898=VECTOR('',#3216,1.);
#1899=VECTOR('',#3221,1.);
#1900=VECTOR('',#3222,1.);
#1901=VECTOR('',#3225,1.);
#1902=VECTOR('',#3228,1.);
#1903=VECTOR('',#3233,1.);
#1904=VECTOR('',#3234,1.);
#1905=VECTOR('',#3237,1.);
#1906=VECTOR('',#3240,1.);
#1907=VECTOR('',#3245,1.);
#1908=VECTOR('',#3246,1.);
#1909=VECTOR('',#3249,1.);
#1910=VECTOR('',#3252,1.);
#1911=VECTOR('',#3257,1.);
#1912=VECTOR('',#3258,1.);
#1913=VECTOR('',#3261,1.);
#1914=VECTOR('',#3264,1.);
#1915=VECTOR('',#3269,1.);
#1916=VECTOR('',#3270,1.);
#1917=VECTOR('',#3273,1.);
#1918=VECTOR('',#3276,1.);
#1919=VECTOR('',#3281,1.);
#1920=VECTOR('',#3282,1.);
#1921=VECTOR('',#3283,1.);
#1922=VECTOR('',#3286,1.);
#1923=VECTOR('',#3287,1.);
#1924=VECTOR('',#3290,1.);
#1925=VECTOR('',#3291,1.);
#1926=VECTOR('',#3294,1.);
#1927=VECTOR('',#3295,1.);
#1928=VECTOR('',#3298,1.);
#1929=VECTOR('',#3299,1.);
#1930=VECTOR('',#3302,1.);
#1931=VECTOR('',#3303,1.);
#1932=VECTOR('',#3306,1.);
#1933=VECTOR('',#3307,1.);
#1934=VECTOR('',#3310,1.);
#1935=VECTOR('',#3311,1.);
#1936=VECTOR('',#3344,1.);
#1937=VECTOR('',#3345,1.);
#1938=VECTOR('',#3352,1.);
#1939=VECTOR('',#3353,1.);
#1940=VECTOR('',#3354,1.);
#1941=VECTOR('',#3357,1.);
#1942=VECTOR('',#3358,1.);
#1943=VECTOR('',#3361,1.);
#1944=VECTOR('',#3362,1.);
#1945=VECTOR('',#3365,1.);
#1946=VECTOR('',#3370,1.);
#1947=VECTOR('',#3371,1.);
#1948=VECTOR('',#3372,1.);
#1949=VECTOR('',#3375,1.);
#1950=VECTOR('',#3376,1.);
#1951=VECTOR('',#3379,1.);
#1952=VECTOR('',#3380,1.);
#1953=VECTOR('',#3383,1.);
#1954=VECTOR('',#3388,1.);
#1955=VECTOR('',#3389,1.);
#1956=VECTOR('',#3390,1.);
#1957=VECTOR('',#3393,1.);
#1958=VECTOR('',#3394,1.);
#1959=VECTOR('',#3397,1.);
#1960=VECTOR('',#3398,1.);
#1961=VECTOR('',#3401,1.);
#1962=VECTOR('',#3406,1.);
#1963=VECTOR('',#3407,1.);
#1964=VECTOR('',#3408,1.);
#1965=VECTOR('',#3411,1.);
#1966=VECTOR('',#3412,1.);
#1967=VECTOR('',#3415,1.);
#1968=VECTOR('',#3416,1.);
#1969=VECTOR('',#3419,1.);
#1970=VECTOR('',#3424,1.);
#1971=VECTOR('',#3425,1.);
#1972=VECTOR('',#3426,1.);
#1973=VECTOR('',#3429,1.);
#1974=VECTOR('',#3430,1.);
#1975=VECTOR('',#3433,1.);
#1976=VECTOR('',#3434,1.);
#1977=VECTOR('',#3437,1.);
#1978=VECTOR('',#3442,1.);
#1979=VECTOR('',#3443,1.);
#1980=VECTOR('',#3444,1.);
#1981=VECTOR('',#3447,1.);
#1982=VECTOR('',#3448,1.);
#1983=VECTOR('',#3451,1.);
#1984=VECTOR('',#3452,1.);
#1985=VECTOR('',#3455,1.);
#1986=VECTOR('',#3460,1.);
#1987=VECTOR('',#3461,1.);
#1988=VECTOR('',#3462,1.);
#1989=VECTOR('',#3465,1.);
#1990=VECTOR('',#3466,1.);
#1991=VECTOR('',#3469,1.);
#1992=VECTOR('',#3470,1.);
#1993=VECTOR('',#3473,1.);
#1994=VECTOR('',#3478,1.);
#1995=VECTOR('',#3479,1.);
#1996=VECTOR('',#3480,1.);
#1997=VECTOR('',#3483,1.);
#1998=VECTOR('',#3484,1.);
#1999=VECTOR('',#3487,1.);
#2000=VECTOR('',#3488,1.);
#2001=VECTOR('',#3491,1.);
#2002=VECTOR('',#3496,1.);
#2003=VECTOR('',#3497,1.);
#2004=VECTOR('',#3498,1.);
#2005=VECTOR('',#3501,1.);
#2006=VECTOR('',#3502,1.);
#2007=VECTOR('',#3505,1.);
#2008=VECTOR('',#3506,1.);
#2009=VECTOR('',#3509,1.);
#2010=EDGE_LOOP('',(#69,#70,#71,#72));
#2011=EDGE_LOOP('',(#73,#74,#75,#76));
#2012=EDGE_LOOP('',(#77,#78,#79,#80));
#2013=EDGE_LOOP('',(#81,#82,#83,#84,#85,#86,#87,#88,#89,#90,#91,#92));
#2014=EDGE_LOOP('',(#93));
#2015=EDGE_LOOP('',(#94));
#2016=EDGE_LOOP('',(#95));
#2017=EDGE_LOOP('',(#96));
#2018=EDGE_LOOP('',(#97,#98,#99,#100,#101,#102,#103,#104,#105));
#2019=EDGE_LOOP('',(#106,#107,#108,#109));
#2020=EDGE_LOOP('',(#110,#111,#112,#113));
#2021=EDGE_LOOP('',(#114,#115,#116,#117));
#2022=EDGE_LOOP('',(#118,#119,#120,#121));
#2023=EDGE_LOOP('',(#122,#123,#124,#125));
#2024=EDGE_LOOP('',(#126,#127,#128,#129));
#2025=EDGE_LOOP('',(#130,#131,#132,#133));
#2026=EDGE_LOOP('',(#134,#135,#136,#137));
#2027=EDGE_LOOP('',(#138,#139,#140,#141));
#2028=EDGE_LOOP('',(#142,#143,#144,#145));
#2029=EDGE_LOOP('',(#146,#147,#148,#149));
#2030=EDGE_LOOP('',(#150,#151,#152,#153));
#2031=EDGE_LOOP('',(#154,#155,#156,#157));
#2032=EDGE_LOOP('',(#158,#159,#160,#161));
#2033=EDGE_LOOP('',(#162,#163,#164,#165));
#2034=EDGE_LOOP('',(#166,#167,#168,#169));
#2035=EDGE_LOOP('',(#170,#171,#172,#173));
#2036=EDGE_LOOP('',(#174,#175,#176,#177));
#2037=EDGE_LOOP('',(#178,#179,#180,#181));
#2038=EDGE_LOOP('',(#182,#183,#184,#185));
#2039=EDGE_LOOP('',(#186,#187,#188,#189));
#2040=EDGE_LOOP('',(#190,#191,#192,#193));
#2041=EDGE_LOOP('',(#194,#195,#196,#197));
#2042=EDGE_LOOP('',(#198,#199,#200,#201));
#2043=EDGE_LOOP('',(#202,#203,#204,#205));
#2044=EDGE_LOOP('',(#206,#207,#208,#209));
#2045=EDGE_LOOP('',(#210,#211,#212,#213));
#2046=EDGE_LOOP('',(#214,#215,#216,#217));
#2047=EDGE_LOOP('',(#218,#219,#220,#221));
#2048=EDGE_LOOP('',(#222,#223,#224,#225));
#2049=EDGE_LOOP('',(#226,#227,#228,#229));
#2050=EDGE_LOOP('',(#230,#231,#232,#233));
#2051=EDGE_LOOP('',(#234,#235,#236,#237));
#2052=EDGE_LOOP('',(#238,#239,#240,#241));
#2053=EDGE_LOOP('',(#242,#243,#244,#245));
#2054=EDGE_LOOP('',(#246,#247,#248,#249));
#2055=EDGE_LOOP('',(#250,#251,#252,#253));
#2056=EDGE_LOOP('',(#254,#255,#256,#257));
#2057=EDGE_LOOP('',(#258,#259,#260,#261));
#2058=EDGE_LOOP('',(#262,#263,#264,#265));
#2059=EDGE_LOOP('',(#266,#267,#268,#269));
#2060=EDGE_LOOP('',(#270,#271,#272,#273));
#2061=EDGE_LOOP('',(#274,#275,#276,#277));
#2062=EDGE_LOOP('',(#278,#279,#280,#281));
#2063=EDGE_LOOP('',(#282,#283,#284,#285));
#2064=EDGE_LOOP('',(#286,#287,#288,#289));
#2065=EDGE_LOOP('',(#290,#291,#292,#293));
#2066=EDGE_LOOP('',(#294,#295,#296,#297));
#2067=EDGE_LOOP('',(#298,#299,#300,#301));
#2068=EDGE_LOOP('',(#302,#303,#304,#305));
#2069=EDGE_LOOP('',(#306,#307,#308,#309));
#2070=EDGE_LOOP('',(#310,#311,#312,#313));
#2071=EDGE_LOOP('',(#314));
#2072=EDGE_LOOP('',(#315));
#2073=EDGE_LOOP('',(#316));
#2074=EDGE_LOOP('',(#317));
#2075=EDGE_LOOP('',(#318,#319,#320,#321));
#2076=EDGE_LOOP('',(#322,#323,#324,#325));
#2077=EDGE_LOOP('',(#326,#327,#328,#329));
#2078=EDGE_LOOP('',(#330,#331,#332,#333));
#2079=EDGE_LOOP('',(#334,#335,#336,#337));
#2080=EDGE_LOOP('',(#338,#339,#340,#341));
#2081=EDGE_LOOP('',(#342,#343,#344,#345));
#2082=EDGE_LOOP('',(#346,#347,#348,#349));
#2083=EDGE_LOOP('',(#350,#351,#352,#353,#354,#355,#356,#357,#358,#359,#360,
#361));
#2084=EDGE_LOOP('',(#362,#363,#364,#365));
#2085=EDGE_LOOP('',(#366,#367,#368,#369));
#2086=EDGE_LOOP('',(#370));
#2087=EDGE_LOOP('',(#371));
#2088=EDGE_LOOP('',(#372));
#2089=EDGE_LOOP('',(#373));
#2090=EDGE_LOOP('',(#374));
#2091=EDGE_LOOP('',(#375));
#2092=EDGE_LOOP('',(#376));
#2093=EDGE_LOOP('',(#377));
#2094=EDGE_LOOP('',(#378,#379,#380,#381));
#2095=EDGE_LOOP('',(#382,#383,#384,#385));
#2096=EDGE_LOOP('',(#386,#387,#388,#389));
#2097=EDGE_LOOP('',(#390,#391,#392,#393));
#2098=EDGE_LOOP('',(#394,#395,#396,#397));
#2099=EDGE_LOOP('',(#398,#399,#400,#401));
#2100=EDGE_LOOP('',(#402,#403,#404,#405));
#2101=EDGE_LOOP('',(#406,#407,#408,#409));
#2102=EDGE_LOOP('',(#410,#411,#412,#413));
#2103=EDGE_LOOP('',(#414,#415,#416,#417));
#2104=EDGE_LOOP('',(#418,#419,#420,#421));
#2105=EDGE_LOOP('',(#422,#423,#424,#425));
#2106=EDGE_LOOP('',(#426,#427,#428,#429));
#2107=EDGE_LOOP('',(#430,#431,#432,#433));
#2108=EDGE_LOOP('',(#434,#435,#436,#437));
#2109=EDGE_LOOP('',(#438,#439,#440,#441));
#2110=EDGE_LOOP('',(#442,#443,#444,#445));
#2111=EDGE_LOOP('',(#446,#447,#448,#449));
#2112=EDGE_LOOP('',(#450,#451,#452,#453));
#2113=EDGE_LOOP('',(#454,#455,#456,#457));
#2114=EDGE_LOOP('',(#458,#459,#460,#461));
#2115=EDGE_LOOP('',(#462,#463,#464,#465));
#2116=EDGE_LOOP('',(#466,#467,#468,#469));
#2117=EDGE_LOOP('',(#470,#471,#472,#473));
#2118=EDGE_LOOP('',(#474,#475,#476,#477));
#2119=EDGE_LOOP('',(#478,#479,#480,#481));
#2120=EDGE_LOOP('',(#482,#483,#484,#485));
#2121=EDGE_LOOP('',(#486,#487,#488,#489));
#2122=EDGE_LOOP('',(#490,#491,#492,#493));
#2123=EDGE_LOOP('',(#494,#495,#496,#497));
#2124=EDGE_LOOP('',(#498,#499,#500,#501));
#2125=EDGE_LOOP('',(#502,#503,#504,#505));
#2126=EDGE_LOOP('',(#506,#507,#508,#509));
#2127=EDGE_LOOP('',(#510,#511,#512,#513));
#2128=EDGE_LOOP('',(#514,#515,#516,#517));
#2129=EDGE_LOOP('',(#518,#519,#520,#521));
#2130=EDGE_LOOP('',(#522,#523,#524,#525));
#2131=EDGE_LOOP('',(#526,#527,#528,#529,#530,#531,#532,#533,#534));
#2132=EDGE_LOOP('',(#535));
#2133=EDGE_LOOP('',(#536));
#2134=EDGE_LOOP('',(#537));
#2135=EDGE_LOOP('',(#538));
#2136=EDGE_LOOP('',(#539));
#2137=EDGE_LOOP('',(#540));
#2138=EDGE_LOOP('',(#541));
#2139=EDGE_LOOP('',(#542));
#2140=EDGE_LOOP('',(#543));
#2141=EDGE_LOOP('',(#544));
#2142=EDGE_LOOP('',(#545));
#2143=EDGE_LOOP('',(#546));
#2144=EDGE_LOOP('',(#547));
#2145=EDGE_LOOP('',(#548));
#2146=EDGE_LOOP('',(#549));
#2147=EDGE_LOOP('',(#550));
#2148=EDGE_LOOP('',(#551,#552,#553,#554));
#2149=EDGE_LOOP('',(#555,#556,#557,#558));
#2150=EDGE_LOOP('',(#559,#560,#561,#562));
#2151=EDGE_LOOP('',(#563,#564,#565,#566));
#2152=EDGE_LOOP('',(#567,#568,#569,#570));
#2153=EDGE_LOOP('',(#571,#572,#573,#574));
#2154=EDGE_LOOP('',(#575,#576,#577,#578));
#2155=EDGE_LOOP('',(#579,#580,#581,#582));
#2156=EDGE_LOOP('',(#583,#584,#585,#586));
#2157=EDGE_LOOP('',(#587,#588,#589,#590));
#2158=EDGE_LOOP('',(#591,#592,#593,#594));
#2159=EDGE_LOOP('',(#595,#596,#597,#598));
#2160=EDGE_LOOP('',(#599,#600,#601,#602));
#2161=EDGE_LOOP('',(#603,#604,#605,#606));
#2162=EDGE_LOOP('',(#607,#608,#609,#610));
#2163=EDGE_LOOP('',(#611,#612,#613,#614));
#2164=EDGE_LOOP('',(#615,#616,#617,#618));
#2165=EDGE_LOOP('',(#619,#620,#621,#622));
#2166=EDGE_LOOP('',(#623,#624,#625,#626));
#2167=EDGE_LOOP('',(#627,#628,#629,#630));
#2168=EDGE_LOOP('',(#631,#632,#633,#634));
#2169=EDGE_LOOP('',(#635,#636,#637,#638));
#2170=EDGE_LOOP('',(#639,#640,#641,#642));
#2171=EDGE_LOOP('',(#643,#644,#645,#646));
#2172=EDGE_LOOP('',(#647,#648,#649,#650));
#2173=EDGE_LOOP('',(#651,#652,#653,#654));
#2174=EDGE_LOOP('',(#655,#656,#657,#658));
#2175=EDGE_LOOP('',(#659,#660,#661,#662));
#2176=EDGE_LOOP('',(#663,#664,#665,#666));
#2177=EDGE_LOOP('',(#667,#668,#669,#670));
#2178=EDGE_LOOP('',(#671,#672,#673,#674));
#2179=EDGE_LOOP('',(#675,#676,#677,#678));
#2180=EDGE_LOOP('',(#679,#680,#681,#682));
#2181=EDGE_LOOP('',(#683,#684,#685,#686));
#2182=EDGE_LOOP('',(#687,#688,#689,#690));
#2183=EDGE_LOOP('',(#691,#692,#693,#694));
#2184=EDGE_LOOP('',(#695,#696,#697,#698));
#2185=EDGE_LOOP('',(#699,#700,#701,#702));
#2186=EDGE_LOOP('',(#703,#704,#705,#706));
#2187=EDGE_LOOP('',(#707,#708,#709,#710));
#2188=EDGE_LOOP('',(#711,#712,#713,#714));
#2189=EDGE_LOOP('',(#715,#716,#717,#718));
#2190=EDGE_LOOP('',(#719,#720,#721,#722));
#2191=EDGE_LOOP('',(#723,#724,#725,#726));
#2192=EDGE_LOOP('',(#727,#728,#729,#730));
#2193=EDGE_LOOP('',(#731,#732,#733,#734));
#2194=EDGE_LOOP('',(#735,#736,#737,#738));
#2195=EDGE_LOOP('',(#739,#740,#741,#742));
#2196=EDGE_LOOP('',(#743,#744,#745,#746));
#2197=EDGE_LOOP('',(#747,#748,#749,#750));
#2198=EDGE_LOOP('',(#751,#752,#753,#754));
#2199=EDGE_LOOP('',(#755,#756,#757,#758));
#2200=EDGE_LOOP('',(#759,#760,#761,#762));
#2201=EDGE_LOOP('',(#763,#764,#765,#766));
#2202=EDGE_LOOP('',(#767,#768,#769,#770));
#2203=EDGE_LOOP('',(#771,#772,#773,#774));
#2204=EDGE_LOOP('',(#775,#776,#777,#778));
#2205=FACE_BOUND('',#2010,.T.);
#2206=FACE_BOUND('',#2011,.T.);
#2207=FACE_BOUND('',#2012,.T.);
#2208=FACE_BOUND('',#2013,.T.);
#2209=FACE_BOUND('',#2014,.T.);
#2210=FACE_BOUND('',#2015,.T.);
#2211=FACE_BOUND('',#2016,.T.);
#2212=FACE_BOUND('',#2017,.T.);
#2213=FACE_BOUND('',#2018,.T.);
#2214=FACE_BOUND('',#2019,.T.);
#2215=FACE_BOUND('',#2020,.T.);
#2216=FACE_BOUND('',#2021,.T.);
#2217=FACE_BOUND('',#2022,.T.);
#2218=FACE_BOUND('',#2023,.T.);
#2219=FACE_BOUND('',#2024,.T.);
#2220=FACE_BOUND('',#2025,.T.);
#2221=FACE_BOUND('',#2026,.T.);
#2222=FACE_BOUND('',#2027,.T.);
#2223=FACE_BOUND('',#2028,.T.);
#2224=FACE_BOUND('',#2029,.T.);
#2225=FACE_BOUND('',#2030,.T.);
#2226=FACE_BOUND('',#2031,.T.);
#2227=FACE_BOUND('',#2032,.T.);
#2228=FACE_BOUND('',#2033,.T.);
#2229=FACE_BOUND('',#2034,.T.);
#2230=FACE_BOUND('',#2035,.T.);
#2231=FACE_BOUND('',#2036,.T.);
#2232=FACE_BOUND('',#2037,.T.);
#2233=FACE_BOUND('',#2038,.T.);
#2234=FACE_BOUND('',#2039,.T.);
#2235=FACE_BOUND('',#2040,.T.);
#2236=FACE_BOUND('',#2041,.T.);
#2237=FACE_BOUND('',#2042,.T.);
#2238=FACE_BOUND('',#2043,.T.);
#2239=FACE_BOUND('',#2044,.T.);
#2240=FACE_BOUND('',#2045,.T.);
#2241=FACE_BOUND('',#2046,.T.);
#2242=FACE_BOUND('',#2047,.T.);
#2243=FACE_BOUND('',#2048,.T.);
#2244=FACE_BOUND('',#2049,.T.);
#2245=FACE_BOUND('',#2050,.T.);
#2246=FACE_BOUND('',#2051,.T.);
#2247=FACE_BOUND('',#2052,.T.);
#2248=FACE_BOUND('',#2053,.T.);
#2249=FACE_BOUND('',#2054,.T.);
#2250=FACE_BOUND('',#2055,.T.);
#2251=FACE_BOUND('',#2056,.T.);
#2252=FACE_BOUND('',#2057,.T.);
#2253=FACE_BOUND('',#2058,.T.);
#2254=FACE_BOUND('',#2059,.T.);
#2255=FACE_BOUND('',#2060,.T.);
#2256=FACE_BOUND('',#2061,.T.);
#2257=FACE_BOUND('',#2062,.T.);
#2258=FACE_BOUND('',#2063,.T.);
#2259=FACE_BOUND('',#2064,.T.);
#2260=FACE_BOUND('',#2065,.T.);
#2261=FACE_BOUND('',#2066,.T.);
#2262=FACE_BOUND('',#2067,.T.);
#2263=FACE_BOUND('',#2068,.T.);
#2264=FACE_BOUND('',#2069,.T.);
#2265=FACE_BOUND('',#2070,.T.);
#2266=FACE_BOUND('',#2071,.T.);
#2267=FACE_BOUND('',#2072,.T.);
#2268=FACE_BOUND('',#2073,.T.);
#2269=FACE_BOUND('',#2074,.T.);
#2270=FACE_BOUND('',#2075,.T.);
#2271=FACE_BOUND('',#2076,.T.);
#2272=FACE_BOUND('',#2077,.T.);
#2273=FACE_BOUND('',#2078,.T.);
#2274=FACE_BOUND('',#2079,.T.);
#2275=FACE_BOUND('',#2080,.T.);
#2276=FACE_BOUND('',#2081,.T.);
#2277=FACE_BOUND('',#2082,.T.);
#2278=FACE_BOUND('',#2083,.T.);
#2279=FACE_BOUND('',#2084,.T.);
#2280=FACE_BOUND('',#2085,.T.);
#2281=FACE_BOUND('',#2086,.T.);
#2282=FACE_BOUND('',#2087,.T.);
#2283=FACE_BOUND('',#2088,.T.);
#2284=FACE_BOUND('',#2089,.T.);
#2285=FACE_BOUND('',#2090,.T.);
#2286=FACE_BOUND('',#2091,.T.);
#2287=FACE_BOUND('',#2092,.T.);
#2288=FACE_BOUND('',#2093,.T.);
#2289=FACE_BOUND('',#2094,.T.);
#2290=FACE_BOUND('',#2095,.T.);
#2291=FACE_BOUND('',#2096,.T.);
#2292=FACE_BOUND('',#2097,.T.);
#2293=FACE_BOUND('',#2098,.T.);
#2294=FACE_BOUND('',#2099,.T.);
#2295=FACE_BOUND('',#2100,.T.);
#2296=FACE_BOUND('',#2101,.T.);
#2297=FACE_BOUND('',#2102,.T.);
#2298=FACE_BOUND('',#2103,.T.);
#2299=FACE_BOUND('',#2104,.T.);
#2300=FACE_BOUND('',#2105,.T.);
#2301=FACE_BOUND('',#2106,.T.);
#2302=FACE_BOUND('',#2107,.T.);
#2303=FACE_BOUND('',#2108,.T.);
#2304=FACE_BOUND('',#2109,.T.);
#2305=FACE_BOUND('',#2110,.T.);
#2306=FACE_BOUND('',#2111,.T.);
#2307=FACE_BOUND('',#2112,.T.);
#2308=FACE_BOUND('',#2113,.T.);
#2309=FACE_BOUND('',#2114,.T.);
#2310=FACE_BOUND('',#2115,.T.);
#2311=FACE_BOUND('',#2116,.T.);
#2312=FACE_BOUND('',#2117,.T.);
#2313=FACE_BOUND('',#2118,.T.);
#2314=FACE_BOUND('',#2119,.T.);
#2315=FACE_BOUND('',#2120,.T.);
#2316=FACE_BOUND('',#2121,.T.);
#2317=FACE_BOUND('',#2122,.T.);
#2318=FACE_BOUND('',#2123,.T.);
#2319=FACE_BOUND('',#2124,.T.);
#2320=FACE_BOUND('',#2125,.T.);
#2321=FACE_BOUND('',#2126,.T.);
#2322=FACE_BOUND('',#2127,.T.);
#2323=FACE_BOUND('',#2128,.T.);
#2324=FACE_BOUND('',#2129,.T.);
#2325=FACE_BOUND('',#2130,.T.);
#2326=FACE_BOUND('',#2131,.T.);
#2327=FACE_BOUND('',#2132,.T.);
#2328=FACE_BOUND('',#2133,.T.);
#2329=FACE_BOUND('',#2134,.T.);
#2330=FACE_BOUND('',#2135,.T.);
#2331=FACE_BOUND('',#2136,.T.);
#2332=FACE_BOUND('',#2137,.T.);
#2333=FACE_BOUND('',#2138,.T.);
#2334=FACE_BOUND('',#2139,.T.);
#2335=FACE_BOUND('',#2140,.T.);
#2336=FACE_BOUND('',#2141,.T.);
#2337=FACE_BOUND('',#2142,.T.);
#2338=FACE_BOUND('',#2143,.T.);
#2339=FACE_BOUND('',#2144,.T.);
#2340=FACE_BOUND('',#2145,.T.);
#2341=FACE_BOUND('',#2146,.T.);
#2342=FACE_BOUND('',#2147,.T.);
#2343=FACE_BOUND('',#2148,.T.);
#2344=FACE_BOUND('',#2149,.T.);
#2345=FACE_BOUND('',#2150,.T.);
#2346=FACE_BOUND('',#2151,.T.);
#2347=FACE_BOUND('',#2152,.T.);
#2348=FACE_BOUND('',#2153,.T.);
#2349=FACE_BOUND('',#2154,.T.);
#2350=FACE_BOUND('',#2155,.T.);
#2351=FACE_BOUND('',#2156,.T.);
#2352=FACE_BOUND('',#2157,.T.);
#2353=FACE_BOUND('',#2158,.T.);
#2354=FACE_BOUND('',#2159,.T.);
#2355=FACE_BOUND('',#2160,.T.);
#2356=FACE_BOUND('',#2161,.T.);
#2357=FACE_BOUND('',#2162,.T.);
#2358=FACE_BOUND('',#2163,.T.);
#2359=FACE_BOUND('',#2164,.T.);
#2360=FACE_BOUND('',#2165,.T.);
#2361=FACE_BOUND('',#2166,.T.);
#2362=FACE_BOUND('',#2167,.T.);
#2363=FACE_BOUND('',#2168,.T.);
#2364=FACE_BOUND('',#2169,.T.);
#2365=FACE_BOUND('',#2170,.T.);
#2366=FACE_BOUND('',#2171,.T.);
#2367=FACE_BOUND('',#2172,.T.);
#2368=FACE_BOUND('',#2173,.T.);
#2369=FACE_BOUND('',#2174,.T.);
#2370=FACE_BOUND('',#2175,.T.);
#2371=FACE_BOUND('',#2176,.T.);
#2372=FACE_BOUND('',#2177,.T.);
#2373=FACE_BOUND('',#2178,.T.);
#2374=FACE_BOUND('',#2179,.T.);
#2375=FACE_BOUND('',#2180,.T.);
#2376=FACE_BOUND('',#2181,.T.);
#2377=FACE_BOUND('',#2182,.T.);
#2378=FACE_BOUND('',#2183,.T.);
#2379=FACE_BOUND('',#2184,.T.);
#2380=FACE_BOUND('',#2185,.T.);
#2381=FACE_BOUND('',#2186,.T.);
#2382=FACE_BOUND('',#2187,.T.);
#2383=FACE_BOUND('',#2188,.T.);
#2384=FACE_BOUND('',#2189,.T.);
#2385=FACE_BOUND('',#2190,.T.);
#2386=FACE_BOUND('',#2191,.T.);
#2387=FACE_BOUND('',#2192,.T.);
#2388=FACE_BOUND('',#2193,.T.);
#2389=FACE_BOUND('',#2194,.T.);
#2390=FACE_BOUND('',#2195,.T.);
#2391=FACE_BOUND('',#2196,.T.);
#2392=FACE_BOUND('',#2197,.T.);
#2393=FACE_BOUND('',#2198,.T.);
#2394=FACE_BOUND('',#2199,.T.);
#2395=FACE_BOUND('',#2200,.T.);
#2396=FACE_BOUND('',#2201,.T.);
#2397=FACE_BOUND('',#2202,.T.);
#2398=FACE_BOUND('',#2203,.T.);
#2399=FACE_BOUND('',#2204,.T.);
#2400=PLANE('',#2668);
#2401=PLANE('',#2684);
#2402=PLANE('',#2685);
#2403=PLANE('',#2686);
#2404=PLANE('',#2687);
#2405=PLANE('',#2688);
#2406=PLANE('',#2689);
#2407=PLANE('',#2690);
#2408=PLANE('',#2691);
#2409=PLANE('',#2692);
#2410=PLANE('',#2693);
#2411=PLANE('',#2694);
#2412=PLANE('',#2695);
#2413=PLANE('',#2696);
#2414=PLANE('',#2697);
#2415=PLANE('',#2698);
#2416=PLANE('',#2699);
#2417=PLANE('',#2700);
#2418=PLANE('',#2701);
#2419=PLANE('',#2702);
#2420=PLANE('',#2703);
#2421=PLANE('',#2704);
#2422=PLANE('',#2705);
#2423=PLANE('',#2706);
#2424=PLANE('',#2707);
#2425=PLANE('',#2708);
#2426=PLANE('',#2709);
#2427=PLANE('',#2710);
#2428=PLANE('',#2711);
#2429=PLANE('',#2712);
#2430=PLANE('',#2713);
#2431=PLANE('',#2714);
#2432=PLANE('',#2715);
#2433=PLANE('',#2716);
#2434=PLANE('',#2717);
#2435=PLANE('',#2718);
#2436=PLANE('',#2719);
#2437=PLANE('',#2720);
#2438=PLANE('',#2735);
#2439=PLANE('',#2744);
#2440=PLANE('',#2746);
#2441=PLANE('',#2748);
#2442=PLANE('',#2750);
#2443=PLANE('',#2753);
#2444=PLANE('',#2755);
#2445=PLANE('',#2757);
#2446=PLANE('',#2759);
#2447=PLANE('',#2761);
#2448=PLANE('',#2763);
#2449=PLANE('',#2764);
#2450=PLANE('',#2765);
#2451=PLANE('',#2766);
#2452=PLANE('',#2767);
#2453=PLANE('',#2768);
#2454=PLANE('',#2769);
#2455=PLANE('',#2770);
#2456=PLANE('',#2771);
#2457=PLANE('',#2772);
#2458=PLANE('',#2773);
#2459=PLANE('',#2774);
#2460=PLANE('',#2775);
#2461=PLANE('',#2776);
#2462=PLANE('',#2777);
#2463=PLANE('',#2778);
#2464=PLANE('',#2779);
#2465=PLANE('',#2782);
#2466=PLANE('',#2785);
#2467=PLANE('',#2788);
#2468=PLANE('',#2791);
#2469=PLANE('',#2794);
#2470=PLANE('',#2795);
#2471=PLANE('',#2796);
#2472=PLANE('',#2797);
#2473=PLANE('',#2798);
#2474=PLANE('',#2799);
#2475=PLANE('',#2800);
#2476=PLANE('',#2801);
#2477=PLANE('',#2802);
#2478=PLANE('',#2803);
#2479=PLANE('',#2804);
#2480=PLANE('',#2805);
#2481=PLANE('',#2806);
#2482=PLANE('',#2807);
#2483=PLANE('',#2808);
#2484=PLANE('',#2809);
#2485=PLANE('',#2810);
#2486=PLANE('',#2811);
#2487=PLANE('',#2812);
#2488=PLANE('',#2813);
#2489=PLANE('',#2814);
#2490=PLANE('',#2815);
#2491=PLANE('',#2816);
#2492=PLANE('',#2817);
#2493=PLANE('',#2818);
#2494=PLANE('',#2819);
#2495=PLANE('',#2820);
#2496=PLANE('',#2821);
#2497=PLANE('',#2822);
#2498=PLANE('',#2823);
#2499=PLANE('',#2824);
#2500=PLANE('',#2825);
#2501=PLANE('',#2826);
#2502=PLANE('',#2827);
#2503=PLANE('',#2828);
#2504=PLANE('',#2829);
#2505=PLANE('',#2830);
#2506=PLANE('',#2831);
#2507=PLANE('',#2832);
#2508=PLANE('',#2833);
#2509=PLANE('',#2834);
#2510=PLANE('',#2835);
#2511=PLANE('',#2836);
#2512=PLANE('',#2837);
#2513=PLANE('',#2838);
#2514=PLANE('',#2839);
#2515=PLANE('',#2840);
#2516=PLANE('',#2841);
#2517=PLANE('',#2842);
#2518=ADVANCED_FACE('',(#2205,#2206,#2207,#2208,#2209,#2210,#2211,#2212,
#2213,#2214,#2215,#2216,#2217,#2218,#2219,#2220,#2221,#2222,#2223,#2224),
#2400,.T.);
#2519=ADVANCED_FACE('',(#2225),#2401,.T.);
#2520=ADVANCED_FACE('',(#2226),#2402,.F.);
#2521=ADVANCED_FACE('',(#2227),#2403,.F.);
#2522=ADVANCED_FACE('',(#2228),#2404,.T.);
#2523=ADVANCED_FACE('',(#2229),#2405,.T.);
#2524=ADVANCED_FACE('',(#2230),#2406,.F.);
#2525=ADVANCED_FACE('',(#2231),#2407,.F.);
#2526=ADVANCED_FACE('',(#2232),#2408,.T.);
#2527=ADVANCED_FACE('',(#2233),#2409,.T.);
#2528=ADVANCED_FACE('',(#2234),#2410,.F.);
#2529=ADVANCED_FACE('',(#2235),#2411,.F.);
#2530=ADVANCED_FACE('',(#2236),#2412,.T.);
#2531=ADVANCED_FACE('',(#2237),#2413,.T.);
#2532=ADVANCED_FACE('',(#2238),#2414,.F.);
#2533=ADVANCED_FACE('',(#2239),#2415,.F.);
#2534=ADVANCED_FACE('',(#2240),#2416,.T.);
#2535=ADVANCED_FACE('',(#2241),#2417,.T.);
#2536=ADVANCED_FACE('',(#2242),#2418,.F.);
#2537=ADVANCED_FACE('',(#2243),#2419,.F.);
#2538=ADVANCED_FACE('',(#2244),#2420,.T.);
#2539=ADVANCED_FACE('',(#2245),#2421,.T.);
#2540=ADVANCED_FACE('',(#2246),#2422,.F.);
#2541=ADVANCED_FACE('',(#2247),#2423,.F.);
#2542=ADVANCED_FACE('',(#2248),#2424,.T.);
#2543=ADVANCED_FACE('',(#2249),#2425,.T.);
#2544=ADVANCED_FACE('',(#2250),#2426,.F.);
#2545=ADVANCED_FACE('',(#2251),#2427,.F.);
#2546=ADVANCED_FACE('',(#2252),#2428,.T.);
#2547=ADVANCED_FACE('',(#2253),#2429,.T.);
#2548=ADVANCED_FACE('',(#2254),#2430,.F.);
#2549=ADVANCED_FACE('',(#2255),#2431,.F.);
#2550=ADVANCED_FACE('',(#2256),#2432,.T.);
#2551=ADVANCED_FACE('',(#2257),#2433,.T.);
#2552=ADVANCED_FACE('',(#2258),#2434,.F.);
#2553=ADVANCED_FACE('',(#2259),#2435,.F.);
#2554=ADVANCED_FACE('',(#2260),#2436,.T.);
#2555=ADVANCED_FACE('',(#2261,#2262,#2263,#2264,#2265,#2266,#2267,#2268,
#2269,#2270,#2271,#2272,#2273,#2274,#2275,#2276,#2277,#2278,#2279),#2437,
 .F.);
#2556=ADVANCED_FACE('',(#2280),#2438,.T.);
#2557=ADVANCED_FACE('',(#2281,#2282),#12,.F.);
#2558=ADVANCED_FACE('',(#2283,#2284),#13,.F.);
#2559=ADVANCED_FACE('',(#2285,#2286),#14,.F.);
#2560=ADVANCED_FACE('',(#2287,#2288),#15,.F.);
#2561=ADVANCED_FACE('',(#2289),#2439,.T.);
#2562=ADVANCED_FACE('',(#2290),#16,.T.);
#2563=ADVANCED_FACE('',(#2291),#2440,.F.);
#2564=ADVANCED_FACE('',(#2292),#17,.T.);
#2565=ADVANCED_FACE('',(#2293),#2441,.F.);
#2566=ADVANCED_FACE('',(#2294),#18,.T.);
#2567=ADVANCED_FACE('',(#2295),#2442,.T.);
#2568=ADVANCED_FACE('',(#2296),#19,.T.);
#2569=ADVANCED_FACE('',(#2297),#20,.F.);
#2570=ADVANCED_FACE('',(#2298),#2443,.F.);
#2571=ADVANCED_FACE('',(#2299),#21,.F.);
#2572=ADVANCED_FACE('',(#2300),#2444,.T.);
#2573=ADVANCED_FACE('',(#2301),#22,.F.);
#2574=ADVANCED_FACE('',(#2302),#2445,.T.);
#2575=ADVANCED_FACE('',(#2303),#23,.F.);
#2576=ADVANCED_FACE('',(#2304),#2446,.F.);
#2577=ADVANCED_FACE('',(#2305),#24,.F.);
#2578=ADVANCED_FACE('',(#2306),#2447,.F.);
#2579=ADVANCED_FACE('',(#2307),#25,.F.);
#2580=ADVANCED_FACE('',(#2308),#2448,.T.);
#2581=ADVANCED_FACE('',(#2309),#2449,.T.);
#2582=ADVANCED_FACE('',(#2310),#2450,.F.);
#2583=ADVANCED_FACE('',(#2311),#2451,.F.);
#2584=ADVANCED_FACE('',(#2312),#2452,.T.);
#2585=ADVANCED_FACE('',(#2313),#2453,.T.);
#2586=ADVANCED_FACE('',(#2314),#2454,.F.);
#2587=ADVANCED_FACE('',(#2315),#2455,.F.);
#2588=ADVANCED_FACE('',(#2316),#2456,.T.);
#2589=ADVANCED_FACE('',(#2317),#2457,.F.);
#2590=ADVANCED_FACE('',(#2318),#2458,.F.);
#2591=ADVANCED_FACE('',(#2319),#2459,.F.);
#2592=ADVANCED_FACE('',(#2320),#2460,.F.);
#2593=ADVANCED_FACE('',(#2321),#2461,.F.);
#2594=ADVANCED_FACE('',(#2322),#2462,.F.);
#2595=ADVANCED_FACE('',(#2323),#2463,.F.);
#2596=ADVANCED_FACE('',(#2324),#2464,.F.);
#2597=ADVANCED_FACE('',(#2325),#26,.F.);
#2598=ADVANCED_FACE('',(#2326),#2465,.T.);
#2599=ADVANCED_FACE('',(#2327,#2328),#27,.F.);
#2600=ADVANCED_FACE('',(#2329,#2330),#2466,.T.);
#2601=ADVANCED_FACE('',(#2331,#2332),#28,.F.);
#2602=ADVANCED_FACE('',(#2333,#2334),#2467,.T.);
#2603=ADVANCED_FACE('',(#2335,#2336),#29,.F.);
#2604=ADVANCED_FACE('',(#2337,#2338),#2468,.T.);
#2605=ADVANCED_FACE('',(#2339,#2340),#30,.F.);
#2606=ADVANCED_FACE('',(#2341,#2342),#2469,.T.);
#2607=ADVANCED_FACE('',(#2343),#2470,.T.);
#2608=ADVANCED_FACE('',(#2344),#2471,.F.);
#2609=ADVANCED_FACE('',(#2345),#2472,.T.);
#2610=ADVANCED_FACE('',(#2346),#2473,.F.);
#2611=ADVANCED_FACE('',(#2347),#2474,.F.);
#2612=ADVANCED_FACE('',(#2348),#2475,.T.);
#2613=ADVANCED_FACE('',(#2349),#2476,.T.);
#2614=ADVANCED_FACE('',(#2350,#2351),#2477,.T.);
#2615=ADVANCED_FACE('',(#2352),#2478,.T.);
#2616=ADVANCED_FACE('',(#2353),#2479,.T.);
#2617=ADVANCED_FACE('',(#2354),#2480,.F.);
#2618=ADVANCED_FACE('',(#2355),#2481,.F.);
#2619=ADVANCED_FACE('',(#2356,#2357),#2482,.T.);
#2620=ADVANCED_FACE('',(#2358),#2483,.F.);
#2621=ADVANCED_FACE('',(#2359),#2484,.F.);
#2622=ADVANCED_FACE('',(#2360),#2485,.T.);
#2623=ADVANCED_FACE('',(#2361),#2486,.T.);
#2624=ADVANCED_FACE('',(#2362,#2363),#2487,.T.);
#2625=ADVANCED_FACE('',(#2364),#2488,.F.);
#2626=ADVANCED_FACE('',(#2365),#2489,.F.);
#2627=ADVANCED_FACE('',(#2366),#2490,.T.);
#2628=ADVANCED_FACE('',(#2367),#2491,.T.);
#2629=ADVANCED_FACE('',(#2368,#2369),#2492,.T.);
#2630=ADVANCED_FACE('',(#2370),#2493,.F.);
#2631=ADVANCED_FACE('',(#2371),#2494,.F.);
#2632=ADVANCED_FACE('',(#2372),#2495,.T.);
#2633=ADVANCED_FACE('',(#2373),#2496,.T.);
#2634=ADVANCED_FACE('',(#2374,#2375),#2497,.T.);
#2635=ADVANCED_FACE('',(#2376),#2498,.F.);
#2636=ADVANCED_FACE('',(#2377),#2499,.F.);
#2637=ADVANCED_FACE('',(#2378),#2500,.T.);
#2638=ADVANCED_FACE('',(#2379),#2501,.T.);
#2639=ADVANCED_FACE('',(#2380,#2381),#2502,.T.);
#2640=ADVANCED_FACE('',(#2382),#2503,.F.);
#2641=ADVANCED_FACE('',(#2383),#2504,.F.);
#2642=ADVANCED_FACE('',(#2384),#2505,.T.);
#2643=ADVANCED_FACE('',(#2385),#2506,.T.);
#2644=ADVANCED_FACE('',(#2386,#2387),#2507,.T.);
#2645=ADVANCED_FACE('',(#2388),#2508,.T.);
#2646=ADVANCED_FACE('',(#2389),#2509,.F.);
#2647=ADVANCED_FACE('',(#2390),#2510,.F.);
#2648=ADVANCED_FACE('',(#2391),#2511,.T.);
#2649=ADVANCED_FACE('',(#2392,#2393),#2512,.T.);
#2650=ADVANCED_FACE('',(#2394),#2513,.F.);
#2651=ADVANCED_FACE('',(#2395),#2514,.F.);
#2652=ADVANCED_FACE('',(#2396),#2515,.T.);
#2653=ADVANCED_FACE('',(#2397),#2516,.T.);
#2654=ADVANCED_FACE('',(#2398,#2399),#2517,.T.);
#2655=CLOSED_SHELL('',(#2518,#2519,#2520,#2521,#2522,#2523,#2524,#2525,
#2526,#2527,#2528,#2529,#2530,#2531,#2532,#2533,#2534,#2535,#2536,#2537,
#2538,#2539,#2540,#2541,#2542,#2543,#2544,#2545,#2546,#2547,#2548,#2549,
#2550,#2551,#2552,#2553,#2554,#2555,#2556,#2557,#2558,#2559,#2560,#2561,
#2562,#2563,#2564,#2565,#2566,#2567,#2568,#2569,#2570,#2571,#2572,#2573,
#2574,#2575,#2576,#2577,#2578,#2579,#2580,#2581,#2582,#2583,#2584,#2585,
#2586,#2587,#2588,#2589,#2590,#2591,#2592,#2593,#2594,#2595,#2596,#2597,
#2598,#2599,#2600,#2601,#2602,#2603,#2604,#2605,#2606,#2607,#2608,#2609,
#2610,#2611,#2612,#2613,#2614,#2615,#2616,#2617,#2618,#2619,#2620,#2621,
#2622,#2623,#2624,#2625,#2626,#2627,#2628,#2629,#2630,#2631,#2632,#2633,
#2634,#2635,#2636,#2637,#2638,#2639,#2640,#2641,#2642,#2643,#2644,#2645,
#2646,#2647,#2648,#2649,#2650,#2651,#2652,#2653,#2654));
#2656=STYLED_ITEM('',(#2657),#2664);
#2657=PRESENTATION_STYLE_ASSIGNMENT((#2658));
#2658=SURFACE_STYLE_USAGE(.BOTH.,#2659);
#2659=SURFACE_SIDE_STYLE('',(#2660));
#2660=SURFACE_STYLE_FILL_AREA(#2661);
#2661=FILL_AREA_STYLE('',(#2662));
#2662=FILL_AREA_STYLE_COLOUR('',#2663);
#2663=COLOUR_RGB('',0.615686274509804,0.811764705882353,0.929411764705882);
#2664=MANIFOLD_SOLID_BREP('Part 1',#2655);
#2665=SHAPE_DEFINITION_REPRESENTATION(#4253,#2666);
#2666=SHAPE_REPRESENTATION('Part 1',(#2667),#4248);
#2667=AXIS2_PLACEMENT_3D('',#3512,#2843,#2844);
#2668=AXIS2_PLACEMENT_3D('',#3513,#2845,#2846);
#2669=AXIS2_PLACEMENT_3D('',#3547,#2863,#2864);
#2670=AXIS2_PLACEMENT_3D('',#3551,#2866,#2867);
#2671=AXIS2_PLACEMENT_3D('',#3555,#2869,#2870);
#2672=AXIS2_PLACEMENT_3D('',#3559,#2872,#2873);
#2673=AXIS2_PLACEMENT_3D('',#3562,#2875,#2876);
#2674=AXIS2_PLACEMENT_3D('',#3564,#2877,#2878);
#2675=AXIS2_PLACEMENT_3D('',#3566,#2879,#2880);
#2676=AXIS2_PLACEMENT_3D('',#3568,#2881,#2882);
#2677=AXIS2_PLACEMENT_3D('',#3575,#2885,#2886);
#2678=AXIS2_PLACEMENT_3D('',#3588,#2893,#2894);
#2679=AXIS2_PLACEMENT_3D('',#3593,#2896,#2897);
#2680=AXIS2_PLACEMENT_3D('',#3596,#2899,#2900);
#2681=AXIS2_PLACEMENT_3D('',#3601,#2902,#2903);
#2682=AXIS2_PLACEMENT_3D('',#3604,#2905,#2906);
#2683=AXIS2_PLACEMENT_3D('',#3609,#2908,#2909);
#2684=AXIS2_PLACEMENT_3D('',#3676,#2943,#2944);
#2685=AXIS2_PLACEMENT_3D('',#3685,#2949,#2950);
#2686=AXIS2_PLACEMENT_3D('',#3691,#2954,#2955);
#2687=AXIS2_PLACEMENT_3D('',#3697,#2959,#2960);
#2688=AXIS2_PLACEMENT_3D('',#3700,#2963,#2964);
#2689=AXIS2_PLACEMENT_3D('',#3709,#2969,#2970);
#2690=AXIS2_PLACEMENT_3D('',#3715,#2974,#2975);
#2691=AXIS2_PLACEMENT_3D('',#3721,#2979,#2980);
#2692=AXIS2_PLACEMENT_3D('',#3724,#2983,#2984);
#2693=AXIS2_PLACEMENT_3D('',#3733,#2989,#2990);
#2694=AXIS2_PLACEMENT_3D('',#3739,#2994,#2995);
#2695=AXIS2_PLACEMENT_3D('',#3745,#2999,#3000);
#2696=AXIS2_PLACEMENT_3D('',#3748,#3003,#3004);
#2697=AXIS2_PLACEMENT_3D('',#3757,#3009,#3010);
#2698=AXIS2_PLACEMENT_3D('',#3763,#3014,#3015);
#2699=AXIS2_PLACEMENT_3D('',#3769,#3019,#3020);
#2700=AXIS2_PLACEMENT_3D('',#3772,#3023,#3024);
#2701=AXIS2_PLACEMENT_3D('',#3781,#3029,#3030);
#2702=AXIS2_PLACEMENT_3D('',#3787,#3034,#3035);
#2703=AXIS2_PLACEMENT_3D('',#3793,#3039,#3040);
#2704=AXIS2_PLACEMENT_3D('',#3796,#3043,#3044);
#2705=AXIS2_PLACEMENT_3D('',#3805,#3049,#3050);
#2706=AXIS2_PLACEMENT_3D('',#3811,#3054,#3055);
#2707=AXIS2_PLACEMENT_3D('',#3817,#3059,#3060);
#2708=AXIS2_PLACEMENT_3D('',#3820,#3063,#3064);
#2709=AXIS2_PLACEMENT_3D('',#3829,#3069,#3070);
#2710=AXIS2_PLACEMENT_3D('',#3835,#3074,#3075);
#2711=AXIS2_PLACEMENT_3D('',#3841,#3079,#3080);
#2712=AXIS2_PLACEMENT_3D('',#3844,#3083,#3084);
#2713=AXIS2_PLACEMENT_3D('',#3853,#3089,#3090);
#2714=AXIS2_PLACEMENT_3D('',#3859,#3094,#3095);
#2715=AXIS2_PLACEMENT_3D('',#3865,#3099,#3100);
#2716=AXIS2_PLACEMENT_3D('',#3868,#3103,#3104);
#2717=AXIS2_PLACEMENT_3D('',#3877,#3109,#3110);
#2718=AXIS2_PLACEMENT_3D('',#3883,#3114,#3115);
#2719=AXIS2_PLACEMENT_3D('',#3889,#3119,#3120);
#2720=AXIS2_PLACEMENT_3D('',#3892,#3123,#3124);
#2721=AXIS2_PLACEMENT_3D('',#3901,#3129,#3130);
#2722=AXIS2_PLACEMENT_3D('',#3903,#3131,#3132);
#2723=AXIS2_PLACEMENT_3D('',#3905,#3133,#3134);
#2724=AXIS2_PLACEMENT_3D('',#3907,#3135,#3136);
#2725=AXIS2_PLACEMENT_3D('',#3912,#3138,#3139);
#2726=AXIS2_PLACEMENT_3D('',#3916,#3141,#3142);
#2727=AXIS2_PLACEMENT_3D('',#3920,#3144,#3145);
#2728=AXIS2_PLACEMENT_3D('',#3924,#3147,#3148);
#2729=AXIS2_PLACEMENT_3D('',#3928,#3150,#3151);
#2730=AXIS2_PLACEMENT_3D('',#3932,#3153,#3154);
#2731=AXIS2_PLACEMENT_3D('',#3948,#3162,#3163);
#2732=AXIS2_PLACEMENT_3D('',#3952,#3165,#3166);
#2733=AXIS2_PLACEMENT_3D('',#3956,#3168,#3169);
#2734=AXIS2_PLACEMENT_3D('',#3960,#3171,#3172);
#2735=AXIS2_PLACEMENT_3D('',#3965,#3175,#3176);
#2736=AXIS2_PLACEMENT_3D('',#3968,#3179,#3180);
#2737=AXIS2_PLACEMENT_3D('',#3969,#3181,#3182);
#2738=AXIS2_PLACEMENT_3D('',#3971,#3183,#3184);
#2739=AXIS2_PLACEMENT_3D('',#3972,#3185,#3186);
#2740=AXIS2_PLACEMENT_3D('',#3974,#3187,#3188);
#2741=AXIS2_PLACEMENT_3D('',#3975,#3189,#3190);
#2742=AXIS2_PLACEMENT_3D('',#3977,#3191,#3192);
#2743=AXIS2_PLACEMENT_3D('',#3978,#3193,#3194);
#2744=AXIS2_PLACEMENT_3D('',#3980,#3195,#3196);
#2745=AXIS2_PLACEMENT_3D('',#3983,#3199,#3200);
#2746=AXIS2_PLACEMENT_3D('',#3985,#3202,#3203);
#2747=AXIS2_PLACEMENT_3D('',#3987,#3205,#3206);
#2748=AXIS2_PLACEMENT_3D('',#3989,#3208,#3209);
#2749=AXIS2_PLACEMENT_3D('',#3991,#3211,#3212);
#2750=AXIS2_PLACEMENT_3D('',#3993,#3214,#3215);
#2751=AXIS2_PLACEMENT_3D('',#3995,#3217,#3218);
#2752=AXIS2_PLACEMENT_3D('',#3996,#3219,#3220);
#2753=AXIS2_PLACEMENT_3D('',#3999,#3223,#3224);
#2754=AXIS2_PLACEMENT_3D('',#4001,#3226,#3227);
#2755=AXIS2_PLACEMENT_3D('',#4003,#3229,#3230);
#2756=AXIS2_PLACEMENT_3D('',#4004,#3231,#3232);
#2757=AXIS2_PLACEMENT_3D('',#4007,#3235,#3236);
#2758=AXIS2_PLACEMENT_3D('',#4009,#3238,#3239);
#2759=AXIS2_PLACEMENT_3D('',#4011,#3241,#3242);
#2760=AXIS2_PLACEMENT_3D('',#4012,#3243,#3244);
#2761=AXIS2_PLACEMENT_3D('',#4015,#3247,#3248);
#2762=AXIS2_PLACEMENT_3D('',#4017,#3250,#3251);
#2763=AXIS2_PLACEMENT_3D('',#4019,#3253,#3254);
#2764=AXIS2_PLACEMENT_3D('',#4020,#3255,#3256);
#2765=AXIS2_PLACEMENT_3D('',#4023,#3259,#3260);
#2766=AXIS2_PLACEMENT_3D('',#4025,#3262,#3263);
#2767=AXIS2_PLACEMENT_3D('',#4027,#3265,#3266);
#2768=AXIS2_PLACEMENT_3D('',#4028,#3267,#3268);
#2769=AXIS2_PLACEMENT_3D('',#4031,#3271,#3272);
#2770=AXIS2_PLACEMENT_3D('',#4033,#3274,#3275);
#2771=AXIS2_PLACEMENT_3D('',#4035,#3277,#3278);
#2772=AXIS2_PLACEMENT_3D('',#4036,#3279,#3280);
#2773=AXIS2_PLACEMENT_3D('',#4042,#3284,#3285);
#2774=AXIS2_PLACEMENT_3D('',#4046,#3288,#3289);
#2775=AXIS2_PLACEMENT_3D('',#4050,#3292,#3293);
#2776=AXIS2_PLACEMENT_3D('',#4054,#3296,#3297);
#2777=AXIS2_PLACEMENT_3D('',#4058,#3300,#3301);
#2778=AXIS2_PLACEMENT_3D('',#4062,#3304,#3305);
#2779=AXIS2_PLACEMENT_3D('',#4066,#3308,#3309);
#2780=AXIS2_PLACEMENT_3D('',#4070,#3312,#3313);
#2781=AXIS2_PLACEMENT_3D('',#4071,#3314,#3315);
#2782=AXIS2_PLACEMENT_3D('',#4072,#3316,#3317);
#2783=AXIS2_PLACEMENT_3D('',#4073,#3318,#3319);
#2784=AXIS2_PLACEMENT_3D('',#4074,#3320,#3321);
#2785=AXIS2_PLACEMENT_3D('',#4076,#3322,#3323);
#2786=AXIS2_PLACEMENT_3D('',#4077,#3324,#3325);
#2787=AXIS2_PLACEMENT_3D('',#4078,#3326,#3327);
#2788=AXIS2_PLACEMENT_3D('',#4080,#3328,#3329);
#2789=AXIS2_PLACEMENT_3D('',#4081,#3330,#3331);
#2790=AXIS2_PLACEMENT_3D('',#4082,#3332,#3333);
#2791=AXIS2_PLACEMENT_3D('',#4084,#3334,#3335);
#2792=AXIS2_PLACEMENT_3D('',#4085,#3336,#3337);
#2793=AXIS2_PLACEMENT_3D('',#4086,#3338,#3339);
#2794=AXIS2_PLACEMENT_3D('',#4088,#3340,#3341);
#2795=AXIS2_PLACEMENT_3D('',#4089,#3342,#3343);
#2796=AXIS2_PLACEMENT_3D('',#4092,#3346,#3347);
#2797=AXIS2_PLACEMENT_3D('',#4093,#3348,#3349);
#2798=AXIS2_PLACEMENT_3D('',#4094,#3350,#3351);
#2799=AXIS2_PLACEMENT_3D('',#4100,#3355,#3356);
#2800=AXIS2_PLACEMENT_3D('',#4104,#3359,#3360);
#2801=AXIS2_PLACEMENT_3D('',#4108,#3363,#3364);
#2802=AXIS2_PLACEMENT_3D('',#4110,#3366,#3367);
#2803=AXIS2_PLACEMENT_3D('',#4111,#3368,#3369);
#2804=AXIS2_PLACEMENT_3D('',#4117,#3373,#3374);
#2805=AXIS2_PLACEMENT_3D('',#4121,#3377,#3378);
#2806=AXIS2_PLACEMENT_3D('',#4125,#3381,#3382);
#2807=AXIS2_PLACEMENT_3D('',#4127,#3384,#3385);
#2808=AXIS2_PLACEMENT_3D('',#4128,#3386,#3387);
#2809=AXIS2_PLACEMENT_3D('',#4134,#3391,#3392);
#2810=AXIS2_PLACEMENT_3D('',#4138,#3395,#3396);
#2811=AXIS2_PLACEMENT_3D('',#4142,#3399,#3400);
#2812=AXIS2_PLACEMENT_3D('',#4144,#3402,#3403);
#2813=AXIS2_PLACEMENT_3D('',#4145,#3404,#3405);
#2814=AXIS2_PLACEMENT_3D('',#4151,#3409,#3410);
#2815=AXIS2_PLACEMENT_3D('',#4155,#3413,#3414);
#2816=AXIS2_PLACEMENT_3D('',#4159,#3417,#3418);
#2817=AXIS2_PLACEMENT_3D('',#4161,#3420,#3421);
#2818=AXIS2_PLACEMENT_3D('',#4162,#3422,#3423);
#2819=AXIS2_PLACEMENT_3D('',#4168,#3427,#3428);
#2820=AXIS2_PLACEMENT_3D('',#4172,#3431,#3432);
#2821=AXIS2_PLACEMENT_3D('',#4176,#3435,#3436);
#2822=AXIS2_PLACEMENT_3D('',#4178,#3438,#3439);
#2823=AXIS2_PLACEMENT_3D('',#4179,#3440,#3441);
#2824=AXIS2_PLACEMENT_3D('',#4185,#3445,#3446);
#2825=AXIS2_PLACEMENT_3D('',#4189,#3449,#3450);
#2826=AXIS2_PLACEMENT_3D('',#4193,#3453,#3454);
#2827=AXIS2_PLACEMENT_3D('',#4195,#3456,#3457);
#2828=AXIS2_PLACEMENT_3D('',#4196,#3458,#3459);
#2829=AXIS2_PLACEMENT_3D('',#4202,#3463,#3464);
#2830=AXIS2_PLACEMENT_3D('',#4206,#3467,#3468);
#2831=AXIS2_PLACEMENT_3D('',#4210,#3471,#3472);
#2832=AXIS2_PLACEMENT_3D('',#4212,#3474,#3475);
#2833=AXIS2_PLACEMENT_3D('',#4213,#3476,#3477);
#2834=AXIS2_PLACEMENT_3D('',#4219,#3481,#3482);
#2835=AXIS2_PLACEMENT_3D('',#4223,#3485,#3486);
#2836=AXIS2_PLACEMENT_3D('',#4227,#3489,#3490);
#2837=AXIS2_PLACEMENT_3D('',#4229,#3492,#3493);
#2838=AXIS2_PLACEMENT_3D('',#4230,#3494,#3495);
#2839=AXIS2_PLACEMENT_3D('',#4236,#3499,#3500);
#2840=AXIS2_PLACEMENT_3D('',#4240,#3503,#3504);
#2841=AXIS2_PLACEMENT_3D('',#4244,#3507,#3508);
#2842=AXIS2_PLACEMENT_3D('',#4246,#3510,#3511);
#2843=DIRECTION('',(0.,0.,1.));
#2844=DIRECTION('',(1.,0.,0.));
#2845=DIRECTION('',(0.,0.,1.));
#2846=DIRECTION('',(1.,0.,0.));
#2847=DIRECTION('',(9.63735264431559E-17,-1.,0.));
#2848=DIRECTION('',(1.,0.,0.));
#2849=DIRECTION('',(9.63735264431559E-17,-1.,0.));
#2850=DIRECTION('',(1.,0.,0.));
#2851=DIRECTION('',(0.,-1.,0.));
#2852=DIRECTION('',(1.,0.,0.));
#2853=DIRECTION('',(0.,-1.,0.));
#2854=DIRECTION('',(1.,0.,0.));
#2855=DIRECTION('',(0.,-1.,0.));
#2856=DIRECTION('',(1.,0.,0.));
#2857=DIRECTION('',(0.,-1.,0.));
#2858=DIRECTION('',(1.,0.,0.));
#2859=DIRECTION('',(0.,1.,0.));
#2860=DIRECTION('',(-1.,0.,0.));
#2861=DIRECTION('',(0.,1.,0.));
#2862=DIRECTION('',(1.,0.,0.));
#2863=DIRECTION('',(0.,0.,1.));
#2864=DIRECTION('',(2.7755575615629E-15,1.,-6.93889390390725E-16));
#2865=DIRECTION('',(-1.46081976924363E-16,-1.,0.));
#2866=DIRECTION('',(0.,0.,1.));
#2867=DIRECTION('',(-1.,2.77555756156291E-15,6.93889390390726E-16));
#2868=DIRECTION('',(1.,0.,0.));
#2869=DIRECTION('',(0.,0.,1.));
#2870=DIRECTION('',(-4.16333634234434E-15,-1.,6.93889390390724E-16));
#2871=DIRECTION('',(-1.46081976924363E-16,-1.,0.));
#2872=DIRECTION('',(0.,0.,1.));
#2873=DIRECTION('',(1.,-2.77555756156291E-15,6.93889390390726E-16));
#2874=DIRECTION('',(1.,0.,0.));
#2875=DIRECTION('',(0.,0.,1.));
#2876=DIRECTION('',(1.,0.,0.));
#2877=DIRECTION('',(0.,0.,1.));
#2878=DIRECTION('',(1.,0.,0.));
#2879=DIRECTION('',(0.,0.,1.));
#2880=DIRECTION('',(1.,0.,0.));
#2881=DIRECTION('',(0.,0.,1.));
#2882=DIRECTION('',(1.,0.,0.));
#2883=DIRECTION('',(0.,1.,0.));
#2884=DIRECTION('',(0.978820355650568,-0.204721057451584,0.));
#2885=DIRECTION('',(0.,0.,1.));
#2886=DIRECTION('',(0.204721057451582,0.978820355650569,0.));
#2887=DIRECTION('',(0.736735630964672,0.676180900400985,0.));
#2888=DIRECTION('',(0.453682715969479,-0.891163280903425,0.));
#2889=DIRECTION('',(-0.896195654770762,0.443659045179973,0.));
#2890=DIRECTION('',(0.,-1.,0.));
#2891=DIRECTION('',(-0.511941841163219,0.859020111095435,0.));
#2892=DIRECTION('',(-0.618633217175843,-0.785679923764548,0.));
#2893=DIRECTION('',(0.,0.,1.));
#2894=DIRECTION('',(-0.972436568404218,0.233167580144045,0.));
#2895=DIRECTION('',(0.704341341845804,0.709861447161946,0.));
#2896=DIRECTION('',(0.,0.,1.));
#2897=DIRECTION('',(0.969124615033381,-0.246571451178764,0.));
#2898=DIRECTION('',(0.706299766524147,0.70791287585969,0.));
#2899=DIRECTION('',(0.,0.,1.));
#2900=DIRECTION('',(0.813817475176102,-0.581120570190037,0.));
#2901=DIRECTION('',(0.694502810362919,0.719489990477982,0.));
#2902=DIRECTION('',(0.,0.,1.));
#2903=DIRECTION('',(-0.957714161347118,0.287721367220419,0.));
#2904=DIRECTION('',(0.704341341845804,0.709861447161946,0.));
#2905=DIRECTION('',(0.,0.,1.));
#2906=DIRECTION('',(-0.809418796864089,0.587231820734445,0.));
#2907=DIRECTION('',(0.694502810362921,0.719489990477981,0.));
#2908=DIRECTION('',(0.,0.,1.));
#2909=DIRECTION('',(0.883487644591425,-0.468454460811609,0.));
#2910=DIRECTION('',(0.694502810362919,0.719489990477982,0.));
#2911=DIRECTION('',(-1.5770213417971E-16,-1.,0.));
#2912=DIRECTION('',(1.,0.,0.));
#2913=DIRECTION('',(0.,-1.,0.));
#2914=DIRECTION('',(1.,0.,0.));
#2915=DIRECTION('',(-2.47817639425258E-16,-1.,0.));
#2916=DIRECTION('',(1.,0.,0.));
#2917=DIRECTION('',(0.,-1.,0.));
#2918=DIRECTION('',(1.,0.,0.));
#2919=DIRECTION('',(1.92747052886312E-16,-1.,0.));
#2920=DIRECTION('',(1.,0.,0.));
#2921=DIRECTION('',(0.,-1.,0.));
#2922=DIRECTION('',(1.,0.,0.));
#2923=DIRECTION('',(0.,-1.,0.));
#2924=DIRECTION('',(1.,0.,0.));
#2925=DIRECTION('',(9.63735264431559E-17,-1.,0.));
#2926=DIRECTION('',(1.,0.,0.));
#2927=DIRECTION('',(4.8186763221578E-17,-1.,0.));
#2928=DIRECTION('',(1.,0.,0.));
#2929=DIRECTION('',(9.63735264431559E-17,-1.,0.));
#2930=DIRECTION('',(1.,0.,0.));
#2931=DIRECTION('',(1.92747052886312E-16,-1.,0.));
#2932=DIRECTION('',(1.,0.,0.));
#2933=DIRECTION('',(0.,-1.,0.));
#2934=DIRECTION('',(1.,0.,0.));
#2935=DIRECTION('',(9.63735264431559E-17,-1.,0.));
#2936=DIRECTION('',(1.,0.,0.));
#2937=DIRECTION('',(9.63735264431559E-17,-1.,0.));
#2938=DIRECTION('',(1.,0.,0.));
#2939=DIRECTION('',(1.,0.,0.));
#2940=DIRECTION('',(9.63735264431559E-17,-1.,0.));
#2941=DIRECTION('',(1.,0.,0.));
#2942=DIRECTION('',(0.,-1.,0.));
#2943=DIRECTION('',(0.,-1.,0.));
#2944=DIRECTION('',(0.,0.,-1.));
#2945=DIRECTION('',(0.,0.,1.));
#2946=DIRECTION('',(1.,0.,0.));
#2947=DIRECTION('',(0.,0.,1.));
#2948=DIRECTION('',(1.,0.,0.));
#2949=DIRECTION('',(-1.,-6.19544098563145E-17,0.));
#2950=DIRECTION('',(6.19544098563145E-17,-1.,0.));
#2951=DIRECTION('',(6.19544098563145E-17,-1.,0.));
#2952=DIRECTION('',(0.,0.,1.));
#2953=DIRECTION('',(6.19544098563145E-17,-1.,0.));
#2954=DIRECTION('',(0.,-1.,0.));
#2955=DIRECTION('',(0.,0.,-1.));
#2956=DIRECTION('',(1.,0.,0.));
#2957=DIRECTION('',(0.,0.,1.));
#2958=DIRECTION('',(1.,0.,0.));
#2959=DIRECTION('',(-1.,-1.23908819712629E-16,0.));
#2960=DIRECTION('',(1.23908819712629E-16,-1.,0.));
#2961=DIRECTION('',(1.23908819712629E-16,-1.,0.));
#2962=DIRECTION('',(1.23908819712629E-16,-1.,0.));
#2963=DIRECTION('',(0.,-1.,0.));
#2964=DIRECTION('',(0.,0.,-1.));
#2965=DIRECTION('',(0.,0.,1.));
#2966=DIRECTION('',(1.,0.,0.));
#2967=DIRECTION('',(0.,0.,1.));
#2968=DIRECTION('',(1.,0.,0.));
#2969=DIRECTION('',(-1.,0.,0.));
#2970=DIRECTION('',(0.,0.,1.));
#2971=DIRECTION('',(0.,-1.,0.));
#2972=DIRECTION('',(0.,0.,1.));
#2973=DIRECTION('',(0.,-1.,0.));
#2974=DIRECTION('',(0.,-1.,0.));
#2975=DIRECTION('',(0.,0.,-1.));
#2976=DIRECTION('',(1.,0.,0.));
#2977=DIRECTION('',(0.,0.,1.));
#2978=DIRECTION('',(1.,0.,0.));
#2979=DIRECTION('',(-1.,0.,0.));
#2980=DIRECTION('',(0.,0.,1.));
#2981=DIRECTION('',(0.,-1.,0.));
#2982=DIRECTION('',(0.,-1.,0.));
#2983=DIRECTION('',(0.,-1.,0.));
#2984=DIRECTION('',(0.,0.,-1.));
#2985=DIRECTION('',(0.,0.,1.));
#2986=DIRECTION('',(1.,0.,0.));
#2987=DIRECTION('',(0.,0.,1.));
#2988=DIRECTION('',(1.,0.,0.));
#2989=DIRECTION('',(-1.,0.,0.));
#2990=DIRECTION('',(0.,0.,1.));
#2991=DIRECTION('',(0.,-1.,0.));
#2992=DIRECTION('',(0.,0.,1.));
#2993=DIRECTION('',(0.,-1.,0.));
#2994=DIRECTION('',(0.,-1.,0.));
#2995=DIRECTION('',(0.,0.,-1.));
#2996=DIRECTION('',(1.,0.,0.));
#2997=DIRECTION('',(0.,0.,1.));
#2998=DIRECTION('',(1.,0.,0.));
#2999=DIRECTION('',(-1.,0.,0.));
#3000=DIRECTION('',(0.,0.,1.));
#3001=DIRECTION('',(0.,-1.,0.));
#3002=DIRECTION('',(0.,-1.,0.));
#3003=DIRECTION('',(0.,-1.,0.));
#3004=DIRECTION('',(0.,0.,-1.));
#3005=DIRECTION('',(0.,0.,1.));
#3006=DIRECTION('',(1.,0.,0.));
#3007=DIRECTION('',(0.,0.,1.));
#3008=DIRECTION('',(1.,0.,0.));
#3009=DIRECTION('',(-1.,-2.47817639425258E-16,0.));
#3010=DIRECTION('',(2.47817639425258E-16,-1.,0.));
#3011=DIRECTION('',(2.47817639425258E-16,-1.,0.));
#3012=DIRECTION('',(0.,0.,1.));
#3013=DIRECTION('',(2.47817639425258E-16,-1.,0.));
#3014=DIRECTION('',(0.,-1.,0.));
#3015=DIRECTION('',(0.,0.,-1.));
#3016=DIRECTION('',(1.,0.,0.));
#3017=DIRECTION('',(0.,0.,1.));
#3018=DIRECTION('',(1.,0.,0.));
#3019=DIRECTION('',(-1.,0.,0.));
#3020=DIRECTION('',(0.,0.,1.));
#3021=DIRECTION('',(0.,-1.,0.));
#3022=DIRECTION('',(0.,-1.,0.));
#3023=DIRECTION('',(0.,-1.,0.));
#3024=DIRECTION('',(0.,0.,-1.));
#3025=DIRECTION('',(0.,0.,1.));
#3026=DIRECTION('',(1.,0.,0.));
#3027=DIRECTION('',(0.,0.,1.));
#3028=DIRECTION('',(1.,0.,0.));
#3029=DIRECTION('',(-1.,-6.19544098563146E-17,0.));
#3030=DIRECTION('',(6.19544098563146E-17,-1.,0.));
#3031=DIRECTION('',(6.19544098563146E-17,-1.,0.));
#3032=DIRECTION('',(0.,0.,1.));
#3033=DIRECTION('',(6.19544098563146E-17,-1.,0.));
#3034=DIRECTION('',(0.,-1.,0.));
#3035=DIRECTION('',(0.,0.,-1.));
#3036=DIRECTION('',(1.,0.,0.));
#3037=DIRECTION('',(0.,0.,1.));
#3038=DIRECTION('',(1.,0.,0.));
#3039=DIRECTION('',(-1.,-1.23908819712629E-16,0.));
#3040=DIRECTION('',(1.23908819712629E-16,-1.,0.));
#3041=DIRECTION('',(1.23908819712629E-16,-1.,0.));
#3042=DIRECTION('',(1.23908819712629E-16,-1.,0.));
#3043=DIRECTION('',(0.,-1.,0.));
#3044=DIRECTION('',(0.,0.,-1.));
#3045=DIRECTION('',(0.,0.,1.));
#3046=DIRECTION('',(1.,0.,0.));
#3047=DIRECTION('',(0.,0.,1.));
#3048=DIRECTION('',(1.,0.,0.));
#3049=DIRECTION('',(-1.,0.,0.));
#3050=DIRECTION('',(0.,0.,1.));
#3051=DIRECTION('',(0.,-1.,0.));
#3052=DIRECTION('',(0.,0.,1.));
#3053=DIRECTION('',(0.,-1.,0.));
#3054=DIRECTION('',(0.,-1.,0.));
#3055=DIRECTION('',(0.,0.,-1.));
#3056=DIRECTION('',(1.,0.,0.));
#3057=DIRECTION('',(0.,0.,1.));
#3058=DIRECTION('',(1.,0.,0.));
#3059=DIRECTION('',(-1.,0.,0.));
#3060=DIRECTION('',(0.,0.,1.));
#3061=DIRECTION('',(0.,-1.,0.));
#3062=DIRECTION('',(0.,-1.,0.));
#3063=DIRECTION('',(0.,-1.,0.));
#3064=DIRECTION('',(0.,0.,-1.));
#3065=DIRECTION('',(0.,0.,1.));
#3066=DIRECTION('',(1.,0.,0.));
#3067=DIRECTION('',(0.,0.,1.));
#3068=DIRECTION('',(1.,0.,0.));
#3069=DIRECTION('',(-1.,-2.47817639425258E-16,0.));
#3070=DIRECTION('',(2.47817639425258E-16,-1.,0.));
#3071=DIRECTION('',(2.47817639425258E-16,-1.,0.));
#3072=DIRECTION('',(0.,0.,1.));
#3073=DIRECTION('',(2.47817639425258E-16,-1.,0.));
#3074=DIRECTION('',(0.,-1.,0.));
#3075=DIRECTION('',(0.,0.,-1.));
#3076=DIRECTION('',(1.,0.,0.));
#3077=DIRECTION('',(0.,0.,1.));
#3078=DIRECTION('',(1.,0.,0.));
#3079=DIRECTION('',(-1.,0.,0.));
#3080=DIRECTION('',(0.,0.,1.));
#3081=DIRECTION('',(0.,-1.,0.));
#3082=DIRECTION('',(0.,-1.,0.));
#3083=DIRECTION('',(0.,-1.,0.));
#3084=DIRECTION('',(0.,0.,-1.));
#3085=DIRECTION('',(0.,0.,1.));
#3086=DIRECTION('',(1.,0.,0.));
#3087=DIRECTION('',(0.,0.,1.));
#3088=DIRECTION('',(1.,0.,0.));
#3089=DIRECTION('',(-1.,0.,0.));
#3090=DIRECTION('',(0.,0.,1.));
#3091=DIRECTION('',(0.,-1.,0.));
#3092=DIRECTION('',(0.,0.,1.));
#3093=DIRECTION('',(0.,-1.,0.));
#3094=DIRECTION('',(0.,-1.,0.));
#3095=DIRECTION('',(0.,0.,-1.));
#3096=DIRECTION('',(1.,0.,0.));
#3097=DIRECTION('',(0.,0.,1.));
#3098=DIRECTION('',(1.,0.,0.));
#3099=DIRECTION('',(-1.,0.,0.));
#3100=DIRECTION('',(0.,0.,1.));
#3101=DIRECTION('',(0.,-1.,0.));
#3102=DIRECTION('',(0.,-1.,0.));
#3103=DIRECTION('',(0.,-1.,0.));
#3104=DIRECTION('',(0.,0.,-1.));
#3105=DIRECTION('',(0.,0.,1.));
#3106=DIRECTION('',(1.,0.,0.));
#3107=DIRECTION('',(0.,0.,1.));
#3108=DIRECTION('',(1.,0.,0.));
#3109=DIRECTION('',(-1.,-6.19544098563145E-17,0.));
#3110=DIRECTION('',(6.19544098563145E-17,-1.,0.));
#3111=DIRECTION('',(6.19544098563145E-17,-1.,0.));
#3112=DIRECTION('',(0.,0.,1.));
#3113=DIRECTION('',(6.19544098563145E-17,-1.,0.));
#3114=DIRECTION('',(0.,-1.,0.));
#3115=DIRECTION('',(0.,0.,-1.));
#3116=DIRECTION('',(1.,0.,0.));
#3117=DIRECTION('',(0.,0.,1.));
#3118=DIRECTION('',(1.,0.,0.));
#3119=DIRECTION('',(-1.,-1.23908819712629E-16,0.));
#3120=DIRECTION('',(1.23908819712629E-16,-1.,0.));
#3121=DIRECTION('',(1.23908819712629E-16,-1.,0.));
#3122=DIRECTION('',(1.23908819712629E-16,-1.,0.));
#3123=DIRECTION('',(0.,0.,1.));
#3124=DIRECTION('',(1.,0.,0.));
#3125=DIRECTION('',(1.,0.,0.));
#3126=DIRECTION('',(-2.47817639425258E-16,-1.,0.));
#3127=DIRECTION('',(1.,0.,0.));
#3128=DIRECTION('',(0.,-1.,0.));
#3129=DIRECTION('',(0.,0.,1.));
#3130=DIRECTION('',(1.,0.,0.));
#3131=DIRECTION('',(0.,0.,1.));
#3132=DIRECTION('',(1.,0.,0.));
#3133=DIRECTION('',(0.,0.,1.));
#3134=DIRECTION('',(1.,0.,0.));
#3135=DIRECTION('',(0.,0.,1.));
#3136=DIRECTION('',(1.,0.,0.));
#3137=DIRECTION('',(0.694502810362921,0.719489990477981,0.));
#3138=DIRECTION('',(0.,0.,1.));
#3139=DIRECTION('',(-0.809418796864089,0.587231820734445,0.));
#3140=DIRECTION('',(0.694502810362919,0.719489990477982,0.));
#3141=DIRECTION('',(0.,0.,1.));
#3142=DIRECTION('',(0.883487644591425,-0.468454460811609,0.));
#3143=DIRECTION('',(0.694502810362919,0.719489990477982,0.));
#3144=DIRECTION('',(0.,0.,1.));
#3145=DIRECTION('',(0.813817475176102,-0.581120570190037,0.));
#3146=DIRECTION('',(0.704341341845804,0.709861447161946,0.));
#3147=DIRECTION('',(0.,0.,1.));
#3148=DIRECTION('',(-0.957714161347118,0.287721367220419,0.));
#3149=DIRECTION('',(0.704341341845804,0.709861447161946,0.));
#3150=DIRECTION('',(0.,0.,1.));
#3151=DIRECTION('',(-0.972436568404218,0.233167580144045,0.));
#3152=DIRECTION('',(0.706299766524147,0.70791287585969,0.));
#3153=DIRECTION('',(0.,0.,1.));
#3154=DIRECTION('',(0.969124615033381,-0.246571451178764,0.));
#3155=DIRECTION('',(1.,0.,0.));
#3156=DIRECTION('',(-1.5770213417971E-16,-1.,0.));
#3157=DIRECTION('',(1.,0.,0.));
#3158=DIRECTION('',(0.,-1.,0.));
#3159=DIRECTION('',(-1.,0.,0.));
#3160=DIRECTION('',(0.,1.,0.));
#3161=DIRECTION('',(1.,0.,0.));
#3162=DIRECTION('',(0.,0.,1.));
#3163=DIRECTION('',(1.,-2.77555756156291E-15,6.93889390390726E-16));
#3164=DIRECTION('',(-1.46081976924363E-16,-1.,0.));
#3165=DIRECTION('',(0.,0.,1.));
#3166=DIRECTION('',(-4.16333634234434E-15,-1.,6.93889390390724E-16));
#3167=DIRECTION('',(1.,0.,0.));
#3168=DIRECTION('',(0.,0.,1.));
#3169=DIRECTION('',(-1.,2.77555756156291E-15,6.93889390390726E-16));
#3170=DIRECTION('',(-1.46081976924363E-16,-1.,0.));
#3171=DIRECTION('',(0.,0.,1.));
#3172=DIRECTION('',(2.7755575615629E-15,1.,-6.93889390390725E-16));
#3173=DIRECTION('',(1.,0.,0.));
#3174=DIRECTION('',(0.,1.,0.));
#3175=DIRECTION('',(0.,1.,0.));
#3176=DIRECTION('',(0.,0.,1.));
#3177=DIRECTION('',(0.,0.,1.));
#3178=DIRECTION('',(0.,0.,-1.));
#3179=DIRECTION('',(0.,0.,1.));
#3180=DIRECTION('',(1.,0.,0.));
#3181=DIRECTION('',(0.,0.,1.));
#3182=DIRECTION('',(1.,0.,0.));
#3183=DIRECTION('',(0.,0.,1.));
#3184=DIRECTION('',(1.,0.,0.));
#3185=DIRECTION('',(0.,0.,1.));
#3186=DIRECTION('',(1.,0.,0.));
#3187=DIRECTION('',(0.,0.,1.));
#3188=DIRECTION('',(1.,0.,0.));
#3189=DIRECTION('',(0.,0.,1.));
#3190=DIRECTION('',(1.,0.,0.));
#3191=DIRECTION('',(0.,0.,1.));
#3192=DIRECTION('',(1.,0.,0.));
#3193=DIRECTION('',(0.,0.,1.));
#3194=DIRECTION('',(1.,0.,0.));
#3195=DIRECTION('',(0.,1.,0.));
#3196=DIRECTION('',(0.,0.,1.));
#3197=DIRECTION('',(0.,0.,1.));
#3198=DIRECTION('',(0.,0.,-1.));
#3199=DIRECTION('',(0.,0.,-1.));
#3200=DIRECTION('',(-1.,0.,0.));
#3201=DIRECTION('',(0.,0.,-1.));
#3202=DIRECTION('',(1.,-1.46081976924363E-16,0.));
#3203=DIRECTION('',(1.46081976924363E-16,1.,0.));
#3204=DIRECTION('',(0.,0.,-1.));
#3205=DIRECTION('',(0.,0.,-1.));
#3206=DIRECTION('',(-1.,0.,0.));
#3207=DIRECTION('',(0.,0.,-1.));
#3208=DIRECTION('',(0.,1.,0.));
#3209=DIRECTION('',(0.,0.,1.));
#3210=DIRECTION('',(0.,0.,-1.));
#3211=DIRECTION('',(0.,0.,-1.));
#3212=DIRECTION('',(-1.,0.,0.));
#3213=DIRECTION('',(0.,0.,-1.));
#3214=DIRECTION('',(1.,-1.46081976924363E-16,0.));
#3215=DIRECTION('',(1.46081976924363E-16,1.,0.));
#3216=DIRECTION('',(0.,0.,-1.));
#3217=DIRECTION('',(0.,0.,-1.));
#3218=DIRECTION('',(-1.,0.,0.));
#3219=DIRECTION('',(0.,0.,1.));
#3220=DIRECTION('',(1.,0.,0.));
#3221=DIRECTION('',(0.,0.,1.));
#3222=DIRECTION('',(0.,0.,1.));
#3223=DIRECTION('',(0.719489990477982,-0.694502810362919,0.));
#3224=DIRECTION('',(0.694502810362919,0.719489990477982,0.));
#3225=DIRECTION('',(0.,0.,1.));
#3226=DIRECTION('',(0.,0.,1.));
#3227=DIRECTION('',(1.,0.,0.));
#3228=DIRECTION('',(0.,0.,1.));
#3229=DIRECTION('',(0.719489990477981,-0.694502810362921,0.));
#3230=DIRECTION('',(0.694502810362921,0.719489990477981,0.));
#3231=DIRECTION('',(0.,0.,1.));
#3232=DIRECTION('',(1.,0.,0.));
#3233=DIRECTION('',(0.,0.,1.));
#3234=DIRECTION('',(0.,0.,1.));
#3235=DIRECTION('',(0.709861447161945,-0.704341341845804,0.));
#3236=DIRECTION('',(0.704341341845804,0.709861447161946,0.));
#3237=DIRECTION('',(0.,0.,1.));
#3238=DIRECTION('',(0.,0.,1.));
#3239=DIRECTION('',(1.,0.,0.));
#3240=DIRECTION('',(0.,0.,1.));
#3241=DIRECTION('',(0.719489990477982,-0.694502810362919,0.));
#3242=DIRECTION('',(0.694502810362919,0.719489990477982,0.));
#3243=DIRECTION('',(0.,0.,1.));
#3244=DIRECTION('',(1.,0.,0.));
#3245=DIRECTION('',(0.,0.,1.));
#3246=DIRECTION('',(0.,0.,1.));
#3247=DIRECTION('',(0.70791287585969,-0.706299766524146,0.));
#3248=DIRECTION('',(0.706299766524146,0.70791287585969,0.));
#3249=DIRECTION('',(0.,0.,1.));
#3250=DIRECTION('',(0.,0.,1.));
#3251=DIRECTION('',(1.,0.,0.));
#3252=DIRECTION('',(0.,0.,1.));
#3253=DIRECTION('',(0.709861447161946,-0.704341341845803,0.));
#3254=DIRECTION('',(0.704341341845804,0.709861447161947,0.));
#3255=DIRECTION('',(0.,-1.,0.));
#3256=DIRECTION('',(0.,0.,-1.));
#3257=DIRECTION('',(0.,0.,1.));
#3258=DIRECTION('',(0.,0.,1.));
#3259=DIRECTION('',(-1.,1.5770213417971E-16,0.));
#3260=DIRECTION('',(-1.5770213417971E-16,-1.,0.));
#3261=DIRECTION('',(0.,0.,1.));
#3262=DIRECTION('',(0.,-1.,0.));
#3263=DIRECTION('',(0.,0.,-1.));
#3264=DIRECTION('',(0.,0.,1.));
#3265=DIRECTION('',(-1.,0.,0.));
#3266=DIRECTION('',(0.,0.,1.));
#3267=DIRECTION('',(0.,-1.,0.));
#3268=DIRECTION('',(0.,0.,-1.));
#3269=DIRECTION('',(0.,0.,1.));
#3270=DIRECTION('',(0.,0.,1.));
#3271=DIRECTION('',(-1.,2.47817639425258E-16,0.));
#3272=DIRECTION('',(-2.47817639425258E-16,-1.,0.));
#3273=DIRECTION('',(0.,0.,1.));
#3274=DIRECTION('',(0.,-1.,0.));
#3275=DIRECTION('',(0.,0.,-1.));
#3276=DIRECTION('',(0.,0.,1.));
#3277=DIRECTION('',(-1.,0.,0.));
#3278=DIRECTION('',(0.,0.,1.));
#3279=DIRECTION('',(0.204721057451584,0.978820355650568,0.));
#3280=DIRECTION('',(-0.978820355650568,0.204721057451584,0.));
#3281=DIRECTION('',(0.,0.,-1.));
#3282=DIRECTION('',(0.978820355650568,-0.204721057451584,0.));
#3283=DIRECTION('',(0.,0.,-1.));
#3284=DIRECTION('',(-1.,0.,0.));
#3285=DIRECTION('',(0.,0.,1.));
#3286=DIRECTION('',(0.,0.,-1.));
#3287=DIRECTION('',(0.,1.,0.));
#3288=DIRECTION('',(0.785679923764548,-0.618633217175843,0.));
#3289=DIRECTION('',(0.618633217175843,0.785679923764548,0.));
#3290=DIRECTION('',(0.,0.,-1.));
#3291=DIRECTION('',(-0.618633217175843,-0.785679923764548,0.));
#3292=DIRECTION('',(-0.859020111095435,-0.511941841163219,0.));
#3293=DIRECTION('',(0.511941841163219,-0.859020111095435,0.));
#3294=DIRECTION('',(0.,0.,-1.));
#3295=DIRECTION('',(-0.511941841163219,0.859020111095435,0.));
#3296=DIRECTION('',(1.,0.,0.));
#3297=DIRECTION('',(0.,0.,-1.));
#3298=DIRECTION('',(0.,0.,-1.));
#3299=DIRECTION('',(0.,-1.,0.));
#3300=DIRECTION('',(-0.443659045179973,-0.896195654770762,0.));
#3301=DIRECTION('',(0.896195654770762,-0.443659045179973,0.));
#3302=DIRECTION('',(0.,0.,-1.));
#3303=DIRECTION('',(-0.896195654770762,0.443659045179973,0.));
#3304=DIRECTION('',(0.891163280903425,0.453682715969479,0.));
#3305=DIRECTION('',(-0.453682715969479,0.891163280903425,0.));
#3306=DIRECTION('',(0.,0.,-1.));
#3307=DIRECTION('',(0.453682715969479,-0.891163280903425,0.));
#3308=DIRECTION('',(-0.676180900400985,0.736735630964672,0.));
#3309=DIRECTION('',(-0.736735630964672,-0.676180900400985,0.));
#3310=DIRECTION('',(0.,0.,-1.));
#3311=DIRECTION('',(0.736735630964672,0.676180900400985,0.));
#3312=DIRECTION('',(0.,0.,-1.));
#3313=DIRECTION('',(-1.,0.,0.));
#3314=DIRECTION('',(0.,0.,1.));
#3315=DIRECTION('',(0.204721057451582,0.978820355650569,0.));
#3316=DIRECTION('',(0.,0.,1.));
#3317=DIRECTION('',(1.,0.,0.));
#3318=DIRECTION('',(0.,0.,1.));
#3319=DIRECTION('',(1.,0.,0.));
#3320=DIRECTION('',(0.,0.,1.));
#3321=DIRECTION('',(1.,0.,0.));
#3322=DIRECTION('',(0.,0.,1.));
#3323=DIRECTION('',(1.,0.,0.));
#3324=DIRECTION('',(0.,0.,1.));
#3325=DIRECTION('',(1.,0.,0.));
#3326=DIRECTION('',(0.,0.,1.));
#3327=DIRECTION('',(1.,0.,0.));
#3328=DIRECTION('',(0.,0.,1.));
#3329=DIRECTION('',(1.,0.,0.));
#3330=DIRECTION('',(0.,0.,1.));
#3331=DIRECTION('',(1.,0.,0.));
#3332=DIRECTION('',(0.,0.,1.));
#3333=DIRECTION('',(1.,0.,0.));
#3334=DIRECTION('',(0.,0.,1.));
#3335=DIRECTION('',(1.,0.,0.));
#3336=DIRECTION('',(0.,0.,1.));
#3337=DIRECTION('',(1.,0.,0.));
#3338=DIRECTION('',(0.,0.,1.));
#3339=DIRECTION('',(1.,0.,0.));
#3340=DIRECTION('',(0.,0.,1.));
#3341=DIRECTION('',(1.,0.,0.));
#3342=DIRECTION('',(0.,1.,0.));
#3343=DIRECTION('',(0.,0.,1.));
#3344=DIRECTION('',(0.,0.,1.));
#3345=DIRECTION('',(0.,0.,1.));
#3346=DIRECTION('',(1.,0.,0.));
#3347=DIRECTION('',(0.,0.,-1.));
#3348=DIRECTION('',(1.,0.,0.));
#3349=DIRECTION('',(0.,0.,-1.));
#3350=DIRECTION('',(-1.,-9.63735264431559E-17,0.));
#3351=DIRECTION('',(9.63735264431559E-17,-1.,0.));
#3352=DIRECTION('',(0.,0.,1.));
#3353=DIRECTION('',(9.63735264431559E-17,-1.,0.));
#3354=DIRECTION('',(0.,0.,1.));
#3355=DIRECTION('',(0.,-1.,0.));
#3356=DIRECTION('',(0.,0.,-1.));
#3357=DIRECTION('',(0.,0.,1.));
#3358=DIRECTION('',(1.,0.,0.));
#3359=DIRECTION('',(-1.,-9.63735264431559E-17,0.));
#3360=DIRECTION('',(9.63735264431559E-17,-1.,0.));
#3361=DIRECTION('',(0.,0.,1.));
#3362=DIRECTION('',(9.63735264431559E-17,-1.,0.));
#3363=DIRECTION('',(0.,-1.,0.));
#3364=DIRECTION('',(0.,0.,-1.));
#3365=DIRECTION('',(1.,0.,0.));
#3366=DIRECTION('',(0.,0.,1.));
#3367=DIRECTION('',(1.,0.,0.));
#3368=DIRECTION('',(-1.,-9.63735264431559E-17,0.));
#3369=DIRECTION('',(9.63735264431559E-17,-1.,0.));
#3370=DIRECTION('',(0.,0.,1.));
#3371=DIRECTION('',(9.63735264431559E-17,-1.,0.));
#3372=DIRECTION('',(0.,0.,1.));
#3373=DIRECTION('',(0.,-1.,0.));
#3374=DIRECTION('',(0.,0.,-1.));
#3375=DIRECTION('',(0.,0.,1.));
#3376=DIRECTION('',(1.,0.,0.));
#3377=DIRECTION('',(-1.,0.,0.));
#3378=DIRECTION('',(0.,0.,1.));
#3379=DIRECTION('',(0.,0.,1.));
#3380=DIRECTION('',(0.,-1.,0.));
#3381=DIRECTION('',(0.,-1.,0.));
#3382=DIRECTION('',(0.,0.,-1.));
#3383=DIRECTION('',(1.,0.,0.));
#3384=DIRECTION('',(0.,0.,1.));
#3385=DIRECTION('',(1.,0.,0.));
#3386=DIRECTION('',(-1.,-1.92747052886312E-16,0.));
#3387=DIRECTION('',(1.92747052886312E-16,-1.,0.));
#3388=DIRECTION('',(0.,0.,1.));
#3389=DIRECTION('',(1.92747052886312E-16,-1.,0.));
#3390=DIRECTION('',(0.,0.,1.));
#3391=DIRECTION('',(0.,-1.,0.));
#3392=DIRECTION('',(0.,0.,-1.));
#3393=DIRECTION('',(0.,0.,1.));
#3394=DIRECTION('',(1.,0.,0.));
#3395=DIRECTION('',(-1.,0.,0.));
#3396=DIRECTION('',(0.,0.,1.));
#3397=DIRECTION('',(0.,0.,1.));
#3398=DIRECTION('',(0.,-1.,0.));
#3399=DIRECTION('',(0.,-1.,0.));
#3400=DIRECTION('',(0.,0.,-1.));
#3401=DIRECTION('',(1.,0.,0.));
#3402=DIRECTION('',(0.,0.,1.));
#3403=DIRECTION('',(1.,0.,0.));
#3404=DIRECTION('',(-1.,0.,0.));
#3405=DIRECTION('',(0.,0.,1.));
#3406=DIRECTION('',(0.,0.,1.));
#3407=DIRECTION('',(0.,-1.,0.));
#3408=DIRECTION('',(0.,0.,1.));
#3409=DIRECTION('',(0.,-1.,0.));
#3410=DIRECTION('',(0.,0.,-1.));
#3411=DIRECTION('',(0.,0.,1.));
#3412=DIRECTION('',(1.,0.,0.));
#3413=DIRECTION('',(-1.,-9.63735264431559E-17,0.));
#3414=DIRECTION('',(9.63735264431559E-17,-1.,0.));
#3415=DIRECTION('',(0.,0.,1.));
#3416=DIRECTION('',(9.63735264431559E-17,-1.,0.));
#3417=DIRECTION('',(0.,-1.,0.));
#3418=DIRECTION('',(0.,0.,-1.));
#3419=DIRECTION('',(1.,0.,0.));
#3420=DIRECTION('',(0.,0.,1.));
#3421=DIRECTION('',(1.,0.,0.));
#3422=DIRECTION('',(-1.,-4.8186763221578E-17,0.));
#3423=DIRECTION('',(4.8186763221578E-17,-1.,0.));
#3424=DIRECTION('',(0.,0.,1.));
#3425=DIRECTION('',(4.8186763221578E-17,-1.,0.));
#3426=DIRECTION('',(0.,0.,1.));
#3427=DIRECTION('',(0.,-1.,0.));
#3428=DIRECTION('',(0.,0.,-1.));
#3429=DIRECTION('',(0.,0.,1.));
#3430=DIRECTION('',(1.,0.,0.));
#3431=DIRECTION('',(-1.,-9.63735264431559E-17,0.));
#3432=DIRECTION('',(9.63735264431559E-17,-1.,0.));
#3433=DIRECTION('',(0.,0.,1.));
#3434=DIRECTION('',(9.63735264431559E-17,-1.,0.));
#3435=DIRECTION('',(0.,-1.,0.));
#3436=DIRECTION('',(0.,0.,-1.));
#3437=DIRECTION('',(1.,0.,0.));
#3438=DIRECTION('',(0.,0.,1.));
#3439=DIRECTION('',(1.,0.,0.));
#3440=DIRECTION('',(-1.,-1.92747052886312E-16,0.));
#3441=DIRECTION('',(1.92747052886312E-16,-1.,0.));
#3442=DIRECTION('',(0.,0.,1.));
#3443=DIRECTION('',(1.92747052886312E-16,-1.,0.));
#3444=DIRECTION('',(0.,0.,1.));
#3445=DIRECTION('',(0.,-1.,0.));
#3446=DIRECTION('',(0.,0.,-1.));
#3447=DIRECTION('',(0.,0.,1.));
#3448=DIRECTION('',(1.,0.,0.));
#3449=DIRECTION('',(-1.,0.,0.));
#3450=DIRECTION('',(0.,0.,1.));
#3451=DIRECTION('',(0.,0.,1.));
#3452=DIRECTION('',(0.,-1.,0.));
#3453=DIRECTION('',(0.,-1.,0.));
#3454=DIRECTION('',(0.,0.,-1.));
#3455=DIRECTION('',(1.,0.,0.));
#3456=DIRECTION('',(0.,0.,1.));
#3457=DIRECTION('',(1.,0.,0.));
#3458=DIRECTION('',(-1.,0.,0.));
#3459=DIRECTION('',(0.,0.,1.));
#3460=DIRECTION('',(0.,0.,1.));
#3461=DIRECTION('',(0.,-1.,0.));
#3462=DIRECTION('',(0.,0.,1.));
#3463=DIRECTION('',(0.,-1.,0.));
#3464=DIRECTION('',(0.,0.,-1.));
#3465=DIRECTION('',(0.,0.,1.));
#3466=DIRECTION('',(1.,0.,0.));
#3467=DIRECTION('',(-1.,0.,0.));
#3468=DIRECTION('',(0.,0.,1.));
#3469=DIRECTION('',(0.,0.,1.));
#3470=DIRECTION('',(0.,-1.,0.));
#3471=DIRECTION('',(0.,-1.,0.));
#3472=DIRECTION('',(0.,0.,-1.));
#3473=DIRECTION('',(1.,0.,0.));
#3474=DIRECTION('',(0.,0.,1.));
#3475=DIRECTION('',(1.,0.,0.));
#3476=DIRECTION('',(0.,-1.,0.));
#3477=DIRECTION('',(0.,0.,-1.));
#3478=DIRECTION('',(0.,0.,1.));
#3479=DIRECTION('',(1.,0.,0.));
#3480=DIRECTION('',(0.,0.,1.));
#3481=DIRECTION('',(-1.,0.,0.));
#3482=DIRECTION('',(0.,0.,1.));
#3483=DIRECTION('',(0.,0.,1.));
#3484=DIRECTION('',(0.,-1.,0.));
#3485=DIRECTION('',(0.,-1.,0.));
#3486=DIRECTION('',(0.,0.,-1.));
#3487=DIRECTION('',(0.,0.,1.));
#3488=DIRECTION('',(1.,0.,0.));
#3489=DIRECTION('',(-1.,0.,0.));
#3490=DIRECTION('',(0.,0.,1.));
#3491=DIRECTION('',(0.,-1.,0.));
#3492=DIRECTION('',(0.,0.,1.));
#3493=DIRECTION('',(1.,0.,0.));
#3494=DIRECTION('',(-1.,-9.63735264431559E-17,0.));
#3495=DIRECTION('',(9.63735264431559E-17,-1.,0.));
#3496=DIRECTION('',(0.,0.,1.));
#3497=DIRECTION('',(9.63735264431559E-17,-1.,0.));
#3498=DIRECTION('',(0.,0.,1.));
#3499=DIRECTION('',(0.,-1.,0.));
#3500=DIRECTION('',(0.,0.,-1.));
#3501=DIRECTION('',(0.,0.,1.));
#3502=DIRECTION('',(1.,0.,0.));
#3503=DIRECTION('',(-1.,-9.63735264431559E-17,0.));
#3504=DIRECTION('',(9.63735264431559E-17,-1.,0.));
#3505=DIRECTION('',(0.,0.,1.));
#3506=DIRECTION('',(9.63735264431559E-17,-1.,0.));
#3507=DIRECTION('',(0.,-1.,0.));
#3508=DIRECTION('',(0.,0.,-1.));
#3509=DIRECTION('',(1.,0.,0.));
#3510=DIRECTION('',(0.,0.,1.));
#3511=DIRECTION('',(1.,0.,0.));
#3512=CARTESIAN_POINT('',(0.,0.,0.));
#3513=CARTESIAN_POINT('',(0.,0.,0.0156));
#3514=CARTESIAN_POINT('',(-0.0075,0.0075,0.0156));
#3515=CARTESIAN_POINT('',(-0.0075,0.0165,0.0156));
#3516=CARTESIAN_POINT('',(-0.0075,-0.0015,0.0156));
#3517=CARTESIAN_POINT('',(0.0015,0.0165,0.0156));
#3518=CARTESIAN_POINT('',(0.0105,0.0165,0.0156));
#3519=CARTESIAN_POINT('',(0.0105,0.0075,0.0156));
#3520=CARTESIAN_POINT('',(0.0105,-0.0015,0.0156));
#3521=CARTESIAN_POINT('',(0.0015,-0.0015,0.0156));
#3522=CARTESIAN_POINT('',(0.0185,0.007625,0.0156));
#3523=CARTESIAN_POINT('',(0.0185,0.016625,0.0156));
#3524=CARTESIAN_POINT('',(0.0185,-0.00137500000000001,0.0156));
#3525=CARTESIAN_POINT('',(0.0275,0.016625,0.0156));
#3526=CARTESIAN_POINT('',(0.0365,0.016625,0.0156));
#3527=CARTESIAN_POINT('',(0.0365,0.007625,0.0156));
#3528=CARTESIAN_POINT('',(0.0365,-0.00137500000000001,0.0156));
#3529=CARTESIAN_POINT('',(0.0275,-0.00137500000000001,0.0156));
#3530=CARTESIAN_POINT('',(-0.0335,0.0075,0.0156));
#3531=CARTESIAN_POINT('',(-0.0335,0.0165,0.0156));
#3532=CARTESIAN_POINT('',(-0.0335,-0.0015,0.0156));
#3533=CARTESIAN_POINT('',(-0.0245,0.0165,0.0156));
#3534=CARTESIAN_POINT('',(-0.0155,0.0165,0.0156));
#3535=CARTESIAN_POINT('',(-0.0155,0.0075,0.0156));
#3536=CARTESIAN_POINT('',(-0.0155,-0.0015,0.0156));
#3537=CARTESIAN_POINT('',(-0.0245,-0.0015,0.0156));
#3538=CARTESIAN_POINT('',(-0.0200721443473415,0.0494960714021518,0.0156));
#3539=CARTESIAN_POINT('',(-0.0200721443473415,0.0464921428043035,0.0156));
#3540=CARTESIAN_POINT('',(-0.0200721443473415,0.0525,0.0156));
#3541=CARTESIAN_POINT('',(-0.0275028026098882,0.0464921428043035,0.0156));
#3542=CARTESIAN_POINT('',(-0.0349334608724349,0.0464921428043035,0.0156));
#3543=CARTESIAN_POINT('',(-0.0349334608724349,0.0494960714021518,0.0156));
#3544=CARTESIAN_POINT('',(-0.0349334608724349,0.0525,0.0156));
#3545=CARTESIAN_POINT('',(6.93889390390723E-18,0.0525,0.0156));
#3546=CARTESIAN_POINT('',(-0.0475,0.0525,0.0156));
#3547=CARTESIAN_POINT('',(-0.0475,0.0475,0.0156));
#3548=CARTESIAN_POINT('',(-0.0525,0.0475,0.0156));
#3549=CARTESIAN_POINT('',(-0.0525,0.,0.0156));
#3550=CARTESIAN_POINT('',(-0.0525,-0.0475,0.0156));
#3551=CARTESIAN_POINT('',(-0.0475,-0.0475,0.0156));
#3552=CARTESIAN_POINT('',(-0.0475,-0.0525,0.0156));
#3553=CARTESIAN_POINT('',(-6.93889390390723E-18,-0.0525,0.0156));
#3554=CARTESIAN_POINT('',(0.0475,-0.0525,0.0156));
#3555=CARTESIAN_POINT('',(0.0475,-0.0475,0.0156));
#3556=CARTESIAN_POINT('',(0.0525,-0.0475,0.0156));
#3557=CARTESIAN_POINT('',(0.0525,0.,0.0156));
#3558=CARTESIAN_POINT('',(0.0525,0.0475,0.0156));
#3559=CARTESIAN_POINT('',(0.0475,0.0475,0.0156));
#3560=CARTESIAN_POINT('',(0.0475,0.0525,0.0156));
#3561=CARTESIAN_POINT('',(6.93889390390723E-18,0.0525,0.0156));
#3562=CARTESIAN_POINT('',(-0.043,-0.043377466,0.0156));
#3563=CARTESIAN_POINT('',(-0.04,-0.043377466,0.0156));
#3564=CARTESIAN_POINT('',(0.0429999999654216,-0.0433774659654216,0.0156));
#3565=CARTESIAN_POINT('',(0.0459999999654216,-0.0433774659654216,0.0156));
#3566=CARTESIAN_POINT('',(0.043,0.042622534,0.0156));
#3567=CARTESIAN_POINT('',(0.046,0.042622534,0.0156));
#3568=CARTESIAN_POINT('',(-0.043,0.042622534,0.0156));
#3569=CARTESIAN_POINT('',(-0.04,0.042622534,0.0156));
#3570=CARTESIAN_POINT('',(-0.0389827652139529,0.0061609178180505,0.0156));
#3571=CARTESIAN_POINT('',(-0.0389827652139529,0.0025675022930505,0.0156));
#3572=CARTESIAN_POINT('',(-0.0389827652139529,0.00975433334305049,0.0156));
#3573=CARTESIAN_POINT('',(-0.0397545342590513,0.00272891840389133,0.0156));
#3574=CARTESIAN_POINT('',(-0.0405263033041497,0.00289033451473216,0.0156));
#3575=CARTESIAN_POINT('',(-0.0416167961557894,-0.00232357271183036,0.0156));
#3576=CARTESIAN_POINT('',(-0.0452186261164271,0.00160081566871135,0.0156));
#3577=CARTESIAN_POINT('',(-0.0457995189749759,0.00106766830943986,0.0156));
#3578=CARTESIAN_POINT('',(-0.0463804118335247,0.000534520950168371,0.0156));
#3579=CARTESIAN_POINT('',(-0.0480106823485136,0.00373684091907667,0.0156));
#3580=CARTESIAN_POINT('',(-0.0496409528635025,0.00693916088798498,0.0156));
#3581=CARTESIAN_POINT('',(-0.0471191029010934,0.00569072641895628,0.0156));
#3582=CARTESIAN_POINT('',(-0.0445972529386843,0.00444229194992758,0.0156));
#3583=CARTESIAN_POINT('',(-0.0445972529386843,0.00683248215760999,0.0156));
#3584=CARTESIAN_POINT('',(-0.0445972529386843,0.0092226723652924,0.0156));
#3585=CARTESIAN_POINT('',(-0.0434780357867925,0.00734466598868237,0.0156));
#3586=CARTESIAN_POINT('',(-0.0423588186349007,0.00546665961207233,0.0156));
#3587=CARTESIAN_POINT('',(-0.0406707919244268,0.00761049647756141,0.0156));
#3588=CARTESIAN_POINT('',(-0.0346366317623577,0.0246551524707919,0.0156));
#3589=CARTESIAN_POINT('',(-0.036294672899054,0.025052712015737,0.0156));
#3590=CARTESIAN_POINT('',(-0.0334296135284604,0.0234508846493361,0.0156));
#3591=CARTESIAN_POINT('',(-0.035398541902487,0.0259558662227619,0.0156));
#3592=CARTESIAN_POINT('',(-0.0188148491260801,0.0426695296898236,0.0156));
#3593=CARTESIAN_POINT('',(-0.0175829768383512,0.0414472368274764,0.0156));
#3594=CARTESIAN_POINT('',(-0.0159011870167059,0.0410193441184604,0.0156));
#3595=CARTESIAN_POINT('',(-0.017021294007313,0.0398966789292965,0.0156));
#3596=CARTESIAN_POINT('',(-0.0165187786930193,0.0365393248615217,0.0156));
#3597=CARTESIAN_POINT('',(-0.0153690616106793,0.035718349315006,0.0156));
#3598=CARTESIAN_POINT('',(-0.0175216323509849,0.0375343800148202,0.0156));
#3599=CARTESIAN_POINT('',(-0.0221812718982656,0.0286610458141198,0.0156));
#3600=CARTESIAN_POINT('',(-0.026221142798611,0.0244758263560402,0.0156));
#3601=CARTESIAN_POINT('',(-0.0269420441303907,0.025966014724969,0.0156));
#3602=CARTESIAN_POINT('',(-0.0285274473191537,0.0264423096274323,0.0156));
#3603=CARTESIAN_POINT('',(-0.0233344241585369,0.0316760318540454,0.0156));
#3604=CARTESIAN_POINT('',(-0.0344265899383552,0.0306156613552444,0.0156));
#3605=CARTESIAN_POINT('',(-0.035558933052391,0.0314371741631103,0.0156));
#3606=CARTESIAN_POINT('',(-0.0332942468243194,0.0297941485473784,0.0156));
#3607=CARTESIAN_POINT('',(-0.0350306719791555,0.0319844412855478,0.0156));
#3608=CARTESIAN_POINT('',(-0.0253452095813963,0.0420183722421369,0.0156));
#3609=CARTESIAN_POINT('',(-0.0243287143808252,0.0410371789206732,0.0156));
#3610=CARTESIAN_POINT('',(-0.0230805233533247,0.0403753466264049,0.0156));
#3611=CARTESIAN_POINT('',(-0.028187385088822,0.0350847475868916,0.0156));
#3612=CARTESIAN_POINT('',(-0.0089,0.032,0.0156));
#3613=CARTESIAN_POINT('',(-0.0089,0.0375,0.0156));
#3614=CARTESIAN_POINT('',(-0.0089,0.0265,0.0156));
#3615=CARTESIAN_POINT('',(0.0061,0.0375,0.0156));
#3616=CARTESIAN_POINT('',(0.0195,0.0375,0.0156));
#3617=CARTESIAN_POINT('',(0.0195,0.03225,0.0156));
#3618=CARTESIAN_POINT('',(0.0195,0.0265,0.0156));
#3619=CARTESIAN_POINT('',(0.0061,0.0265,0.0156));
#3620=CARTESIAN_POINT('',(0.02665,0.0311,0.0156));
#3621=CARTESIAN_POINT('',(0.02665,0.0381,0.0156));
#3622=CARTESIAN_POINT('',(0.02665,0.0241,0.0156));
#3623=CARTESIAN_POINT('',(0.03385,0.0381,0.0156));
#3624=CARTESIAN_POINT('',(0.04105,0.0381,0.0156));
#3625=CARTESIAN_POINT('',(0.04105,0.0311,0.0156));
#3626=CARTESIAN_POINT('',(0.04105,0.0241,0.0156));
#3627=CARTESIAN_POINT('',(0.03385,0.0241,0.0156));
#3628=CARTESIAN_POINT('',(0.018325,-0.014,0.0156));
#3629=CARTESIAN_POINT('',(0.018325,-0.005,0.0156));
#3630=CARTESIAN_POINT('',(0.018325,-0.023,0.0156));
#3631=CARTESIAN_POINT('',(0.027325,-0.005,0.0156));
#3632=CARTESIAN_POINT('',(0.036325,-0.005,0.0156));
#3633=CARTESIAN_POINT('',(0.036325,-0.014,0.0156));
#3634=CARTESIAN_POINT('',(0.036325,-0.023,0.0156));
#3635=CARTESIAN_POINT('',(0.027325,-0.023,0.0156));
#3636=CARTESIAN_POINT('',(-0.0335,-0.035,0.0156));
#3637=CARTESIAN_POINT('',(-0.0335,-0.026,0.0156));
#3638=CARTESIAN_POINT('',(-0.0335,-0.044,0.0156));
#3639=CARTESIAN_POINT('',(-0.0245,-0.026,0.0156));
#3640=CARTESIAN_POINT('',(-0.0155,-0.026,0.0156));
#3641=CARTESIAN_POINT('',(-0.0155,-0.035,0.0156));
#3642=CARTESIAN_POINT('',(-0.0155,-0.044,0.0156));
#3643=CARTESIAN_POINT('',(-0.0245,-0.044,0.0156));
#3644=CARTESIAN_POINT('',(-0.0075,-0.035,0.0156));
#3645=CARTESIAN_POINT('',(-0.0075,-0.026,0.0156));
#3646=CARTESIAN_POINT('',(-0.0075,-0.044,0.0156));
#3647=CARTESIAN_POINT('',(0.0015,-0.026,0.0156));
#3648=CARTESIAN_POINT('',(0.0105,-0.026,0.0156));
#3649=CARTESIAN_POINT('',(0.0105,-0.035,0.0156));
#3650=CARTESIAN_POINT('',(0.0105,-0.044,0.0156));
#3651=CARTESIAN_POINT('',(0.0015,-0.044,0.0156));
#3652=CARTESIAN_POINT('',(0.01825,-0.03475,0.0156));
#3653=CARTESIAN_POINT('',(0.01825,-0.02575,0.0156));
#3654=CARTESIAN_POINT('',(0.01825,-0.04375,0.0156));
#3655=CARTESIAN_POINT('',(0.02725,-0.02575,0.0156));
#3656=CARTESIAN_POINT('',(0.03625,-0.02575,0.0156));
#3657=CARTESIAN_POINT('',(0.03625,-0.03475,0.0156));
#3658=CARTESIAN_POINT('',(0.03625,-0.04375,0.0156));
#3659=CARTESIAN_POINT('',(0.02725,-0.04375,0.0156));
#3660=CARTESIAN_POINT('',(-0.007375,-0.014,0.0156));
#3661=CARTESIAN_POINT('',(-0.007375,-0.005,0.0156));
#3662=CARTESIAN_POINT('',(-0.007375,-0.023,0.0156));
#3663=CARTESIAN_POINT('',(0.001625,-0.005,0.0156));
#3664=CARTESIAN_POINT('',(0.010625,-0.005,0.0156));
#3665=CARTESIAN_POINT('',(0.010625,-0.014,0.0156));
#3666=CARTESIAN_POINT('',(0.010625,-0.023,0.0156));
#3667=CARTESIAN_POINT('',(0.001625,-0.023,0.0156));
#3668=CARTESIAN_POINT('',(-0.0245,-0.005,0.0156));
#3669=CARTESIAN_POINT('',(-0.0335,-0.005,0.0156));
#3670=CARTESIAN_POINT('',(-0.0155,-0.005,0.0156));
#3671=CARTESIAN_POINT('',(-0.0155,-0.014,0.0156));
#3672=CARTESIAN_POINT('',(-0.0155,-0.023,0.0156));
#3673=CARTESIAN_POINT('',(-0.0245,-0.023,0.0156));
#3674=CARTESIAN_POINT('',(-0.0335,-0.023,0.0156));
#3675=CARTESIAN_POINT('',(-0.0335,-0.014,0.0156));
#3676=CARTESIAN_POINT('',(0.0015,0.0145,0.0126));
#3677=CARTESIAN_POINT('',(0.0085,0.0145,0.0126));
#3678=CARTESIAN_POINT('',(0.0085,0.0145,0.0126));
#3679=CARTESIAN_POINT('',(0.0085,0.0145,0.0141));
#3680=CARTESIAN_POINT('',(0.0015,0.0145,0.0141));
#3681=CARTESIAN_POINT('',(-0.0055,0.0145,0.0141));
#3682=CARTESIAN_POINT('',(-0.0055,0.0145,0.0126));
#3683=CARTESIAN_POINT('',(-0.0055,0.0145,0.0126));
#3684=CARTESIAN_POINT('',(0.0015,0.0145,0.0126));
#3685=CARTESIAN_POINT('',(-0.0055,0.0075,0.0126));
#3686=CARTESIAN_POINT('',(-0.0055,0.0075,0.0141));
#3687=CARTESIAN_POINT('',(-0.0055,0.00049999999999998,0.0141));
#3688=CARTESIAN_POINT('',(-0.0055,0.00049999999999998,0.0126));
#3689=CARTESIAN_POINT('',(-0.0055,0.00049999999999998,0.0126));
#3690=CARTESIAN_POINT('',(-0.0055,0.0075,0.0126));
#3691=CARTESIAN_POINT('',(0.0015,0.00049999999999998,0.0126));
#3692=CARTESIAN_POINT('',(0.0015,0.00049999999999998,0.0141));
#3693=CARTESIAN_POINT('',(0.0085,0.00049999999999998,0.0141));
#3694=CARTESIAN_POINT('',(0.0085,0.00049999999999998,0.0126));
#3695=CARTESIAN_POINT('',(0.0085,0.00049999999999998,0.0126));
#3696=CARTESIAN_POINT('',(0.0015,0.00049999999999998,0.0126));
#3697=CARTESIAN_POINT('',(0.0085,0.0075,0.0126));
#3698=CARTESIAN_POINT('',(0.0085,0.0075,0.0141));
#3699=CARTESIAN_POINT('',(0.0085,0.0075,0.0126));
#3700=CARTESIAN_POINT('',(-0.0245,0.0145,0.0126));
#3701=CARTESIAN_POINT('',(-0.0175,0.0145,0.0126));
#3702=CARTESIAN_POINT('',(-0.0175,0.0145,0.0126));
#3703=CARTESIAN_POINT('',(-0.0175,0.0145,0.0141));
#3704=CARTESIAN_POINT('',(-0.0245,0.0145,0.0141));
#3705=CARTESIAN_POINT('',(-0.0315,0.0145,0.0141));
#3706=CARTESIAN_POINT('',(-0.0315,0.0145,0.0126));
#3707=CARTESIAN_POINT('',(-0.0315,0.0145,0.0126));
#3708=CARTESIAN_POINT('',(-0.0245,0.0145,0.0126));
#3709=CARTESIAN_POINT('',(-0.0315,0.0075,0.0126));
#3710=CARTESIAN_POINT('',(-0.0315,0.0075,0.0141));
#3711=CARTESIAN_POINT('',(-0.0315,0.0005,0.0141));
#3712=CARTESIAN_POINT('',(-0.0315,0.0005,0.0126));
#3713=CARTESIAN_POINT('',(-0.0315,0.0005,0.0126));
#3714=CARTESIAN_POINT('',(-0.0315,0.0075,0.0126));
#3715=CARTESIAN_POINT('',(-0.0245,0.0005,0.0126));
#3716=CARTESIAN_POINT('',(-0.0245,0.0005,0.0141));
#3717=CARTESIAN_POINT('',(-0.0175,0.0005,0.0141));
#3718=CARTESIAN_POINT('',(-0.0175,0.0005,0.0126));
#3719=CARTESIAN_POINT('',(-0.0175,0.0005,0.0126));
#3720=CARTESIAN_POINT('',(-0.0245,0.0005,0.0126));
#3721=CARTESIAN_POINT('',(-0.0175,0.0075,0.0126));
#3722=CARTESIAN_POINT('',(-0.0175,0.0075,0.0141));
#3723=CARTESIAN_POINT('',(-0.0175,0.0075,0.0126));
#3724=CARTESIAN_POINT('',(0.0275,0.014625,0.0126));
#3725=CARTESIAN_POINT('',(0.0345,0.014625,0.0126));
#3726=CARTESIAN_POINT('',(0.0345,0.014625,0.0126));
#3727=CARTESIAN_POINT('',(0.0345,0.014625,0.0141));
#3728=CARTESIAN_POINT('',(0.0275,0.014625,0.0141));
#3729=CARTESIAN_POINT('',(0.0205,0.014625,0.0141));
#3730=CARTESIAN_POINT('',(0.0205,0.014625,0.0126));
#3731=CARTESIAN_POINT('',(0.0205,0.014625,0.0126));
#3732=CARTESIAN_POINT('',(0.0275,0.014625,0.0126));
#3733=CARTESIAN_POINT('',(0.0205,0.007625,0.0126));
#3734=CARTESIAN_POINT('',(0.0205,0.007625,0.0141));
#3735=CARTESIAN_POINT('',(0.0205,0.000624999999999987,0.0141));
#3736=CARTESIAN_POINT('',(0.0205,0.000624999999999987,0.0126));
#3737=CARTESIAN_POINT('',(0.0205,0.000624999999999987,0.0126));
#3738=CARTESIAN_POINT('',(0.0205,0.007625,0.0126));
#3739=CARTESIAN_POINT('',(0.0275,0.000624999999999987,0.0126));
#3740=CARTESIAN_POINT('',(0.0275,0.000624999999999987,0.0141));
#3741=CARTESIAN_POINT('',(0.0345,0.000624999999999987,0.0141));
#3742=CARTESIAN_POINT('',(0.0345,0.000624999999999987,0.0126));
#3743=CARTESIAN_POINT('',(0.0345,0.000624999999999987,0.0126));
#3744=CARTESIAN_POINT('',(0.0275,0.000624999999999987,0.0126));
#3745=CARTESIAN_POINT('',(0.0345,0.007625,0.0126));
#3746=CARTESIAN_POINT('',(0.0345,0.007625,0.0141));
#3747=CARTESIAN_POINT('',(0.0345,0.007625,0.0126));
#3748=CARTESIAN_POINT('',(0.02725,-0.02775,0.0126));
#3749=CARTESIAN_POINT('',(0.03425,-0.02775,0.0126));
#3750=CARTESIAN_POINT('',(0.03425,-0.02775,0.0126));
#3751=CARTESIAN_POINT('',(0.03425,-0.02775,0.0141));
#3752=CARTESIAN_POINT('',(0.02725,-0.02775,0.0141));
#3753=CARTESIAN_POINT('',(0.02025,-0.02775,0.0141));
#3754=CARTESIAN_POINT('',(0.02025,-0.02775,0.0126));
#3755=CARTESIAN_POINT('',(0.02025,-0.02775,0.0126));
#3756=CARTESIAN_POINT('',(0.02725,-0.02775,0.0126));
#3757=CARTESIAN_POINT('',(0.02025,-0.03475,0.0126));
#3758=CARTESIAN_POINT('',(0.02025,-0.03475,0.0141));
#3759=CARTESIAN_POINT('',(0.02025,-0.04175,0.0141));
#3760=CARTESIAN_POINT('',(0.02025,-0.04175,0.0126));
#3761=CARTESIAN_POINT('',(0.02025,-0.04175,0.0126));
#3762=CARTESIAN_POINT('',(0.02025,-0.03475,0.0126));
#3763=CARTESIAN_POINT('',(0.02725,-0.04175,0.0126));
#3764=CARTESIAN_POINT('',(0.02725,-0.04175,0.0141));
#3765=CARTESIAN_POINT('',(0.03425,-0.04175,0.0141));
#3766=CARTESIAN_POINT('',(0.03425,-0.04175,0.0126));
#3767=CARTESIAN_POINT('',(0.03425,-0.04175,0.0126));
#3768=CARTESIAN_POINT('',(0.02725,-0.04175,0.0126));
#3769=CARTESIAN_POINT('',(0.03425,-0.03475,0.0126));
#3770=CARTESIAN_POINT('',(0.03425,-0.03475,0.0141));
#3771=CARTESIAN_POINT('',(0.03425,-0.03475,0.0126));
#3772=CARTESIAN_POINT('',(0.0015,-0.028,0.0126));
#3773=CARTESIAN_POINT('',(0.0085,-0.028,0.0126));
#3774=CARTESIAN_POINT('',(0.0085,-0.028,0.0126));
#3775=CARTESIAN_POINT('',(0.0085,-0.028,0.0141));
#3776=CARTESIAN_POINT('',(0.0015,-0.028,0.0141));
#3777=CARTESIAN_POINT('',(-0.0055,-0.028,0.0141));
#3778=CARTESIAN_POINT('',(-0.0055,-0.028,0.0126));
#3779=CARTESIAN_POINT('',(-0.0055,-0.028,0.0126));
#3780=CARTESIAN_POINT('',(0.0015,-0.028,0.0126));
#3781=CARTESIAN_POINT('',(-0.0055,-0.035,0.0126));
#3782=CARTESIAN_POINT('',(-0.0055,-0.035,0.0141));
#3783=CARTESIAN_POINT('',(-0.0055,-0.042,0.0141));
#3784=CARTESIAN_POINT('',(-0.0055,-0.042,0.0126));
#3785=CARTESIAN_POINT('',(-0.0055,-0.042,0.0126));
#3786=CARTESIAN_POINT('',(-0.0055,-0.035,0.0126));
#3787=CARTESIAN_POINT('',(0.0015,-0.042,0.0126));
#3788=CARTESIAN_POINT('',(0.0015,-0.042,0.0141));
#3789=CARTESIAN_POINT('',(0.0085,-0.042,0.0141));
#3790=CARTESIAN_POINT('',(0.0085,-0.042,0.0126));
#3791=CARTESIAN_POINT('',(0.0085,-0.042,0.0126));
#3792=CARTESIAN_POINT('',(0.0015,-0.042,0.0126));
#3793=CARTESIAN_POINT('',(0.0085,-0.035,0.0126));
#3794=CARTESIAN_POINT('',(0.0085,-0.035,0.0141));
#3795=CARTESIAN_POINT('',(0.0085,-0.035,0.0126));
#3796=CARTESIAN_POINT('',(-0.0245,-0.028,0.0126));
#3797=CARTESIAN_POINT('',(-0.0175,-0.028,0.0126));
#3798=CARTESIAN_POINT('',(-0.0175,-0.028,0.0126));
#3799=CARTESIAN_POINT('',(-0.0175,-0.028,0.0141));
#3800=CARTESIAN_POINT('',(-0.0245,-0.028,0.0141));
#3801=CARTESIAN_POINT('',(-0.0315,-0.028,0.0141));
#3802=CARTESIAN_POINT('',(-0.0315,-0.028,0.0126));
#3803=CARTESIAN_POINT('',(-0.0315,-0.028,0.0126));
#3804=CARTESIAN_POINT('',(-0.0245,-0.028,0.0126));
#3805=CARTESIAN_POINT('',(-0.0315,-0.035,0.0126));
#3806=CARTESIAN_POINT('',(-0.0315,-0.035,0.0141));
#3807=CARTESIAN_POINT('',(-0.0315,-0.042,0.0141));
#3808=CARTESIAN_POINT('',(-0.0315,-0.042,0.0126));
#3809=CARTESIAN_POINT('',(-0.0315,-0.042,0.0126));
#3810=CARTESIAN_POINT('',(-0.0315,-0.035,0.0126));
#3811=CARTESIAN_POINT('',(-0.0245,-0.042,0.0126));
#3812=CARTESIAN_POINT('',(-0.0245,-0.042,0.0141));
#3813=CARTESIAN_POINT('',(-0.0175,-0.042,0.0141));
#3814=CARTESIAN_POINT('',(-0.0175,-0.042,0.0126));
#3815=CARTESIAN_POINT('',(-0.0175,-0.042,0.0126));
#3816=CARTESIAN_POINT('',(-0.0245,-0.042,0.0126));
#3817=CARTESIAN_POINT('',(-0.0175,-0.035,0.0126));
#3818=CARTESIAN_POINT('',(-0.0175,-0.035,0.0141));
#3819=CARTESIAN_POINT('',(-0.0175,-0.035,0.0126));
#3820=CARTESIAN_POINT('',(0.027325,-0.007,0.0126));
#3821=CARTESIAN_POINT('',(0.034325,-0.007,0.0126));
#3822=CARTESIAN_POINT('',(0.034325,-0.007,0.0126));
#3823=CARTESIAN_POINT('',(0.034325,-0.007,0.0141));
#3824=CARTESIAN_POINT('',(0.027325,-0.007,0.0141));
#3825=CARTESIAN_POINT('',(0.020325,-0.007,0.0141));
#3826=CARTESIAN_POINT('',(0.020325,-0.007,0.0126));
#3827=CARTESIAN_POINT('',(0.020325,-0.007,0.0126));
#3828=CARTESIAN_POINT('',(0.027325,-0.007,0.0126));
#3829=CARTESIAN_POINT('',(0.020325,-0.014,0.0126));
#3830=CARTESIAN_POINT('',(0.020325,-0.014,0.0141));
#3831=CARTESIAN_POINT('',(0.020325,-0.021,0.0141));
#3832=CARTESIAN_POINT('',(0.020325,-0.021,0.0126));
#3833=CARTESIAN_POINT('',(0.020325,-0.021,0.0126));
#3834=CARTESIAN_POINT('',(0.020325,-0.014,0.0126));
#3835=CARTESIAN_POINT('',(0.027325,-0.021,0.0126));
#3836=CARTESIAN_POINT('',(0.027325,-0.021,0.0141));
#3837=CARTESIAN_POINT('',(0.034325,-0.021,0.0141));
#3838=CARTESIAN_POINT('',(0.034325,-0.021,0.0126));
#3839=CARTESIAN_POINT('',(0.034325,-0.021,0.0126));
#3840=CARTESIAN_POINT('',(0.027325,-0.021,0.0126));
#3841=CARTESIAN_POINT('',(0.034325,-0.014,0.0126));
#3842=CARTESIAN_POINT('',(0.034325,-0.014,0.0141));
#3843=CARTESIAN_POINT('',(0.034325,-0.014,0.0126));
#3844=CARTESIAN_POINT('',(-0.0245,-0.007,0.0126));
#3845=CARTESIAN_POINT('',(-0.0175,-0.007,0.0126));
#3846=CARTESIAN_POINT('',(-0.0175,-0.007,0.0126));
#3847=CARTESIAN_POINT('',(-0.0175,-0.007,0.0141));
#3848=CARTESIAN_POINT('',(-0.0245,-0.007,0.0141));
#3849=CARTESIAN_POINT('',(-0.0315,-0.007,0.0141));
#3850=CARTESIAN_POINT('',(-0.0315,-0.007,0.0126));
#3851=CARTESIAN_POINT('',(-0.0315,-0.007,0.0126));
#3852=CARTESIAN_POINT('',(-0.0245,-0.007,0.0126));
#3853=CARTESIAN_POINT('',(-0.0315,-0.014,0.0126));
#3854=CARTESIAN_POINT('',(-0.0315,-0.014,0.0141));
#3855=CARTESIAN_POINT('',(-0.0315,-0.021,0.0141));
#3856=CARTESIAN_POINT('',(-0.0315,-0.021,0.0126));
#3857=CARTESIAN_POINT('',(-0.0315,-0.021,0.0126));
#3858=CARTESIAN_POINT('',(-0.0315,-0.014,0.0126));
#3859=CARTESIAN_POINT('',(-0.0245,-0.021,0.0126));
#3860=CARTESIAN_POINT('',(-0.0245,-0.021,0.0141));
#3861=CARTESIAN_POINT('',(-0.0175,-0.021,0.0141));
#3862=CARTESIAN_POINT('',(-0.0175,-0.021,0.0126));
#3863=CARTESIAN_POINT('',(-0.0175,-0.021,0.0126));
#3864=CARTESIAN_POINT('',(-0.0245,-0.021,0.0126));
#3865=CARTESIAN_POINT('',(-0.0175,-0.014,0.0126));
#3866=CARTESIAN_POINT('',(-0.0175,-0.014,0.0141));
#3867=CARTESIAN_POINT('',(-0.0175,-0.014,0.0126));
#3868=CARTESIAN_POINT('',(0.001625,-0.007,0.0126));
#3869=CARTESIAN_POINT('',(0.008625,-0.007,0.0126));
#3870=CARTESIAN_POINT('',(0.008625,-0.007,0.0126));
#3871=CARTESIAN_POINT('',(0.008625,-0.007,0.0141));
#3872=CARTESIAN_POINT('',(0.001625,-0.007,0.0141));
#3873=CARTESIAN_POINT('',(-0.005375,-0.007,0.0141));
#3874=CARTESIAN_POINT('',(-0.005375,-0.007,0.0126));
#3875=CARTESIAN_POINT('',(-0.005375,-0.007,0.0126));
#3876=CARTESIAN_POINT('',(0.001625,-0.007,0.0126));
#3877=CARTESIAN_POINT('',(-0.005375,-0.014,0.0126));
#3878=CARTESIAN_POINT('',(-0.005375,-0.014,0.0141));
#3879=CARTESIAN_POINT('',(-0.005375,-0.021,0.0141));
#3880=CARTESIAN_POINT('',(-0.005375,-0.021,0.0126));
#3881=CARTESIAN_POINT('',(-0.005375,-0.021,0.0126));
#3882=CARTESIAN_POINT('',(-0.005375,-0.014,0.0126));
#3883=CARTESIAN_POINT('',(0.001625,-0.021,0.0126));
#3884=CARTESIAN_POINT('',(0.001625,-0.021,0.0141));
#3885=CARTESIAN_POINT('',(0.008625,-0.021,0.0141));
#3886=CARTESIAN_POINT('',(0.008625,-0.021,0.0126));
#3887=CARTESIAN_POINT('',(0.008625,-0.021,0.0126));
#3888=CARTESIAN_POINT('',(0.001625,-0.021,0.0126));
#3889=CARTESIAN_POINT('',(0.008625,-0.014,0.0126));
#3890=CARTESIAN_POINT('',(0.008625,-0.014,0.0141));
#3891=CARTESIAN_POINT('',(0.008625,-0.014,0.0126));
#3892=CARTESIAN_POINT('',(0.,0.,0.0126));
#3893=CARTESIAN_POINT('',(0.03385,0.0381,0.0126));
#3894=CARTESIAN_POINT('',(0.02665,0.0381,0.0126));
#3895=CARTESIAN_POINT('',(0.04105,0.0381,0.0126));
#3896=CARTESIAN_POINT('',(0.02665,0.0311,0.0126));
#3897=CARTESIAN_POINT('',(0.02665,0.0241,0.0126));
#3898=CARTESIAN_POINT('',(0.03385,0.0241,0.0126));
#3899=CARTESIAN_POINT('',(0.04105,0.0241,0.0126));
#3900=CARTESIAN_POINT('',(0.04105,0.0311,0.0126));
#3901=CARTESIAN_POINT('',(-0.043,0.042622534,0.0126));
#3902=CARTESIAN_POINT('',(-0.0413,0.042622534,0.0126));
#3903=CARTESIAN_POINT('',(0.0429999999654216,-0.0433774659654216,0.0126));
#3904=CARTESIAN_POINT('',(0.0446999999654216,-0.0433774659654216,0.0126));
#3905=CARTESIAN_POINT('',(-0.043,-0.043377466,0.0126));
#3906=CARTESIAN_POINT('',(-0.0413,-0.043377466,0.0126));
#3907=CARTESIAN_POINT('',(0.043,0.042622534,0.0126));
#3908=CARTESIAN_POINT('',(0.0447,0.042622534,0.0126));
#3909=CARTESIAN_POINT('',(-0.0350306719791555,0.0319844412855478,0.0126));
#3910=CARTESIAN_POINT('',(-0.035558933052391,0.0314371741631103,0.0126));
#3911=CARTESIAN_POINT('',(-0.0253452095813963,0.0420183722421369,0.0126));
#3912=CARTESIAN_POINT('',(-0.0344265899383552,0.0306156613552444,0.0126));
#3913=CARTESIAN_POINT('',(-0.0332942468243194,0.0297941485473784,0.0126));
#3914=CARTESIAN_POINT('',(-0.028187385088822,0.0350847475868916,0.0126));
#3915=CARTESIAN_POINT('',(-0.0230805233533247,0.0403753466264049,0.0126));
#3916=CARTESIAN_POINT('',(-0.0243287143808252,0.0410371789206732,0.0126));
#3917=CARTESIAN_POINT('',(-0.0221812718982656,0.0286610458141198,0.0126));
#3918=CARTESIAN_POINT('',(-0.026221142798611,0.0244758263560402,0.0126));
#3919=CARTESIAN_POINT('',(-0.0153690616106793,0.035718349315006,0.0126));
#3920=CARTESIAN_POINT('',(-0.0165187786930193,0.0365393248615217,0.0126));
#3921=CARTESIAN_POINT('',(-0.0175216323509849,0.0375343800148202,0.0126));
#3922=CARTESIAN_POINT('',(-0.0233344241585369,0.0316760318540454,0.0126));
#3923=CARTESIAN_POINT('',(-0.0285274473191537,0.0264423096274323,0.0126));
#3924=CARTESIAN_POINT('',(-0.0269420441303907,0.025966014724969,0.0126));
#3925=CARTESIAN_POINT('',(-0.035398541902487,0.0259558662227619,0.0126));
#3926=CARTESIAN_POINT('',(-0.0362946728990539,0.025052712015737,0.0126));
#3927=CARTESIAN_POINT('',(-0.01881484912608,0.0426695296898236,0.0126));
#3928=CARTESIAN_POINT('',(-0.0346366317623577,0.0246551524707919,0.0126));
#3929=CARTESIAN_POINT('',(-0.0334296135284604,0.0234508846493361,0.0126));
#3930=CARTESIAN_POINT('',(-0.017021294007313,0.0398966789292965,0.0126));
#3931=CARTESIAN_POINT('',(-0.0159011870167059,0.0410193441184604,0.0126));
#3932=CARTESIAN_POINT('',(-0.0175829768383512,0.0414472368274764,0.0126));
#3933=CARTESIAN_POINT('',(0.0061,0.0375,0.0126));
#3934=CARTESIAN_POINT('',(-0.0089,0.0375,0.0126));
#3935=CARTESIAN_POINT('',(0.0195,0.0375,0.0126));
#3936=CARTESIAN_POINT('',(-0.0089,0.032,0.0126));
#3937=CARTESIAN_POINT('',(-0.0089,0.0265,0.0126));
#3938=CARTESIAN_POINT('',(0.0061,0.0265,0.0126));
#3939=CARTESIAN_POINT('',(0.0195,0.0265,0.0126));
#3940=CARTESIAN_POINT('',(0.0195,0.03225,0.0126));
#3941=CARTESIAN_POINT('',(0.,0.0464921428043035,0.0126));
#3942=CARTESIAN_POINT('',(-0.0200721443473415,0.0464921428043035,0.0126));
#3943=CARTESIAN_POINT('',(-0.0349334608724349,0.0464921428043035,0.0126));
#3944=CARTESIAN_POINT('',(-0.0200721443473415,0.,0.0126));
#3945=CARTESIAN_POINT('',(-0.0200721443473415,0.0525,0.0126));
#3946=CARTESIAN_POINT('',(6.93889390390723E-18,0.0525,0.0126));
#3947=CARTESIAN_POINT('',(0.0475,0.0525,0.0126));
#3948=CARTESIAN_POINT('',(0.0475,0.0475,0.0126));
#3949=CARTESIAN_POINT('',(0.0525,0.0475,0.0126));
#3950=CARTESIAN_POINT('',(0.0525,0.,0.0126));
#3951=CARTESIAN_POINT('',(0.0525,-0.0475,0.0126));
#3952=CARTESIAN_POINT('',(0.0475,-0.0475,0.0126));
#3953=CARTESIAN_POINT('',(0.0475,-0.0525,0.0126));
#3954=CARTESIAN_POINT('',(-6.93889390390723E-18,-0.0525,0.0126));
#3955=CARTESIAN_POINT('',(-0.0475,-0.0525,0.0126));
#3956=CARTESIAN_POINT('',(-0.0475,-0.0475,0.0126));
#3957=CARTESIAN_POINT('',(-0.0525,-0.0475,0.0126));
#3958=CARTESIAN_POINT('',(-0.0525,0.,0.0126));
#3959=CARTESIAN_POINT('',(-0.0525,0.0475,0.0126));
#3960=CARTESIAN_POINT('',(-0.0475,0.0475,0.0126));
#3961=CARTESIAN_POINT('',(-0.0475,0.0525,0.0126));
#3962=CARTESIAN_POINT('',(6.93889390390723E-18,0.0525,0.0126));
#3963=CARTESIAN_POINT('',(-0.0349334608724349,0.0525,0.0126));
#3964=CARTESIAN_POINT('',(-0.0349334608724349,0.,0.0126));
#3965=CARTESIAN_POINT('',(6.93889390390723E-18,0.0525,0.0156));
#3966=CARTESIAN_POINT('',(-0.0200721443473415,0.0525,0.01048));
#3967=CARTESIAN_POINT('',(0.0475,0.0525,0.0156));
#3968=CARTESIAN_POINT('',(-0.043,0.042622534,0.0126));
#3969=CARTESIAN_POINT('',(-0.043,0.042622534,0.0136));
#3970=CARTESIAN_POINT('',(-0.0413,0.042622534,0.0136));
#3971=CARTESIAN_POINT('',(0.0429999999654216,-0.0433774659654216,0.0126));
#3972=CARTESIAN_POINT('',(0.0429999999654216,-0.0433774659654216,0.0136));
#3973=CARTESIAN_POINT('',(0.0446999999654216,-0.0433774659654216,0.0136));
#3974=CARTESIAN_POINT('',(-0.043,-0.043377466,0.0126));
#3975=CARTESIAN_POINT('',(-0.043,-0.043377466,0.0136));
#3976=CARTESIAN_POINT('',(-0.0413,-0.043377466,0.0136));
#3977=CARTESIAN_POINT('',(0.043,0.042622534,0.0126));
#3978=CARTESIAN_POINT('',(0.043,0.042622534,0.0136));
#3979=CARTESIAN_POINT('',(0.0447,0.042622534,0.0136));
#3980=CARTESIAN_POINT('',(6.93889390390723E-18,0.0525,0.0156));
#3981=CARTESIAN_POINT('',(-0.0349334608724349,0.0525,0.01048));
#3982=CARTESIAN_POINT('',(-0.0475,0.0525,0.0156));
#3983=CARTESIAN_POINT('',(-0.0475,0.0475,0.0156));
#3984=CARTESIAN_POINT('',(-0.0525,0.0475,0.0156));
#3985=CARTESIAN_POINT('',(-0.0525,0.,0.0156));
#3986=CARTESIAN_POINT('',(-0.0525,-0.0475,0.0156));
#3987=CARTESIAN_POINT('',(-0.0475,-0.0475,0.0156));
#3988=CARTESIAN_POINT('',(-0.0475,-0.0525,0.0156));
#3989=CARTESIAN_POINT('',(-6.93889390390723E-18,-0.0525,0.0156));
#3990=CARTESIAN_POINT('',(0.0475,-0.0525,0.0156));
#3991=CARTESIAN_POINT('',(0.0475,-0.0475,0.0156));
#3992=CARTESIAN_POINT('',(0.0525,-0.0475,0.0156));
#3993=CARTESIAN_POINT('',(0.0525,0.,0.0156));
#3994=CARTESIAN_POINT('',(0.0525,0.0475,0.0156));
#3995=CARTESIAN_POINT('',(0.0475,0.0475,0.0156));
#3996=CARTESIAN_POINT('',(-0.0344265899383552,0.0306156613552444,0.0126));
#3997=CARTESIAN_POINT('',(-0.0332942468243194,0.0297941485473784,0.0126));
#3998=CARTESIAN_POINT('',(-0.035558933052391,0.0314371741631103,0.0126));
#3999=CARTESIAN_POINT('',(-0.028187385088822,0.0350847475868916,0.0126));
#4000=CARTESIAN_POINT('',(-0.0230805233533247,0.0403753466264049,0.0126));
#4001=CARTESIAN_POINT('',(-0.0243287143808252,0.0410371789206732,0.0126));
#4002=CARTESIAN_POINT('',(-0.0253452095813963,0.0420183722421369,0.0126));
#4003=CARTESIAN_POINT('',(-0.0350306719791555,0.0319844412855478,0.0126));
#4004=CARTESIAN_POINT('',(-0.0165187786930193,0.0365393248615217,0.0126));
#4005=CARTESIAN_POINT('',(-0.0175216323509849,0.0375343800148202,0.0126));
#4006=CARTESIAN_POINT('',(-0.0153690616106793,0.035718349315006,0.0126));
#4007=CARTESIAN_POINT('',(-0.0233344241585369,0.0316760318540454,0.0126));
#4008=CARTESIAN_POINT('',(-0.0285274473191537,0.0264423096274323,0.0126));
#4009=CARTESIAN_POINT('',(-0.0269420441303907,0.025966014724969,0.0126));
#4010=CARTESIAN_POINT('',(-0.026221142798611,0.0244758263560402,0.0126));
#4011=CARTESIAN_POINT('',(-0.0221812718982656,0.0286610458141198,0.0126));
#4012=CARTESIAN_POINT('',(-0.0346366317623577,0.0246551524707919,0.0126));
#4013=CARTESIAN_POINT('',(-0.0334296135284604,0.0234508846493361,0.0126));
#4014=CARTESIAN_POINT('',(-0.036294672899054,0.025052712015737,0.0126));
#4015=CARTESIAN_POINT('',(-0.017021294007313,0.0398966789292965,0.0126));
#4016=CARTESIAN_POINT('',(-0.0159011870167059,0.0410193441184604,0.0126));
#4017=CARTESIAN_POINT('',(-0.0175829768383512,0.0414472368274764,0.0126));
#4018=CARTESIAN_POINT('',(-0.01881484912608,0.0426695296898236,0.0126));
#4019=CARTESIAN_POINT('',(-0.035398541902487,0.0259558662227619,0.0126));
#4020=CARTESIAN_POINT('',(0.0061,0.0375,0.0126));
#4021=CARTESIAN_POINT('',(-0.0089,0.0375,0.0126));
#4022=CARTESIAN_POINT('',(0.0195,0.0375,0.0126));
#4023=CARTESIAN_POINT('',(-0.0089,0.032,0.0126));
#4024=CARTESIAN_POINT('',(-0.0089,0.0265,0.0126));
#4025=CARTESIAN_POINT('',(0.0061,0.0265,0.0126));
#4026=CARTESIAN_POINT('',(0.0195,0.0265,0.0126));
#4027=CARTESIAN_POINT('',(0.0195,0.03225,0.0126));
#4028=CARTESIAN_POINT('',(0.03385,0.0381,0.0126));
#4029=CARTESIAN_POINT('',(0.02665,0.0381,0.0126));
#4030=CARTESIAN_POINT('',(0.04105,0.0381,0.0126));
#4031=CARTESIAN_POINT('',(0.02665,0.0311,0.0126));
#4032=CARTESIAN_POINT('',(0.02665,0.0241,0.0126));
#4033=CARTESIAN_POINT('',(0.03385,0.0241,0.0126));
#4034=CARTESIAN_POINT('',(0.04105,0.0241,0.0126));
#4035=CARTESIAN_POINT('',(0.04105,0.0311,0.0126));
#4036=CARTESIAN_POINT('',(-0.0397545342590513,0.00272891840389133,0.0176));
#4037=CARTESIAN_POINT('',(-0.0389827652139529,0.0025675022930505,0.0176));
#4038=CARTESIAN_POINT('',(-0.0389827652139529,0.0025675022930505,0.0176));
#4039=CARTESIAN_POINT('',(-0.0397545342590513,0.00272891840389133,0.0176));
#4040=CARTESIAN_POINT('',(-0.0405263033041497,0.00289033451473216,0.0176));
#4041=CARTESIAN_POINT('',(-0.0405263033041497,0.00289033451473216,0.0176));
#4042=CARTESIAN_POINT('',(-0.0389827652139529,0.0061609178180505,0.0176));
#4043=CARTESIAN_POINT('',(-0.0389827652139529,0.0097543333430505,0.0176));
#4044=CARTESIAN_POINT('',(-0.0389827652139529,0.0097543333430505,0.0176));
#4045=CARTESIAN_POINT('',(-0.0389827652139529,0.0061609178180505,0.0176));
#4046=CARTESIAN_POINT('',(-0.0406707919244268,0.00761049647756141,0.0176));
#4047=CARTESIAN_POINT('',(-0.0423588186349007,0.00546665961207233,0.0176));
#4048=CARTESIAN_POINT('',(-0.0423588186349007,0.00546665961207233,0.0176));
#4049=CARTESIAN_POINT('',(-0.0406707919244268,0.00761049647756141,0.0176));
#4050=CARTESIAN_POINT('',(-0.0434780357867925,0.00734466598868237,0.0176));
#4051=CARTESIAN_POINT('',(-0.0445972529386843,0.0092226723652924,0.0176));
#4052=CARTESIAN_POINT('',(-0.0445972529386843,0.0092226723652924,0.0176));
#4053=CARTESIAN_POINT('',(-0.0434780357867925,0.00734466598868237,0.0176));
#4054=CARTESIAN_POINT('',(-0.0445972529386843,0.00683248215760999,0.0176));
#4055=CARTESIAN_POINT('',(-0.0445972529386843,0.00444229194992757,0.0176));
#4056=CARTESIAN_POINT('',(-0.0445972529386843,0.00444229194992757,0.0176));
#4057=CARTESIAN_POINT('',(-0.0445972529386843,0.00683248215760999,0.0176));
#4058=CARTESIAN_POINT('',(-0.0471191029010934,0.00569072641895628,0.0176));
#4059=CARTESIAN_POINT('',(-0.0496409528635025,0.00693916088798499,0.0176));
#4060=CARTESIAN_POINT('',(-0.0496409528635025,0.00693916088798499,0.0176));
#4061=CARTESIAN_POINT('',(-0.0471191029010934,0.00569072641895628,0.0176));
#4062=CARTESIAN_POINT('',(-0.0480106823485136,0.00373684091907667,0.0176));
#4063=CARTESIAN_POINT('',(-0.0463804118335247,0.000534520950168367,0.0176));
#4064=CARTESIAN_POINT('',(-0.0463804118335247,0.000534520950168367,0.0176));
#4065=CARTESIAN_POINT('',(-0.0480106823485136,0.00373684091907667,0.0176));
#4066=CARTESIAN_POINT('',(-0.0457995189749759,0.00106766830943986,0.0176));
#4067=CARTESIAN_POINT('',(-0.0452186261164271,0.00160081566871135,0.0176));
#4068=CARTESIAN_POINT('',(-0.0452186261164271,0.00160081566871135,0.0176));
#4069=CARTESIAN_POINT('',(-0.0457995189749759,0.00106766830943986,0.0176));
#4070=CARTESIAN_POINT('',(-0.0416167961557894,-0.00232357271183036,0.0176));
#4071=CARTESIAN_POINT('',(-0.0416167961557894,-0.00232357271183036,0.0176));
#4072=CARTESIAN_POINT('',(0.,0.,0.0176));
#4073=CARTESIAN_POINT('',(0.043,0.042622534,0.0136));
#4074=CARTESIAN_POINT('',(0.043,0.042622534,0.0136));
#4075=CARTESIAN_POINT('',(0.046,0.042622534,0.0136));
#4076=CARTESIAN_POINT('',(0.,0.,0.0136));
#4077=CARTESIAN_POINT('',(-0.043,-0.043377466,0.0136));
#4078=CARTESIAN_POINT('',(-0.043,-0.043377466,0.0136));
#4079=CARTESIAN_POINT('',(-0.04,-0.043377466,0.0136));
#4080=CARTESIAN_POINT('',(0.,0.,0.0136));
#4081=CARTESIAN_POINT('',(0.0429999999654216,-0.0433774659654216,0.0136));
#4082=CARTESIAN_POINT('',(0.0429999999654216,-0.0433774659654216,0.0136));
#4083=CARTESIAN_POINT('',(0.0459999999654216,-0.0433774659654216,0.0136));
#4084=CARTESIAN_POINT('',(0.,0.,0.0136));
#4085=CARTESIAN_POINT('',(-0.043,0.042622534,0.0136));
#4086=CARTESIAN_POINT('',(-0.043,0.042622534,0.0136));
#4087=CARTESIAN_POINT('',(-0.04,0.042622534,0.0136));
#4088=CARTESIAN_POINT('',(0.,0.,0.0136));
#4089=CARTESIAN_POINT('',(-0.0275028026098882,0.0464921428043035,0.01048));
#4090=CARTESIAN_POINT('',(-0.0349334608724349,0.0464921428043035,0.01048));
#4091=CARTESIAN_POINT('',(-0.0200721443473415,0.0464921428043035,0.01048));
#4092=CARTESIAN_POINT('',(-0.0200721443473415,0.0494960714021518,0.01048));
#4093=CARTESIAN_POINT('',(-0.0349334608724349,0.0494960714021518,0.01048));
#4094=CARTESIAN_POINT('',(-0.007375,-0.014,0.0141));
#4095=CARTESIAN_POINT('',(-0.007375,-0.023,0.0141));
#4096=CARTESIAN_POINT('',(-0.007375,-0.023,0.0141));
#4097=CARTESIAN_POINT('',(-0.007375,-0.014,0.0141));
#4098=CARTESIAN_POINT('',(-0.007375,-0.005,0.0141));
#4099=CARTESIAN_POINT('',(-0.007375,-0.005,0.0141));
#4100=CARTESIAN_POINT('',(0.001625,-0.023,0.0141));
#4101=CARTESIAN_POINT('',(0.010625,-0.023,0.0141));
#4102=CARTESIAN_POINT('',(0.010625,-0.023,0.0141));
#4103=CARTESIAN_POINT('',(0.001625,-0.023,0.0141));
#4104=CARTESIAN_POINT('',(0.010625,-0.014,0.0141));
#4105=CARTESIAN_POINT('',(0.010625,-0.005,0.0141));
#4106=CARTESIAN_POINT('',(0.010625,-0.005,0.0141));
#4107=CARTESIAN_POINT('',(0.010625,-0.014,0.0141));
#4108=CARTESIAN_POINT('',(0.001625,-0.005,0.0141));
#4109=CARTESIAN_POINT('',(0.001625,-0.005,0.0141));
#4110=CARTESIAN_POINT('',(0.0015,-0.0031875,0.0141));
#4111=CARTESIAN_POINT('',(-0.0155,-0.014,0.0141));
#4112=CARTESIAN_POINT('',(-0.0155,-0.005,0.0141));
#4113=CARTESIAN_POINT('',(-0.0155,-0.005,0.0141));
#4114=CARTESIAN_POINT('',(-0.0155,-0.014,0.0141));
#4115=CARTESIAN_POINT('',(-0.0155,-0.023,0.0141));
#4116=CARTESIAN_POINT('',(-0.0155,-0.023,0.0141));
#4117=CARTESIAN_POINT('',(-0.0245,-0.005,0.0141));
#4118=CARTESIAN_POINT('',(-0.0335,-0.005,0.0141));
#4119=CARTESIAN_POINT('',(-0.0335,-0.005,0.0141));
#4120=CARTESIAN_POINT('',(-0.0245,-0.005,0.0141));
#4121=CARTESIAN_POINT('',(-0.0335,-0.014,0.0141));
#4122=CARTESIAN_POINT('',(-0.0335,-0.023,0.0141));
#4123=CARTESIAN_POINT('',(-0.0335,-0.023,0.0141));
#4124=CARTESIAN_POINT('',(-0.0335,-0.014,0.0141));
#4125=CARTESIAN_POINT('',(-0.0245,-0.023,0.0141));
#4126=CARTESIAN_POINT('',(-0.0245,-0.023,0.0141));
#4127=CARTESIAN_POINT('',(0.0014125,-0.014,0.0141));
#4128=CARTESIAN_POINT('',(0.018325,-0.014,0.0141));
#4129=CARTESIAN_POINT('',(0.018325,-0.023,0.0141));
#4130=CARTESIAN_POINT('',(0.018325,-0.023,0.0141));
#4131=CARTESIAN_POINT('',(0.018325,-0.014,0.0141));
#4132=CARTESIAN_POINT('',(0.018325,-0.005,0.0141));
#4133=CARTESIAN_POINT('',(0.018325,-0.005,0.0141));
#4134=CARTESIAN_POINT('',(0.027325,-0.023,0.0141));
#4135=CARTESIAN_POINT('',(0.036325,-0.023,0.0141));
#4136=CARTESIAN_POINT('',(0.036325,-0.023,0.0141));
#4137=CARTESIAN_POINT('',(0.027325,-0.023,0.0141));
#4138=CARTESIAN_POINT('',(0.036325,-0.014,0.0141));
#4139=CARTESIAN_POINT('',(0.036325,-0.005,0.0141));
#4140=CARTESIAN_POINT('',(0.036325,-0.005,0.0141));
#4141=CARTESIAN_POINT('',(0.036325,-0.014,0.0141));
#4142=CARTESIAN_POINT('',(0.027325,-0.005,0.0141));
#4143=CARTESIAN_POINT('',(0.027325,-0.005,0.0141));
#4144=CARTESIAN_POINT('',(0.0014125,-0.014,0.0141));
#4145=CARTESIAN_POINT('',(-0.0335,-0.035,0.0141));
#4146=CARTESIAN_POINT('',(-0.0335,-0.044,0.0141));
#4147=CARTESIAN_POINT('',(-0.0335,-0.044,0.0141));
#4148=CARTESIAN_POINT('',(-0.0335,-0.035,0.0141));
#4149=CARTESIAN_POINT('',(-0.0335,-0.026,0.0141));
#4150=CARTESIAN_POINT('',(-0.0335,-0.026,0.0141));
#4151=CARTESIAN_POINT('',(-0.0245,-0.044,0.0141));
#4152=CARTESIAN_POINT('',(-0.0155,-0.044,0.0141));
#4153=CARTESIAN_POINT('',(-0.0155,-0.044,0.0141));
#4154=CARTESIAN_POINT('',(-0.0245,-0.044,0.0141));
#4155=CARTESIAN_POINT('',(-0.0155,-0.035,0.0141));
#4156=CARTESIAN_POINT('',(-0.0155,-0.026,0.0141));
#4157=CARTESIAN_POINT('',(-0.0155,-0.026,0.0141));
#4158=CARTESIAN_POINT('',(-0.0155,-0.035,0.0141));
#4159=CARTESIAN_POINT('',(-0.0245,-0.026,0.0141));
#4160=CARTESIAN_POINT('',(-0.0245,-0.026,0.0141));
#4161=CARTESIAN_POINT('',(0.,0.,0.0141));
#4162=CARTESIAN_POINT('',(-0.0075,-0.035,0.0141));
#4163=CARTESIAN_POINT('',(-0.0075,-0.044,0.0141));
#4164=CARTESIAN_POINT('',(-0.0075,-0.044,0.0141));
#4165=CARTESIAN_POINT('',(-0.0075,-0.035,0.0141));
#4166=CARTESIAN_POINT('',(-0.0075,-0.026,0.0141));
#4167=CARTESIAN_POINT('',(-0.0075,-0.026,0.0141));
#4168=CARTESIAN_POINT('',(0.0015,-0.044,0.0141));
#4169=CARTESIAN_POINT('',(0.0105,-0.044,0.0141));
#4170=CARTESIAN_POINT('',(0.0105,-0.044,0.0141));
#4171=CARTESIAN_POINT('',(0.0015,-0.044,0.0141));
#4172=CARTESIAN_POINT('',(0.0105,-0.035,0.0141));
#4173=CARTESIAN_POINT('',(0.0105,-0.026,0.0141));
#4174=CARTESIAN_POINT('',(0.0105,-0.026,0.0141));
#4175=CARTESIAN_POINT('',(0.0105,-0.035,0.0141));
#4176=CARTESIAN_POINT('',(0.0015,-0.026,0.0141));
#4177=CARTESIAN_POINT('',(0.0015,-0.026,0.0141));
#4178=CARTESIAN_POINT('',(0.,0.,0.0141));
#4179=CARTESIAN_POINT('',(0.01825,-0.03475,0.0141));
#4180=CARTESIAN_POINT('',(0.01825,-0.04375,0.0141));
#4181=CARTESIAN_POINT('',(0.01825,-0.04375,0.0141));
#4182=CARTESIAN_POINT('',(0.01825,-0.03475,0.0141));
#4183=CARTESIAN_POINT('',(0.01825,-0.02575,0.0141));
#4184=CARTESIAN_POINT('',(0.01825,-0.02575,0.0141));
#4185=CARTESIAN_POINT('',(0.02725,-0.04375,0.0141));
#4186=CARTESIAN_POINT('',(0.03625,-0.04375,0.0141));
#4187=CARTESIAN_POINT('',(0.03625,-0.04375,0.0141));
#4188=CARTESIAN_POINT('',(0.02725,-0.04375,0.0141));
#4189=CARTESIAN_POINT('',(0.03625,-0.03475,0.0141));
#4190=CARTESIAN_POINT('',(0.03625,-0.02575,0.0141));
#4191=CARTESIAN_POINT('',(0.03625,-0.02575,0.0141));
#4192=CARTESIAN_POINT('',(0.03625,-0.03475,0.0141));
#4193=CARTESIAN_POINT('',(0.02725,-0.02575,0.0141));
#4194=CARTESIAN_POINT('',(0.02725,-0.02575,0.0141));
#4195=CARTESIAN_POINT('',(0.,0.,0.0141));
#4196=CARTESIAN_POINT('',(0.0185,0.007625,0.0141));
#4197=CARTESIAN_POINT('',(0.0185,-0.00137500000000001,0.0141));
#4198=CARTESIAN_POINT('',(0.0185,-0.00137500000000001,0.0141));
#4199=CARTESIAN_POINT('',(0.0185,0.007625,0.0141));
#4200=CARTESIAN_POINT('',(0.0185,0.016625,0.0141));
#4201=CARTESIAN_POINT('',(0.0185,0.016625,0.0141));
#4202=CARTESIAN_POINT('',(0.0275,-0.00137500000000001,0.0141));
#4203=CARTESIAN_POINT('',(0.0365,-0.00137500000000001,0.0141));
#4204=CARTESIAN_POINT('',(0.0365,-0.00137500000000001,0.0141));
#4205=CARTESIAN_POINT('',(0.0275,-0.00137500000000001,0.0141));
#4206=CARTESIAN_POINT('',(0.0365,0.007625,0.0141));
#4207=CARTESIAN_POINT('',(0.0365,0.016625,0.0141));
#4208=CARTESIAN_POINT('',(0.0365,0.016625,0.0141));
#4209=CARTESIAN_POINT('',(0.0365,0.007625,0.0141));
#4210=CARTESIAN_POINT('',(0.0275,0.016625,0.0141));
#4211=CARTESIAN_POINT('',(0.0275,0.016625,0.0141));
#4212=CARTESIAN_POINT('',(0.,0.,0.0141));
#4213=CARTESIAN_POINT('',(-0.0245,0.0165,0.0141));
#4214=CARTESIAN_POINT('',(-0.0335,0.0165,0.0141));
#4215=CARTESIAN_POINT('',(-0.0335,0.0165,0.0141));
#4216=CARTESIAN_POINT('',(-0.0245,0.0165,0.0141));
#4217=CARTESIAN_POINT('',(-0.0155,0.0165,0.0141));
#4218=CARTESIAN_POINT('',(-0.0155,0.0165,0.0141));
#4219=CARTESIAN_POINT('',(-0.0335,0.0075,0.0141));
#4220=CARTESIAN_POINT('',(-0.0335,-0.0015,0.0141));
#4221=CARTESIAN_POINT('',(-0.0335,-0.0015,0.0141));
#4222=CARTESIAN_POINT('',(-0.0335,0.0075,0.0141));
#4223=CARTESIAN_POINT('',(-0.0245,-0.0015,0.0141));
#4224=CARTESIAN_POINT('',(-0.0155,-0.0015,0.0141));
#4225=CARTESIAN_POINT('',(-0.0155,-0.0015,0.0141));
#4226=CARTESIAN_POINT('',(-0.0245,-0.0015,0.0141));
#4227=CARTESIAN_POINT('',(-0.0155,0.0075,0.0141));
#4228=CARTESIAN_POINT('',(-0.0155,0.0075,0.0141));
#4229=CARTESIAN_POINT('',(-0.0115,0.0075,0.0141));
#4230=CARTESIAN_POINT('',(-0.0075,0.0075,0.0141));
#4231=CARTESIAN_POINT('',(-0.0075,-0.0015,0.0141));
#4232=CARTESIAN_POINT('',(-0.0075,-0.0015,0.0141));
#4233=CARTESIAN_POINT('',(-0.0075,0.0075,0.0141));
#4234=CARTESIAN_POINT('',(-0.0075,0.0165,0.0141));
#4235=CARTESIAN_POINT('',(-0.0075,0.0165,0.0141));
#4236=CARTESIAN_POINT('',(0.0015,-0.0015,0.0141));
#4237=CARTESIAN_POINT('',(0.0105,-0.0015,0.0141));
#4238=CARTESIAN_POINT('',(0.0105,-0.0015,0.0141));
#4239=CARTESIAN_POINT('',(0.0015,-0.0015,0.0141));
#4240=CARTESIAN_POINT('',(0.0105,0.0075,0.0141));
#4241=CARTESIAN_POINT('',(0.0105,0.0165,0.0141));
#4242=CARTESIAN_POINT('',(0.0105,0.0165,0.0141));
#4243=CARTESIAN_POINT('',(0.0105,0.0075,0.0141));
#4244=CARTESIAN_POINT('',(0.0015,0.0165,0.0141));
#4245=CARTESIAN_POINT('',(0.0015,0.0165,0.0141));
#4246=CARTESIAN_POINT('',(-0.0115,0.0075,0.0141));
#4247=MECHANICAL_DESIGN_GEOMETRIC_PRESENTATION_REPRESENTATION('',(#2656),
#4248);
#4248=(
GEOMETRIC_REPRESENTATION_CONTEXT(3)
GLOBAL_UNCERTAINTY_ASSIGNED_CONTEXT((#4249))
GLOBAL_UNIT_ASSIGNED_CONTEXT((#4252,#4251,#4250))
REPRESENTATION_CONTEXT('Part 1','TOP_LEVEL_ASSEMBLY_PART')
);
#4249=UNCERTAINTY_MEASURE_WITH_UNIT(LENGTH_MEASURE(1.E-8),#4252,
'DISTANCE_ACCURACY_VALUE','Maximum Tolerance applied to model');
#4250=(
NAMED_UNIT(*)
SI_UNIT($,.STERADIAN.)
SOLID_ANGLE_UNIT()
);
#4251=(
NAMED_UNIT(*)
PLANE_ANGLE_UNIT()
SI_UNIT($,.RADIAN.)
);
#4252=(
LENGTH_UNIT()
NAMED_UNIT(*)
SI_UNIT($,.METRE.)
);
#4253=PRODUCT_DEFINITION_SHAPE('','',#4254);
#4254=PRODUCT_DEFINITION('','',#4256,#4255);
#4255=PRODUCT_DEFINITION_CONTEXT('',#4262,'design');
#4256=PRODUCT_DEFINITION_FORMATION_WITH_SPECIFIED_SOURCE('','',#4258,
 .NOT_KNOWN.);
#4257=PRODUCT_RELATED_PRODUCT_CATEGORY('','',(#4258));
#4258=PRODUCT('Part 1','Part 1','Part 1',(#4260));
#4259=PRODUCT_CATEGORY('','');
#4260=PRODUCT_CONTEXT('',#4262,'mechanical');
#4261=APPLICATION_PROTOCOL_DEFINITION('international standard',
'ap242_managed_model_based_3d_engineering',2020,#4262);
#4262=APPLICATION_CONTEXT('managed model based 3d engineering');
ENDSEC;
END-ISO-10303-21;
